class,stream,favorite_subject,interest,skill,overall_marks,math_score,science_score,english_score,logical_reasoning,communication_skill,creativity_score,recommended_career
11,Commerce,Mathematics,Finance,Analysis,76,51,88,73,9,7,1,Financial Analyst
11,Commerce,Business Studies,Management,Communication,70,72,70,68,9,5,5,Business Manager
12,Commerce,Mathematics,Finance,Mathematics,62,71,99,72,2,3,1,Financial Analyst
11,Commerce,Mathematics,Finance,Mathematics,91,83,90,44,10,10,3,Financial Analyst
12,Science,Biology,Healthcare,Research,79,98,60,67,7,3,1,Doctor
11,Science,Mathematics,Programming,Problem Solving,55,48,94,71,3,8,2,Software Engineer
11,Commerce,Mathematics,Finance,Mathematics,83,41,58,70,1,4,8,Financial Analyst
12,Arts,English,Design,Creativity,56,65,65,43,8,7,2,Graphic Designer
11,Arts,History,Writing,Communication,97,98,63,95,4,5,10,Journalist
11,Commerce,Economics,Finance,Analysis,61,70,53,42,6,7,4,Financial Analyst
11,Science,Physics,Engineering,Problem Solving,59,98,83,92,5,4,3,Engineer
12,Arts,History,Writing,Writing,93,71,98,60,9,1,1,Journalist
12,Arts,History,Writing,Communication,76,89,90,65,5,7,1,Journalist
11,Arts,History,Government,Research,91,88,90,84,2,9,2,Civil Services
12,Commerce,Economics,Finance,Mathematics,74,57,75,48,9,8,6,Financial Analyst
11,Science,Chemistry,Healthcare,Research,74,56,62,86,7,5,7,Doctor
12,Science,Physics,Engineering,Problem Solving,93,69,90,92,5,10,7,Engineer
11,Science,Chemistry,Healthcare,Research,57,94,93,42,8,6,7,Doctor
12,Science,Computer Science,Artificial Intelligence,Programming,82,48,88,60,8,5,3,Data Scientist
11,Commerce,Economics,Finance,Mathematics,71,81,71,73,7,1,9,Financial Analyst
12,Science,Computer Science,Artificial Intelligence,Analysis,97,98,66,69,5,10,1,Data Scientist
12,Arts,English,Writing,Writing,61,44,59,62,4,10,8,Journalist
11,Commerce,Business Studies,Business,Leadership,87,76,52,82,5,10,9,Business Manager
12,Commerce,Accountancy,Finance,Mathematics,86,94,57,69,2,3,5,Chartered Accountant
11,Arts,History,Writing,Communication,70,72,41,89,9,6,3,Journalist
12,Commerce,Business Studies,Management,Leadership,86,43,66,68,5,8,9,Business Manager
12,Science,Mathematics,Technology,Programming,58,43,75,51,3,10,3,Data Scientist
12,Arts,English,Writing,Writing,87,59,76,42,1,2,7,Journalist
11,Arts,English,Writing,Writing,97,60,43,64,5,2,10,Journalist
12,Arts,English,Writing,Communication,74,65,94,52,1,9,1,Journalist
12,Commerce,Business Studies,Business,Leadership,68,52,95,99,9,1,6,Business Manager
11,Arts,English,Writing,Writing,90,56,43,69,2,4,3,Journalist
11,Science,Mathematics,Artificial Intelligence,Analysis,78,51,48,72,3,3,9,Data Scientist
11,Commerce,Accountancy,Finance,Mathematics,96,64,98,55,9,8,9,Chartered Accountant
12,Science,Mathematics,Programming,Programming,80,55,76,43,8,4,6,Software Engineer
12,Science,Computer Science,Programming,Problem Solving,88,95,65,57,9,2,9,Software Engineer
11,Science,Chemistry,Healthcare,Communication,64,46,100,55,4,6,6,Doctor
12,Science,Mathematics,Programming,Programming,77,70,58,84,6,3,1,Software Engineer
11,Arts,History,Government,Leadership,76,82,47,62,1,2,10,Civil Services
12,Arts,English,Design,Creativity,98,66,83,86,10,9,5,Graphic Designer
11,Science,Biology,Healthcare,Communication,78,79,56,82,9,9,6,Doctor
11,Science,Mathematics,Artificial Intelligence,Analysis,98,42,84,79,5,7,8,Data Scientist
12,Science,Chemistry,Healthcare,Communication,73,49,70,59,3,5,6,Doctor
12,Arts,History,Writing,Communication,56,90,99,98,3,4,10,Journalist
11,Commerce,Accountancy,Finance,Analysis,78,72,44,54,6,4,10,Chartered Accountant
11,Science,Physics,Engineering,Mathematics,100,71,81,55,9,3,1,Engineer
11,Science,Computer Science,Artificial Intelligence,Analysis,81,58,85,69,2,1,9,Data Scientist
12,Commerce,Mathematics,Finance,Mathematics,92,95,62,100,3,9,10,Financial Analyst
12,Science,Mathematics,Programming,Problem Solving,76,55,98,83,6,5,5,Software Engineer
11,Arts,History,Writing,Communication,72,77,100,94,1,3,10,Journalist
11,Science,Mathematics,Technology,Problem Solving,66,55,46,41,9,3,3,Software Engineer
12,Commerce,Business Studies,Management,Communication,95,54,69,44,3,6,3,Business Manager
11,Science,Biology,Healthcare,Research,94,53,95,88,6,10,4,Doctor
12,Arts,Political Science,Government,Research,55,87,47,51,8,9,4,Civil Services
12,Science,Mathematics,Engineering,Problem Solving,59,74,86,99,10,2,2,Engineer
11,Science,Computer Science,Technology,Analysis,98,88,89,41,6,8,1,Data Scientist
12,Arts,English,Design,Creativity,83,71,99,68,5,1,8,Graphic Designer
12,Science,Chemistry,Healthcare,Communication,67,81,63,76,9,5,8,Doctor
12,Commerce,Business Studies,Business,Communication,62,52,57,81,9,2,1,Business Manager
11,Commerce,Economics,Finance,Analysis,55,79,84,90,5,8,5,Financial Analyst
12,Arts,History,Government,Leadership,63,41,70,70,10,3,1,Civil Services
11,Science,Physics,Engineering,Problem Solving,80,40,46,92,8,5,1,Engineer
11,Science,Biology,Healthcare,Communication,63,54,64,43,2,6,5,Doctor
11,Science,Biology,Healthcare,Research,81,88,78,47,4,10,10,Doctor
12,Commerce,Economics,Finance,Mathematics,61,99,74,64,7,6,7,Chartered Accountant
11,Science,Chemistry,Healthcare,Research,61,55,57,62,1,3,10,Doctor
11,Arts,English,Design,Creativity,59,98,85,56,10,6,3,Graphic Designer
12,Science,Mathematics,Technology,Programming,87,66,85,40,10,4,3,Data Scientist
12,Science,Mathematics,Technology,Programming,68,54,63,41,3,9,10,Software Engineer
12,Arts,English,Writing,Writing,97,51,81,79,6,7,4,Journalist
11,Commerce,Business Studies,Business,Leadership,81,62,42,86,5,7,6,Business Manager
12,Arts,English,Design,Creativity,79,74,80,53,8,7,5,Graphic Designer
11,Science,Mathematics,Engineering,Problem Solving,86,45,86,64,5,2,9,Engineer
11,Commerce,Economics,Finance,Mathematics,92,45,43,90,2,7,1,Financial Analyst
11,Science,Computer Science,Technology,Programming,69,55,71,70,7,3,4,Data Scientist
11,Arts,English,Writing,Writing,70,85,64,59,2,2,5,Journalist
11,Arts,History,Government,Research,57,48,94,74,2,6,2,Civil Services
12,Commerce,Business Studies,Management,Leadership,57,81,88,91,8,7,7,Business Manager
12,Commerce,Business Studies,Business,Leadership,72,74,68,46,2,6,7,Business Manager
11,Science,Chemistry,Healthcare,Communication,89,80,91,75,6,8,10,Doctor
11,Commerce,Mathematics,Finance,Analysis,78,76,96,88,5,7,10,Financial Analyst
11,Arts,English,Design,Creativity,70,64,69,100,7,3,9,Graphic Designer
12,Science,Chemistry,Healthcare,Communication,79,41,67,87,9,3,3,Doctor
12,Science,Computer Science,Programming,Problem Solving,100,55,62,55,2,10,4,Software Engineer
11,Science,Mathematics,Technology,Analysis,87,51,82,74,1,8,7,Data Scientist
12,Arts,English,Design,Creativity,61,96,44,96,3,3,2,Graphic Designer
12,Commerce,Economics,Finance,Mathematics,88,62,94,61,2,5,9,Chartered Accountant
12,Commerce,Business Studies,Business,Leadership,72,72,89,52,3,3,7,Business Manager
11,Science,Computer Science,Technology,Analysis,89,65,86,46,4,9,3,Data Scientist
12,Science,Mathematics,Engineering,Problem Solving,79,44,40,91,2,4,5,Engineer
11,Arts,English,Design,Creativity,70,92,56,59,7,6,4,Graphic Designer
11,Arts,English,Design,Creativity,94,61,46,62,8,6,8,Graphic Designer
11,Commerce,Mathematics,Finance,Analysis,84,53,46,98,3,5,5,Financial Analyst
11,Science,Mathematics,Engineering,Mathematics,80,77,88,56,7,9,8,Engineer
12,Science,Computer Science,Technology,Programming,76,90,56,87,5,3,1,Data Scientist
12,Arts,Political Science,Government,Leadership,59,71,51,71,4,1,10,Civil Services
11,Science,Physics,Engineering,Mathematics,67,56,92,87,10,1,4,Engineer
11,Commerce,Accountancy,Finance,Mathematics,94,63,92,51,7,6,8,Chartered Accountant
12,Commerce,Business Studies,Management,Leadership,60,85,71,92,7,1,6,Business Manager
11,Science,Computer Science,Technology,Analysis,95,49,46,92,4,9,3,Data Scientist
11,Science,Biology,Healthcare,Communication,66,53,52,80,4,9,1,Doctor
11,Commerce,Mathematics,Finance,Mathematics,96,95,63,59,1,7,8,Financial Analyst
11,Commerce,Business Studies,Management,Leadership,60,58,85,84,1,3,5,Business Manager
12,Commerce,Accountancy,Finance,Analysis,60,49,51,76,1,4,8,Chartered Accountant
12,Commerce,Accountancy,Finance,Analysis,78,85,87,46,2,3,3,Chartered Accountant
12,Arts,English,Writing,Communication,96,87,77,74,8,2,7,Journalist
12,Science,Chemistry,Healthcare,Research,84,58,41,84,2,1,5,Doctor
12,Science,Mathematics,Engineering,Mathematics,75,47,81,47,2,9,4,Engineer
11,Science,Chemistry,Healthcare,Research,70,77,70,88,1,8,4,Doctor
12,Commerce,Business Studies,Management,Communication,76,99,60,90,5,4,8,Business Manager
12,Science,Computer Science,Programming,Programming,60,66,53,48,8,2,3,Software Engineer
11,Commerce,Business Studies,Management,Leadership,68,73,87,72,8,2,10,Business Manager
12,Science,Mathematics,Programming,Programming,80,68,95,97,7,3,4,Software Engineer
11,Commerce,Accountancy,Finance,Mathematics,57,47,91,79,7,10,5,Chartered Accountant
12,Commerce,Economics,Finance,Mathematics,67,66,50,41,6,5,6,Financial Analyst
11,Arts,English,Design,Creativity,69,69,100,41,7,6,7,Graphic Designer
12,Commerce,Mathematics,Finance,Mathematics,69,43,94,78,8,5,5,Financial Analyst
11,Science,Computer Science,Technology,Analysis,55,55,87,64,9,10,4,Data Scientist
12,Commerce,Mathematics,Finance,Mathematics,77,76,48,55,8,9,9,Financial Analyst
11,Commerce,Business Studies,Management,Communication,58,69,67,83,2,10,4,Business Manager
11,Arts,English,Design,Creativity,62,67,79,86,7,1,1,Graphic Designer
12,Science,Mathematics,Engineering,Mathematics,77,67,85,97,5,2,3,Engineer
11,Arts,English,Writing,Writing,91,82,94,67,2,5,2,Journalist
11,Arts,History,Government,Leadership,75,50,60,50,2,6,5,Civil Services
11,Arts,Political Science,Government,Research,99,53,57,52,5,4,4,Civil Services
12,Science,Computer Science,Technology,Problem Solving,98,55,91,59,3,2,3,Software Engineer
12,Science,Physics,Engineering,Mathematics,69,98,51,66,3,4,7,Engineer
12,Commerce,Economics,Finance,Mathematics,80,66,79,43,2,3,2,Chartered Accountant
12,Commerce,Economics,Finance,Analysis,67,83,78,71,6,8,7,Financial Analyst
11,Science,Physics,Engineering,Mathematics,61,80,77,58,2,6,1,Engineer
12,Commerce,Business Studies,Business,Leadership,92,95,52,40,4,8,10,Business Manager
11,Commerce,Accountancy,Finance,Mathematics,72,75,77,91,3,10,6,Chartered Accountant
12,Science,Chemistry,Healthcare,Communication,85,68,54,90,3,1,7,Doctor
12,Science,Physics,Engineering,Problem Solving,87,88,88,91,6,9,1,Engineer
11,Arts,English,Writing,Communication,82,57,74,46,4,2,8,Journalist
12,Science,Computer Science,Technology,Programming,72,79,70,89,2,1,8,Software Engineer
11,Arts,English,Writing,Communication,63,84,80,89,9,6,3,Journalist
11,Arts,English,Design,Creativity,89,52,70,89,5,8,2,Graphic Designer
12,Science,Computer Science,Programming,Problem Solving,59,81,50,60,9,7,8,Software Engineer
12,Science,Mathematics,Technology,Analysis,87,92,41,74,4,6,1,Data Scientist
12,Science,Mathematics,Artificial Intelligence,Analysis,55,75,89,88,2,6,5,Data Scientist
11,Arts,English,Writing,Communication,90,62,52,71,7,10,6,Journalist
11,Science,Physics,Engineering,Problem Solving,94,94,59,49,3,3,5,Engineer
12,Science,Mathematics,Technology,Problem Solving,80,93,85,42,7,2,3,Software Engineer
12,Science,Mathematics,Technology,Analysis,85,62,99,70,9,7,8,Data Scientist
12,Commerce,Economics,Finance,Analysis,80,93,84,53,10,7,5,Financial Analyst
11,Commerce,Mathematics,Finance,Mathematics,99,85,43,80,5,10,1,Financial Analyst
12,Science,Mathematics,Engineering,Problem Solving,63,41,52,51,4,6,9,Engineer
12,Commerce,Economics,Finance,Mathematics,94,47,78,81,10,1,2,Chartered Accountant
11,Arts,Political Science,Government,Leadership,78,55,94,87,4,7,7,Civil Services
12,Science,Mathematics,Technology,Problem Solving,92,100,51,69,2,4,9,Software Engineer
11,Arts,English,Design,Creativity,81,84,51,63,6,10,8,Graphic Designer
11,Arts,History,Government,Research,59,83,73,54,1,2,9,Civil Services
12,Arts,History,Writing,Communication,78,91,50,82,4,3,10,Journalist
12,Commerce,Mathematics,Finance,Analysis,59,65,81,51,2,6,10,Financial Analyst
11,Commerce,Economics,Finance,Analysis,72,95,57,85,9,9,7,Financial Analyst
11,Science,Mathematics,Engineering,Problem Solving,71,64,83,62,8,8,4,Engineer
11,Science,Mathematics,Programming,Programming,99,100,75,42,2,4,4,Software Engineer
12,Science,Chemistry,Healthcare,Communication,92,64,91,100,2,4,5,Doctor
11,Arts,English,Design,Creativity,80,75,42,68,3,4,2,Graphic Designer
12,Commerce,Economics,Finance,Mathematics,84,61,56,59,8,3,4,Chartered Accountant
11,Science,Computer Science,Technology,Programming,56,50,59,63,9,9,10,Data Scientist
11,Arts,History,Writing,Writing,67,70,45,66,2,1,2,Journalist
12,Science,Physics,Engineering,Mathematics,92,63,93,88,3,4,2,Engineer
12,Arts,English,Writing,Writing,84,52,83,65,10,9,6,Journalist
12,Science,Mathematics,Programming,Problem Solving,81,44,81,83,6,7,6,Software Engineer
12,Arts,English,Design,Creativity,77,96,56,77,3,9,8,Graphic Designer
12,Arts,English,Design,Creativity,68,80,72,95,2,5,9,Graphic Designer
11,Arts,English,Design,Creativity,85,100,43,46,6,4,3,Graphic Designer
12,Science,Chemistry,Healthcare,Communication,57,98,92,57,4,6,8,Doctor
11,Science,Computer Science,Technology,Problem Solving,73,76,68,98,5,6,6,Software Engineer
12,Arts,English,Writing,Communication,80,46,82,78,4,1,10,Journalist
11,Commerce,Economics,Finance,Analysis,70,56,93,87,1,4,6,Chartered Accountant
11,Commerce,Accountancy,Finance,Mathematics,56,71,87,46,5,3,7,Chartered Accountant
12,Science,Computer Science,Technology,Problem Solving,74,89,96,92,4,9,2,Software Engineer
12,Science,Chemistry,Healthcare,Research,86,77,68,43,8,6,3,Doctor
12,Science,Mathematics,Technology,Programming,89,66,74,74,1,2,5,Software Engineer
11,Science,Chemistry,Healthcare,Research,57,44,59,100,3,10,5,Doctor
12,Science,Computer Science,Artificial Intelligence,Programming,92,88,68,68,4,8,9,Data Scientist
12,Commerce,Accountancy,Finance,Analysis,65,91,81,64,7,6,9,Chartered Accountant
11,Science,Biology,Healthcare,Communication,70,50,90,78,5,1,1,Doctor
11,Arts,English,Design,Creativity,64,88,92,78,5,4,10,Graphic Designer
11,Commerce,Business Studies,Business,Communication,77,54,41,77,4,4,3,Business Manager
11,Science,Mathematics,Technology,Analysis,74,66,54,61,8,6,9,Data Scientist
11,Arts,English,Design,Creativity,88,81,73,84,4,4,8,Graphic Designer
11,Science,Mathematics,Technology,Programming,61,71,78,49,2,2,8,Software Engineer
12,Arts,History,Government,Leadership,74,44,74,52,1,4,10,Civil Services
12,Commerce,Business Studies,Business,Communication,63,94,50,84,7,5,10,Business Manager
11,Science,Mathematics,Programming,Programming,60,85,83,74,7,2,5,Software Engineer
11,Science,Computer Science,Artificial Intelligence,Analysis,82,74,47,55,3,7,5,Data Scientist
11,Arts,English,Writing,Communication,87,58,64,97,6,6,9,Journalist
12,Science,Mathematics,Programming,Problem Solving,68,49,54,61,5,6,7,Software Engineer
12,Arts,History,Writing,Communication,99,45,97,62,4,6,5,Journalist
12,Arts,Political Science,Government,Leadership,65,91,46,96,2,5,5,Civil Services
11,Science,Computer Science,Artificial Intelligence,Analysis,78,91,47,47,9,6,6,Data Scientist
12,Commerce,Economics,Finance,Analysis,80,75,52,42,1,1,2,Chartered Accountant
12,Arts,History,Writing,Communication,74,91,90,79,9,1,6,Journalist
12,Commerce,Accountancy,Finance,Mathematics,86,94,44,98,1,10,9,Chartered Accountant
11,Commerce,Business Studies,Business,Leadership,98,72,85,91,8,3,7,Business Manager
12,Commerce,Accountancy,Finance,Mathematics,64,69,43,42,9,9,5,Chartered Accountant
11,Commerce,Economics,Finance,Mathematics,63,63,54,77,8,7,6,Financial Analyst
12,Commerce,Economics,Finance,Mathematics,77,46,41,85,9,4,8,Chartered Accountant
11,Arts,History,Government,Research,88,76,87,64,6,3,9,Civil Services
12,Science,Physics,Engineering,Mathematics,69,87,62,80,6,1,10,Engineer
12,Science,Mathematics,Engineering,Problem Solving,96,57,71,80,4,7,2,Engineer
11,Commerce,Mathematics,Finance,Analysis,99,77,74,55,3,7,8,Financial Analyst
11,Science,Computer Science,Technology,Problem Solving,84,67,73,45,10,9,9,Software Engineer
12,Arts,Political Science,Government,Research,77,46,96,69,10,7,1,Civil Services
11,Commerce,Accountancy,Finance,Mathematics,63,90,43,77,10,2,9,Chartered Accountant
11,Science,Computer Science,Technology,Programming,76,92,86,47,2,3,7,Data Scientist
11,Commerce,Economics,Finance,Mathematics,73,52,100,61,10,2,1,Chartered Accountant
12,Commerce,Accountancy,Finance,Analysis,63,92,46,99,3,3,7,Chartered Accountant
12,Science,Mathematics,Engineering,Problem Solving,88,59,88,50,6,9,8,Engineer
12,Arts,History,Writing,Writing,68,60,70,85,10,4,8,Journalist
12,Science,Mathematics,Programming,Problem Solving,86,88,97,41,6,4,6,Software Engineer
11,Commerce,Business Studies,Management,Communication,55,94,98,62,9,8,5,Business Manager
11,Arts,Political Science,Government,Leadership,77,52,60,84,6,5,6,Civil Services
11,Commerce,Economics,Finance,Analysis,61,40,67,97,7,4,3,Chartered Accountant
12,Science,Biology,Healthcare,Communication,90,75,82,59,5,2,9,Doctor
11,Arts,English,Design,Creativity,84,93,100,99,10,7,9,Graphic Designer
11,Science,Mathematics,Artificial Intelligence,Analysis,95,58,65,71,9,8,1,Data Scientist
12,Science,Computer Science,Artificial Intelligence,Analysis,71,48,53,62,8,5,5,Data Scientist
11,Science,Biology,Healthcare,Research,93,56,45,71,1,5,3,Doctor
11,Arts,Political Science,Government,Research,68,94,85,75,10,10,9,Civil Services
11,Science,Mathematics,Technology,Programming,89,96,91,68,9,2,4,Software Engineer
12,Arts,English,Design,Creativity,55,88,83,56,9,10,9,Graphic Designer
11,Science,Computer Science,Artificial Intelligence,Analysis,90,84,70,94,1,8,1,Data Scientist
11,Arts,Political Science,Government,Leadership,85,80,68,84,5,9,6,Civil Services
12,Science,Physics,Engineering,Mathematics,90,74,60,91,5,9,8,Engineer
11,Commerce,Economics,Finance,Mathematics,56,56,97,99,2,7,1,Financial Analyst
12,Commerce,Economics,Finance,Analysis,55,43,45,60,8,8,8,Chartered Accountant
11,Arts,History,Writing,Communication,76,72,69,88,10,2,4,Journalist
11,Arts,History,Government,Research,74,48,42,98,6,8,9,Civil Services
12,Science,Physics,Engineering,Problem Solving,75,91,45,78,10,8,9,Engineer
12,Commerce,Economics,Finance,Mathematics,73,76,87,91,2,8,4,Financial Analyst
12,Commerce,Economics,Finance,Mathematics,57,96,75,89,7,2,3,Chartered Accountant
11,Arts,English,Design,Creativity,88,94,76,85,3,10,9,Graphic Designer
12,Commerce,Business Studies,Management,Communication,71,85,84,73,2,6,9,Business Manager
11,Arts,History,Government,Research,77,98,77,69,10,2,9,Civil Services
12,Arts,Political Science,Government,Research,56,80,54,100,3,4,4,Civil Services
12,Arts,English,Design,Creativity,57,80,70,50,7,5,7,Graphic Designer
11,Commerce,Business Studies,Business,Leadership,66,70,70,88,7,7,6,Business Manager
12,Commerce,Business Studies,Management,Communication,84,53,73,43,1,7,8,Business Manager
11,Science,Biology,Healthcare,Communication,58,61,77,61,5,3,1,Doctor
11,Commerce,Economics,Finance,Analysis,94,60,54,67,2,4,4,Financial Analyst
12,Arts,English,Writing,Writing,91,46,73,47,1,7,10,Journalist
11,Science,Mathematics,Programming,Problem Solving,55,75,53,65,5,4,6,Software Engineer
12,Science,Mathematics,Technology,Programming,84,46,43,77,8,10,1,Data Scientist
12,Science,Computer Science,Artificial Intelligence,Analysis,69,45,52,82,2,10,5,Data Scientist
11,Arts,History,Government,Research,90,53,83,92,8,2,6,Civil Services
12,Science,Mathematics,Engineering,Problem Solving,91,80,49,43,8,1,2,Engineer
12,Science,Computer Science,Technology,Programming,97,69,83,86,5,4,10,Data Scientist
11,Commerce,Mathematics,Finance,Mathematics,70,48,63,94,7,4,1,Financial Analyst
11,Arts,English,Design,Creativity,92,63,90,70,10,4,2,Graphic Designer
12,Science,Mathematics,Technology,Programming,97,54,65,99,2,2,1,Software Engineer
12,Science,Mathematics,Engineering,Mathematics,97,49,49,64,1,1,4,Engineer
12,Commerce,Economics,Finance,Mathematics,98,53,92,51,3,7,5,Financial Analyst
11,Arts,English,Design,Creativity,74,67,88,93,9,9,5,Graphic Designer
11,Arts,History,Government,Research,81,73,84,71,8,4,5,Civil Services
11,Arts,History,Government,Leadership,77,98,42,96,9,9,1,Civil Services
11,Science,Chemistry,Healthcare,Research,77,73,76,50,4,3,5,Doctor
11,Science,Mathematics,Engineering,Mathematics,95,49,58,49,2,3,8,Engineer
11,Science,Chemistry,Healthcare,Research,86,50,99,45,6,9,1,Doctor
12,Science,Mathematics,Technology,Analysis,63,83,57,43,1,8,8,Data Scientist
11,Science,Chemistry,Healthcare,Research,94,55,91,99,1,9,4,Doctor
11,Commerce,Business Studies,Business,Leadership,80,88,93,91,1,2,4,Business Manager
12,Commerce,Business Studies,Management,Communication,100,85,43,52,3,1,8,Business Manager
12,Commerce,Economics,Finance,Analysis,84,66,70,88,7,1,7,Chartered Accountant
12,Science,Mathematics,Technology,Programming,99,94,71,89,10,6,3,Software Engineer
11,Commerce,Economics,Finance,Mathematics,83,93,95,66,4,9,7,Chartered Accountant
12,Arts,Political Science,Government,Leadership,62,89,79,80,4,6,8,Civil Services
12,Arts,English,Design,Creativity,100,61,69,41,10,10,9,Graphic Designer
12,Commerce,Economics,Finance,Analysis,73,65,61,80,6,7,6,Chartered Accountant
11,Science,Biology,Healthcare,Communication,71,60,46,67,5,2,3,Doctor
12,Commerce,Accountancy,Finance,Analysis,78,40,45,51,6,5,7,Chartered Accountant
11,Commerce,Mathematics,Finance,Analysis,78,91,90,66,1,6,9,Financial Analyst
11,Arts,History,Government,Leadership,67,70,98,70,3,5,10,Civil Services
11,Science,Chemistry,Healthcare,Communication,100,88,54,66,6,1,1,Doctor
12,Commerce,Business Studies,Management,Leadership,88,59,41,62,7,1,4,Business Manager
12,Arts,English,Design,Creativity,55,66,75,96,8,1,4,Graphic Designer
11,Arts,History,Government,Research,65,92,62,40,3,10,3,Civil Services
11,Science,Chemistry,Healthcare,Communication,83,91,95,97,1,3,2,Doctor
11,Commerce,Economics,Finance,Analysis,88,91,58,43,5,2,6,Financial Analyst
11,Science,Mathematics,Engineering,Problem Solving,98,72,94,56,10,5,3,Engineer
12,Arts,English,Design,Creativity,97,47,90,59,8,1,8,Graphic Designer
11,Commerce,Accountancy,Finance,Mathematics,59,87,49,49,8,6,6,Chartered Accountant
11,Science,Chemistry,Healthcare,Research,79,46,60,50,5,7,2,Doctor
12,Commerce,Business Studies,Management,Leadership,73,40,90,70,8,3,8,Business Manager
12,Commerce,Mathematics,Finance,Analysis,57,53,60,68,5,10,7,Financial Analyst
12,Science,Biology,Healthcare,Communication,94,51,47,59,2,4,2,Doctor
12,Commerce,Economics,Finance,Analysis,95,74,51,69,5,9,2,Financial Analyst
12,Arts,English,Design,Creativity,74,70,44,86,8,7,8,Graphic Designer
12,Commerce,Economics,Finance,Analysis,97,99,61,41,2,9,8,Financial Analyst
11,Commerce,Mathematics,Finance,Mathematics,79,98,43,49,9,6,10,Financial Analyst
11,Science,Mathematics,Engineering,Problem Solving,62,80,46,58,1,9,10,Engineer
11,Science,Mathematics,Engineering,Problem Solving,95,89,59,51,5,1,9,Engineer
12,Arts,History,Government,Leadership,82,75,55,71,9,9,3,Civil Services
12,Science,Chemistry,Healthcare,Research,79,54,50,48,2,1,3,Doctor
12,Science,Chemistry,Healthcare,Research,64,68,68,74,6,5,7,Doctor
11,Science,Biology,Healthcare,Communication,86,74,97,90,7,1,8,Doctor
12,Commerce,Mathematics,Finance,Mathematics,68,92,60,57,6,5,10,Financial Analyst
11,Arts,Political Science,Government,Research,57,92,80,67,10,7,4,Civil Services
11,Arts,Political Science,Government,Leadership,82,60,81,53,3,10,7,Civil Services
11,Science,Mathematics,Artificial Intelligence,Analysis,69,61,77,55,4,7,6,Data Scientist
12,Commerce,Business Studies,Business,Communication,67,50,95,70,9,2,9,Business Manager
11,Science,Biology,Healthcare,Communication,84,80,59,91,2,2,3,Doctor
12,Science,Mathematics,Artificial Intelligence,Programming,92,58,91,57,7,2,4,Data Scientist
12,Arts,History,Writing,Communication,56,88,74,53,9,7,8,Journalist
12,Commerce,Economics,Finance,Mathematics,78,69,86,84,3,7,2,Chartered Accountant
11,Arts,English,Design,Creativity,67,89,42,66,8,8,7,Graphic Designer
12,Arts,English,Writing,Writing,66,41,60,42,10,10,9,Journalist
11,Science,Computer Science,Artificial Intelligence,Analysis,82,67,97,83,8,1,7,Data Scientist
11,Commerce,Business Studies,Management,Leadership,64,72,48,69,7,5,1,Business Manager
12,Science,Mathematics,Artificial Intelligence,Programming,67,84,91,45,5,5,7,Data Scientist
11,Science,Biology,Healthcare,Communication,98,83,47,65,4,4,7,Doctor
12,Science,Mathematics,Engineering,Problem Solving,94,70,76,82,7,9,6,Engineer
12,Commerce,Business Studies,Business,Communication,74,42,82,47,5,2,8,Business Manager
12,Commerce,Economics,Finance,Mathematics,86,70,57,51,10,2,4,Chartered Accountant
12,Science,Mathematics,Programming,Problem Solving,76,67,70,81,9,7,9,Software Engineer
12,Commerce,Economics,Finance,Analysis,91,63,100,62,9,5,1,Financial Analyst
12,Commerce,Business Studies,Management,Leadership,79,53,81,60,3,9,5,Business Manager
12,Arts,English,Writing,Communication,87,74,49,73,2,9,9,Journalist
11,Arts,History,Government,Leadership,76,56,43,49,2,8,2,Civil Services
11,Commerce,Accountancy,Finance,Analysis,66,94,92,60,8,8,9,Chartered Accountant
11,Commerce,Accountancy,Finance,Mathematics,65,92,55,57,5,10,9,Chartered Accountant
12,Commerce,Business Studies,Management,Leadership,94,56,42,60,9,5,4,Business Manager
11,Commerce,Economics,Finance,Mathematics,99,70,99,74,10,7,10,Financial Analyst
12,Science,Mathematics,Programming,Problem Solving,82,99,61,80,9,10,7,Software Engineer
12,Science,Biology,Healthcare,Communication,91,81,87,79,3,8,4,Doctor
12,Commerce,Economics,Finance,Mathematics,68,96,80,74,8,6,3,Financial Analyst
11,Arts,History,Writing,Writing,81,75,51,61,5,7,10,Journalist
11,Science,Computer Science,Technology,Programming,65,92,80,62,4,8,5,Software Engineer
11,Commerce,Mathematics,Finance,Analysis,87,43,43,92,1,8,7,Financial Analyst
11,Science,Physics,Engineering,Mathematics,69,73,56,49,2,5,6,Engineer
12,Arts,English,Design,Creativity,58,89,57,72,9,2,10,Graphic Designer
12,Science,Mathematics,Engineering,Mathematics,62,60,52,50,9,2,9,Engineer
11,Science,Computer Science,Technology,Programming,85,70,100,90,1,10,5,Data Scientist
11,Commerce,Business Studies,Business,Communication,62,55,51,83,6,9,4,Business Manager
11,Science,Physics,Engineering,Mathematics,97,69,63,82,10,5,5,Engineer
12,Science,Mathematics,Engineering,Problem Solving,72,42,95,80,4,1,2,Engineer
12,Commerce,Economics,Finance,Analysis,83,96,49,54,2,3,5,Financial Analyst
12,Commerce,Economics,Finance,Analysis,66,79,76,57,1,10,6,Financial Analyst
11,Commerce,Accountancy,Finance,Analysis,86,73,54,95,3,8,8,Chartered Accountant
12,Arts,Political Science,Government,Leadership,65,40,46,82,4,3,1,Civil Services
11,Commerce,Mathematics,Finance,Mathematics,55,71,98,43,4,4,5,Financial Analyst
12,Science,Mathematics,Technology,Programming,58,45,54,70,6,4,8,Software Engineer
11,Science,Mathematics,Programming,Problem Solving,96,48,75,76,2,2,1,Software Engineer
12,Science,Chemistry,Healthcare,Communication,84,48,59,82,9,1,10,Doctor
11,Arts,History,Government,Leadership,62,100,59,86,8,9,4,Civil Services
12,Science,Computer Science,Programming,Problem Solving,76,89,100,83,7,5,6,Software Engineer
12,Commerce,Accountancy,Finance,Analysis,56,49,97,67,8,5,10,Chartered Accountant
11,Science,Physics,Engineering,Problem Solving,82,82,66,87,3,3,7,Engineer
11,Commerce,Economics,Finance,Mathematics,89,66,46,46,2,5,3,Financial Analyst
11,Science,Mathematics,Technology,Problem Solving,82,48,87,49,6,3,9,Software Engineer
12,Science,Mathematics,Artificial Intelligence,Programming,93,49,95,69,5,10,7,Data Scientist
11,Arts,History,Government,Research,60,78,70,42,5,3,1,Civil Services
11,Science,Biology,Healthcare,Communication,73,96,86,73,1,10,1,Doctor
12,Science,Mathematics,Programming,Programming,91,90,51,100,5,2,5,Software Engineer
11,Commerce,Business Studies,Business,Leadership,69,82,55,40,2,5,5,Business Manager
12,Science,Chemistry,Healthcare,Research,60,90,94,61,7,9,5,Doctor
12,Science,Computer Science,Artificial Intelligence,Analysis,73,92,84,56,3,7,3,Data Scientist
11,Arts,History,Writing,Writing,56,97,92,60,3,10,7,Journalist
12,Commerce,Economics,Finance,Analysis,88,42,40,65,5,9,9,Financial Analyst
12,Arts,English,Design,Creativity,63,61,47,48,1,1,1,Graphic Designer
11,Science,Biology,Healthcare,Communication,87,59,65,95,8,4,10,Doctor
11,Science,Chemistry,Healthcare,Research,73,89,66,61,3,10,9,Doctor
11,Science,Computer Science,Technology,Programming,80,84,66,54,3,6,5,Software Engineer
12,Science,Chemistry,Healthcare,Research,77,51,93,67,9,9,8,Doctor
11,Science,Computer Science,Programming,Problem Solving,84,76,86,54,10,2,8,Software Engineer
11,Commerce,Economics,Finance,Mathematics,89,89,50,99,9,1,10,Financial Analyst
11,Science,Computer Science,Technology,Programming,86,96,69,94,7,7,6,Data Scientist
11,Science,Computer Science,Technology,Analysis,86,42,80,84,2,5,3,Data Scientist
12,Arts,Political Science,Government,Research,83,40,56,54,3,1,3,Civil Services
12,Arts,English,Design,Creativity,58,55,56,95,4,4,10,Graphic Designer
11,Science,Computer Science,Programming,Problem Solving,55,83,47,62,5,6,9,Software Engineer
12,Commerce,Accountancy,Finance,Mathematics,68,57,89,43,1,1,6,Chartered Accountant
11,Arts,English,Design,Creativity,85,71,96,73,1,7,4,Graphic Designer
11,Arts,English,Design,Creativity,64,62,89,66,8,7,10,Graphic Designer
11,Commerce,Business Studies,Management,Communication,61,97,58,59,9,3,3,Business Manager
12,Science,Mathematics,Technology,Programming,99,93,42,56,2,1,8,Data Scientist
12,Commerce,Economics,Finance,Analysis,62,84,56,90,5,6,2,Financial Analyst
11,Science,Mathematics,Technology,Programming,77,57,71,46,10,1,10,Data Scientist
12,Arts,History,Government,Leadership,79,46,75,80,2,9,9,Civil Services
11,Commerce,Accountancy,Finance,Mathematics,89,88,62,86,3,5,8,Chartered Accountant
12,Commerce,Economics,Finance,Mathematics,74,58,85,40,9,9,7,Financial Analyst
11,Arts,English,Design,Creativity,91,86,46,91,5,3,5,Graphic Designer
11,Arts,History,Government,Leadership,89,50,65,73,6,1,2,Civil Services
12,Commerce,Business Studies,Business,Leadership,67,43,81,92,9,9,8,Business Manager
11,Commerce,Accountancy,Finance,Analysis,84,99,80,72,3,3,10,Chartered Accountant
12,Science,Chemistry,Healthcare,Research,56,87,86,59,7,2,1,Doctor
12,Commerce,Business Studies,Management,Leadership,89,77,46,73,9,7,6,Business Manager
12,Commerce,Economics,Finance,Analysis,69,62,58,99,9,5,5,Financial Analyst
11,Science,Mathematics,Engineering,Mathematics,80,100,79,92,8,5,7,Engineer
11,Science,Computer Science,Programming,Problem Solving,91,93,56,48,4,2,8,Software Engineer
12,Science,Mathematics,Programming,Problem Solving,88,94,46,80,9,1,9,Software Engineer
12,Arts,English,Design,Creativity,62,40,40,43,4,4,2,Graphic Designer
11,Science,Chemistry,Healthcare,Research,89,77,97,70,3,4,7,Doctor
11,Science,Physics,Engineering,Mathematics,76,95,71,77,9,7,4,Engineer
11,Arts,English,Writing,Writing,55,64,42,43,2,9,1,Journalist
12,Science,Mathematics,Artificial Intelligence,Analysis,61,98,85,93,7,2,7,Data Scientist
11,Science,Computer Science,Programming,Problem Solving,83,58,93,77,6,9,2,Software Engineer
12,Science,Mathematics,Artificial Intelligence,Programming,61,95,44,99,10,2,1,Data Scientist
11,Commerce,Business Studies,Business,Leadership,94,94,48,51,4,5,5,Business Manager
12,Science,Computer Science,Artificial Intelligence,Analysis,70,51,71,76,10,10,9,Data Scientist
12,Arts,English,Design,Creativity,75,72,54,76,6,8,8,Graphic Designer
12,Science,Physics,Engineering,Mathematics,76,63,45,93,7,7,4,Engineer
12,Science,Mathematics,Engineering,Problem Solving,56,85,61,91,2,2,2,Engineer
12,Science,Physics,Engineering,Problem Solving,99,92,54,80,9,5,2,Engineer
11,Arts,History,Writing,Writing,80,53,85,51,8,9,1,Journalist
12,Commerce,Mathematics,Finance,Analysis,76,83,52,66,4,5,10,Financial Analyst
11,Commerce,Economics,Finance,Mathematics,95,71,47,95,2,10,10,Financial Analyst
11,Arts,History,Writing,Communication,71,41,63,42,1,9,9,Journalist
12,Commerce,Mathematics,Finance,Mathematics,56,72,75,85,6,5,9,Financial Analyst
11,Commerce,Accountancy,Finance,Mathematics,74,62,60,83,1,6,3,Chartered Accountant
12,Science,Mathematics,Artificial Intelligence,Analysis,59,82,51,95,1,8,8,Data Scientist
11,Science,Computer Science,Technology,Analysis,100,72,66,59,10,6,6,Data Scientist
12,Commerce,Economics,Finance,Mathematics,86,97,68,52,2,5,10,Chartered Accountant
11,Arts,History,Writing,Communication,79,59,78,61,8,4,9,Journalist
12,Commerce,Economics,Finance,Mathematics,79,49,56,54,1,1,4,Chartered Accountant
12,Commerce,Economics,Finance,Analysis,69,99,79,45,2,5,7,Chartered Accountant
12,Science,Physics,Engineering,Problem Solving,60,95,60,84,9,10,5,Engineer
12,Science,Biology,Healthcare,Research,58,45,78,50,10,5,5,Doctor
12,Science,Mathematics,Programming,Problem Solving,82,94,63,88,5,6,3,Software Engineer
12,Science,Mathematics,Engineering,Mathematics,72,41,74,93,5,9,2,Engineer
12,Arts,English,Design,Creativity,73,83,55,78,10,6,7,Graphic Designer
11,Arts,English,Design,Creativity,68,59,56,42,5,10,1,Graphic Designer
11,Science,Mathematics,Technology,Programming,93,90,67,96,3,7,3,Software Engineer
12,Science,Computer Science,Artificial Intelligence,Programming,99,88,64,78,4,3,1,Data Scientist
12,Arts,English,Design,Creativity,66,82,46,60,5,9,2,Graphic Designer
11,Arts,English,Writing,Writing,60,64,70,69,2,9,9,Journalist
12,Arts,History,Writing,Writing,58,58,51,60,5,3,4,Journalist
12,Science,Mathematics,Technology,Problem Solving,88,73,41,85,8,3,2,Software Engineer
11,Commerce,Business Studies,Business,Communication,58,51,72,45,4,7,2,Business Manager
12,Commerce,Business Studies,Business,Communication,84,99,61,68,9,5,8,Business Manager
12,Commerce,Business Studies,Business,Leadership,55,47,78,67,9,8,6,Business Manager
12,Science,Mathematics,Technology,Problem Solving,80,98,66,42,8,10,9,Software Engineer
11,Science,Physics,Engineering,Problem Solving,82,60,65,53,5,9,4,Engineer
12,Commerce,Business Studies,Management,Communication,91,40,78,100,1,9,5,Business Manager
11,Science,Computer Science,Technology,Programming,63,70,87,43,7,3,7,Software Engineer
11,Commerce,Mathematics,Finance,Mathematics,55,58,58,62,1,7,6,Financial Analyst
12,Science,Mathematics,Programming,Programming,66,97,79,85,7,1,10,Software Engineer
12,Commerce,Business Studies,Business,Leadership,68,97,52,44,8,3,2,Business Manager
11,Science,Computer Science,Technology,Problem Solving,85,84,98,95,8,4,3,Software Engineer
12,Commerce,Economics,Finance,Mathematics,84,68,66,56,8,7,6,Chartered Accountant
12,Commerce,Business Studies,Business,Leadership,59,60,74,60,6,3,7,Business Manager
11,Science,Computer Science,Artificial Intelligence,Programming,74,75,95,83,8,1,2,Data Scientist
12,Commerce,Business Studies,Management,Leadership,93,61,92,89,6,10,10,Business Manager
12,Science,Biology,Healthcare,Communication,96,50,55,47,1,7,7,Doctor
11,Arts,History,Government,Research,85,44,41,45,9,5,6,Civil Services
11,Commerce,Accountancy,Finance,Mathematics,83,47,56,45,2,7,2,Chartered Accountant
12,Arts,Political Science,Government,Research,89,54,53,79,4,5,6,Civil Services
11,Commerce,Economics,Finance,Mathematics,86,100,67,81,3,7,10,Chartered Accountant
12,Arts,History,Government,Research,57,65,80,85,8,10,6,Civil Services
11,Arts,English,Writing,Writing,90,69,92,66,4,2,3,Journalist
12,Arts,History,Writing,Writing,95,66,69,89,7,8,10,Journalist
11,Arts,English,Writing,Communication,78,64,48,55,10,6,8,Journalist
11,Commerce,Economics,Finance,Mathematics,84,53,71,56,9,1,2,Chartered Accountant
11,Science,Computer Science,Technology,Problem Solving,89,91,59,46,1,10,5,Software Engineer
11,Science,Mathematics,Artificial Intelligence,Analysis,84,48,53,87,8,1,5,Data Scientist
12,Science,Mathematics,Technology,Problem Solving,89,43,99,98,2,10,6,Software Engineer
12,Commerce,Economics,Finance,Analysis,62,51,54,52,3,4,8,Financial Analyst
12,Commerce,Business Studies,Business,Leadership,88,90,70,83,3,5,8,Business Manager
11,Science,Mathematics,Artificial Intelligence,Analysis,89,51,90,92,10,2,10,Data Scientist
11,Arts,History,Government,Leadership,88,43,63,97,6,4,4,Civil Services
12,Arts,History,Writing,Writing,56,44,58,75,10,5,1,Journalist
12,Commerce,Business Studies,Management,Communication,58,59,93,45,7,2,2,Business Manager
11,Arts,Political Science,Government,Research,81,90,97,87,3,10,10,Civil Services
12,Commerce,Accountancy,Finance,Mathematics,82,54,61,45,7,8,1,Chartered Accountant
11,Arts,English,Writing,Communication,75,99,78,80,2,8,7,Journalist
11,Commerce,Economics,Finance,Analysis,91,81,59,91,4,4,7,Chartered Accountant
12,Arts,History,Government,Research,71,60,46,43,5,2,10,Civil Services
12,Commerce,Business Studies,Business,Leadership,72,68,88,53,6,4,7,Business Manager
12,Science,Computer Science,Technology,Analysis,71,63,56,60,10,6,5,Data Scientist
11,Arts,History,Writing,Communication,58,87,75,68,8,7,2,Journalist
11,Commerce,Mathematics,Finance,Analysis,100,92,75,71,1,3,8,Financial Analyst
11,Science,Chemistry,Healthcare,Communication,56,59,96,46,7,1,4,Doctor
12,Science,Computer Science,Technology,Programming,80,72,55,59,5,5,1,Software Engineer
11,Science,Mathematics,Engineering,Mathematics,83,65,86,77,8,6,9,Engineer
12,Commerce,Mathematics,Finance,Mathematics,87,50,96,46,2,2,4,Financial Analyst
12,Arts,English,Design,Creativity,68,44,72,87,2,3,8,Graphic Designer
11,Commerce,Economics,Finance,Analysis,72,100,40,99,4,2,6,Financial Analyst
11,Commerce,Economics,Finance,Mathematics,77,67,65,58,2,6,8,Financial Analyst
11,Arts,Political Science,Government,Research,70,81,43,62,7,1,10,Civil Services
12,Commerce,Business Studies,Management,Leadership,99,86,75,57,2,2,5,Business Manager
11,Arts,History,Writing,Communication,92,65,52,100,5,6,8,Journalist
12,Arts,English,Design,Creativity,99,96,56,76,5,4,1,Graphic Designer
11,Arts,History,Government,Research,59,97,61,57,2,3,10,Civil Services
12,Arts,English,Design,Creativity,62,96,62,98,1,9,1,Graphic Designer
11,Science,Mathematics,Engineering,Mathematics,70,99,95,96,8,6,7,Engineer
11,Science,Computer Science,Technology,Programming,84,85,83,89,5,8,5,Data Scientist
11,Science,Mathematics,Artificial Intelligence,Analysis,75,75,63,43,9,10,1,Data Scientist
12,Science,Mathematics,Technology,Problem Solving,86,98,40,67,5,5,10,Software Engineer
11,Science,Computer Science,Artificial Intelligence,Analysis,92,68,63,78,3,4,5,Data Scientist
11,Arts,English,Writing,Writing,99,79,62,73,1,9,4,Journalist
11,Arts,English,Design,Creativity,96,66,88,42,8,1,2,Graphic Designer
11,Arts,History,Writing,Communication,61,73,90,86,3,1,8,Journalist
12,Arts,English,Design,Creativity,56,69,100,52,2,7,6,Graphic Designer
12,Arts,History,Writing,Writing,64,85,86,90,2,6,10,Journalist
11,Arts,History,Government,Research,100,77,89,76,8,9,3,Civil Services
11,Science,Physics,Engineering,Mathematics,96,93,97,64,8,5,6,Engineer
11,Commerce,Business Studies,Management,Communication,80,51,49,98,2,7,1,Business Manager
12,Commerce,Accountancy,Finance,Analysis,93,44,62,88,2,8,4,Chartered Accountant
11,Commerce,Economics,Finance,Mathematics,65,55,82,59,9,3,7,Chartered Accountant
12,Commerce,Business Studies,Business,Leadership,97,88,100,59,6,1,9,Business Manager
11,Commerce,Economics,Finance,Mathematics,67,40,41,55,9,5,1,Chartered Accountant
11,Arts,History,Government,Research,99,77,62,100,2,4,3,Civil Services
11,Commerce,Economics,Finance,Mathematics,78,77,70,54,6,9,10,Financial Analyst
11,Science,Computer Science,Artificial Intelligence,Analysis,92,85,50,54,1,7,1,Data Scientist
12,Arts,History,Government,Research,69,100,94,84,1,9,2,Civil Services
12,Science,Computer Science,Technology,Problem Solving,94,70,86,90,8,5,2,Software Engineer
12,Commerce,Business Studies,Business,Communication,65,58,77,93,8,10,9,Business Manager
12,Arts,History,Government,Leadership,63,83,58,83,9,7,3,Civil Services
12,Science,Computer Science,Artificial Intelligence,Programming,57,50,58,83,1,2,7,Data Scientist
11,Arts,History,Writing,Communication,79,73,46,91,10,9,4,Journalist
11,Arts,History,Government,Leadership,59,97,98,73,1,2,7,Civil Services
12,Science,Computer Science,Artificial Intelligence,Analysis,81,54,42,96,1,1,5,Data Scientist
12,Arts,Political Science,Government,Leadership,70,92,51,94,1,7,3,Civil Services
12,Commerce,Economics,Finance,Mathematics,72,88,93,46,8,9,2,Financial Analyst
12,Commerce,Business Studies,Management,Leadership,82,94,69,73,2,1,5,Business Manager
11,Science,Physics,Engineering,Mathematics,73,45,77,40,5,8,9,Engineer
12,Science,Physics,Engineering,Mathematics,66,89,43,47,3,3,10,Engineer
11,Commerce,Economics,Finance,Analysis,73,50,83,71,7,8,5,Chartered Accountant
12,Commerce,Business Studies,Management,Leadership,58,52,48,46,10,9,4,Business Manager
12,Science,Mathematics,Technology,Analysis,70,45,42,56,4,7,8,Data Scientist
11,Arts,Political Science,Government,Leadership,72,69,78,96,3,7,8,Civil Services
11,Arts,History,Government,Research,98,51,69,68,6,3,1,Civil Services
11,Arts,English,Design,Creativity,93,50,75,94,3,4,2,Graphic Designer
11,Science,Mathematics,Engineering,Mathematics,92,56,65,61,5,2,10,Engineer
12,Science,Physics,Engineering,Mathematics,84,59,73,45,6,1,7,Engineer
12,Commerce,Accountancy,Finance,Analysis,70,91,51,94,2,7,9,Chartered Accountant
12,Arts,English,Design,Creativity,94,64,63,100,4,8,4,Graphic Designer
11,Science,Mathematics,Engineering,Problem Solving,96,48,48,77,9,7,4,Engineer
12,Commerce,Economics,Finance,Mathematics,69,68,79,50,8,6,6,Chartered Accountant
12,Arts,English,Writing,Writing,62,63,80,80,10,4,1,Journalist
12,Arts,English,Design,Creativity,86,61,51,88,1,9,2,Graphic Designer
12,Science,Computer Science,Artificial Intelligence,Analysis,93,48,63,65,8,6,7,Data Scientist
11,Arts,English,Writing,Writing,100,54,73,60,10,2,1,Journalist
12,Arts,English,Design,Creativity,76,83,54,97,7,3,10,Graphic Designer
11,Arts,History,Government,Research,100,56,45,76,8,5,3,Civil Services
12,Arts,English,Design,Creativity,76,54,93,99,8,7,4,Graphic Designer
12,Science,Mathematics,Programming,Programming,60,68,73,82,6,7,3,Software Engineer
11,Science,Computer Science,Artificial Intelligence,Programming,82,72,96,98,4,10,10,Data Scientist
12,Commerce,Accountancy,Finance,Mathematics,58,94,86,90,9,4,8,Chartered Accountant
11,Science,Mathematics,Engineering,Mathematics,66,58,56,87,3,1,5,Engineer
12,Commerce,Economics,Finance,Analysis,57,88,49,62,9,1,2,Chartered Accountant
12,Arts,English,Design,Creativity,73,94,89,80,3,1,6,Graphic Designer
12,Arts,English,Writing,Writing,67,86,51,70,1,8,5,Journalist
12,Science,Mathematics,Programming,Problem Solving,93,76,45,53,10,3,5,Software Engineer
12,Science,Mathematics,Technology,Programming,78,65,60,81,1,3,7,Software Engineer
11,Arts,Political Science,Government,Leadership,74,72,94,93,2,1,5,Civil Services
12,Commerce,Economics,Finance,Analysis,69,70,59,95,6,8,10,Chartered Accountant
12,Arts,English,Design,Creativity,62,79,80,74,10,9,1,Graphic Designer
12,Commerce,Business Studies,Management,Leadership,84,49,81,41,1,2,5,Business Manager
12,Science,Mathematics,Technology,Programming,57,90,79,97,6,1,3,Data Scientist
11,Arts,English,Design,Creativity,88,88,72,75,9,7,5,Graphic Designer
12,Commerce,Economics,Finance,Analysis,98,90,45,70,3,10,8,Financial Analyst
12,Commerce,Economics,Finance,Mathematics,81,55,79,86,5,9,10,Chartered Accountant
11,Arts,History,Writing,Communication,65,73,59,50,9,5,2,Journalist
12,Commerce,Economics,Finance,Mathematics,55,68,44,40,7,6,3,Financial Analyst
11,Science,Computer Science,Artificial Intelligence,Analysis,78,89,74,83,5,8,8,Data Scientist
12,Science,Mathematics,Engineering,Problem Solving,69,63,59,94,9,1,6,Engineer
11,Arts,History,Government,Research,70,63,53,54,3,3,5,Civil Services
12,Commerce,Business Studies,Management,Communication,83,93,88,47,4,4,5,Business Manager
11,Arts,History,Writing,Communication,86,68,97,83,3,10,1,Journalist
11,Arts,English,Design,Creativity,68,83,90,64,5,3,10,Graphic Designer
12,Commerce,Business Studies,Management,Communication,89,100,75,72,10,7,2,Business Manager
12,Commerce,Business Studies,Business,Leadership,60,74,100,60,8,8,5,Business Manager
12,Commerce,Mathematics,Finance,Analysis,69,71,68,90,3,7,2,Financial Analyst
11,Commerce,Economics,Finance,Mathematics,98,86,60,80,5,1,8,Chartered Accountant
11,Science,Chemistry,Healthcare,Research,62,68,55,65,6,2,4,Doctor
12,Science,Computer Science,Technology,Analysis,93,49,83,58,1,5,6,Data Scientist
11,Science,Mathematics,Artificial Intelligence,Programming,76,64,99,95,6,4,6,Data Scientist
12,Arts,English,Design,Creativity,81,54,76,93,6,3,8,Graphic Designer
12,Arts,History,Government,Research,81,41,61,57,5,3,2,Civil Services
11,Arts,English,Writing,Writing,57,47,88,45,3,2,3,Journalist
12,Arts,Political Science,Government,Research,72,58,98,97,3,4,10,Civil Services
12,Arts,History,Government,Research,69,47,99,44,7,6,5,Civil Services
12,Science,Chemistry,Healthcare,Research,63,64,49,77,4,4,8,Doctor
12,Science,Mathematics,Engineering,Mathematics,84,83,51,75,9,8,6,Engineer
12,Science,Computer Science,Programming,Programming,61,41,99,73,1,6,5,Software Engineer
12,Arts,English,Writing,Communication,87,74,49,100,5,2,1,Journalist
12,Commerce,Accountancy,Finance,Analysis,75,88,96,64,9,4,3,Chartered Accountant
11,Arts,History,Government,Research,92,87,74,84,9,5,2,Civil Services
11,Science,Mathematics,Technology,Analysis,75,58,56,81,3,4,10,Data Scientist
11,Arts,History,Government,Leadership,83,54,70,68,5,1,10,Civil Services
12,Science,Mathematics,Technology,Analysis,79,93,95,57,5,2,8,Data Scientist
12,Commerce,Accountancy,Finance,Analysis,79,81,88,92,9,8,9,Chartered Accountant
11,Arts,Political Science,Government,Research,100,45,100,96,4,5,7,Civil Services
12,Science,Computer Science,Programming,Programming,98,88,42,57,3,8,2,Software Engineer
11,Arts,English,Design,Creativity,60,92,47,40,3,9,3,Graphic Designer
11,Arts,English,Design,Creativity,87,88,62,100,10,3,7,Graphic Designer
12,Arts,History,Writing,Writing,96,78,97,74,9,3,6,Journalist
12,Arts,English,Design,Creativity,88,75,57,96,10,3,5,Graphic Designer
11,Arts,English,Design,Creativity,88,61,63,67,3,4,8,Graphic Designer
11,Science,Computer Science,Artificial Intelligence,Programming,64,65,84,79,5,9,8,Data Scientist
11,Science,Chemistry,Healthcare,Communication,80,44,53,83,6,10,7,Doctor
12,Arts,History,Government,Leadership,55,80,96,99,1,7,5,Civil Services
12,Commerce,Economics,Finance,Mathematics,87,49,47,47,1,1,10,Chartered Accountant
12,Science,Computer Science,Technology,Programming,96,91,56,67,10,6,9,Data Scientist
11,Arts,English,Writing,Communication,67,42,90,93,3,3,1,Journalist
11,Commerce,Economics,Finance,Analysis,86,60,96,44,3,5,10,Chartered Accountant
11,Science,Mathematics,Programming,Programming,69,52,68,95,6,5,2,Software Engineer
11,Commerce,Business Studies,Business,Communication,86,76,53,50,4,3,3,Business Manager
11,Science,Mathematics,Artificial Intelligence,Programming,89,74,94,55,7,10,3,Data Scientist
12,Science,Mathematics,Artificial Intelligence,Programming,92,79,52,79,3,3,10,Data Scientist
11,Arts,English,Design,Creativity,75,97,56,43,9,5,3,Graphic Designer
12,Science,Computer Science,Programming,Programming,81,86,60,43,2,5,4,Software Engineer
12,Science,Mathematics,Programming,Problem Solving,72,50,46,94,6,4,5,Software Engineer
11,Science,Computer Science,Technology,Programming,79,92,71,63,7,10,4,Data Scientist
12,Commerce,Accountancy,Finance,Mathematics,79,88,73,41,5,8,9,Chartered Accountant
12,Arts,History,Government,Research,82,57,40,83,2,5,3,Civil Services
11,Commerce,Economics,Finance,Analysis,65,72,90,73,6,5,7,Chartered Accountant
11,Arts,History,Writing,Writing,83,68,64,51,9,3,8,Journalist
12,Commerce,Mathematics,Finance,Analysis,86,92,45,70,1,2,5,Financial Analyst
12,Science,Computer Science,Artificial Intelligence,Analysis,88,50,92,85,6,7,8,Data Scientist
12,Commerce,Business Studies,Management,Leadership,61,53,46,70,10,4,10,Business Manager
11,Science,Physics,Engineering,Mathematics,60,40,48,44,6,10,4,Engineer
12,Commerce,Mathematics,Finance,Mathematics,60,43,42,83,2,5,7,Financial Analyst
11,Commerce,Economics,Finance,Analysis,95,88,66,55,6,1,2,Chartered Accountant
11,Commerce,Business Studies,Business,Leadership,73,92,83,41,8,4,1,Business Manager
11,Arts,English,Design,Creativity,94,95,99,79,10,8,5,Graphic Designer
12,Arts,English,Writing,Communication,61,50,56,92,7,4,6,Journalist
12,Commerce,Economics,Finance,Analysis,56,60,49,55,3,6,6,Chartered Accountant
12,Commerce,Mathematics,Finance,Mathematics,61,54,75,72,7,7,8,Financial Analyst
12,Commerce,Economics,Finance,Mathematics,89,54,99,66,5,3,9,Chartered Accountant
11,Science,Chemistry,Healthcare,Communication,56,41,75,66,2,7,1,Doctor
12,Commerce,Economics,Finance,Analysis,72,71,53,99,3,2,3,Chartered Accountant
12,Arts,History,Government,Research,97,47,50,73,6,10,1,Civil Services
11,Science,Mathematics,Engineering,Problem Solving,93,69,97,55,10,2,1,Engineer
11,Science,Biology,Healthcare,Research,80,96,83,93,2,10,5,Doctor
12,Arts,English,Design,Creativity,83,60,85,44,6,1,5,Graphic Designer
12,Science,Physics,Engineering,Problem Solving,78,46,62,87,6,8,8,Engineer
12,Commerce,Accountancy,Finance,Mathematics,80,66,56,40,7,9,8,Chartered Accountant
12,Commerce,Business Studies,Business,Leadership,100,87,43,69,2,3,5,Business Manager
11,Science,Computer Science,Artificial Intelligence,Analysis,67,53,92,87,6,6,8,Data Scientist
11,Commerce,Economics,Finance,Mathematics,72,53,63,97,10,7,1,Chartered Accountant
11,Arts,English,Writing,Communication,81,92,84,95,10,7,7,Journalist
11,Science,Biology,Healthcare,Research,66,80,81,100,10,6,3,Doctor
12,Arts,History,Government,Leadership,81,91,78,87,8,2,6,Civil Services
12,Commerce,Accountancy,Finance,Mathematics,79,40,50,54,7,4,7,Chartered Accountant
11,Science,Computer Science,Technology,Programming,99,90,54,96,2,3,1,Data Scientist
11,Arts,English,Writing,Writing,100,78,82,65,9,4,8,Journalist
12,Arts,English,Writing,Communication,93,92,69,49,8,9,4,Journalist
12,Science,Computer Science,Programming,Problem Solving,76,45,89,70,2,3,1,Software Engineer
12,Commerce,Business Studies,Business,Communication,91,54,45,45,8,6,3,Business Manager
11,Arts,English,Writing,Writing,100,86,51,60,1,5,7,Journalist
12,Commerce,Accountancy,Finance,Mathematics,98,85,87,93,10,2,7,Chartered Accountant
12,Commerce,Business Studies,Management,Communication,81,65,74,90,1,1,7,Business Manager
12,Science,Chemistry,Healthcare,Research,97,99,40,87,9,2,2,Doctor
11,Science,Mathematics,Technology,Programming,69,87,88,66,2,3,3,Data Scientist
11,Arts,History,Writing,Writing,99,42,50,74,7,1,6,Journalist
12,Science,Computer Science,Programming,Problem Solving,90,49,92,74,10,4,8,Software Engineer
11,Commerce,Accountancy,Finance,Mathematics,93,41,64,74,4,6,7,Chartered Accountant
11,Arts,History,Government,Research,70,93,57,56,5,8,10,Civil Services
12,Arts,Political Science,Government,Research,100,58,84,83,2,8,9,Civil Services
11,Commerce,Mathematics,Finance,Mathematics,87,48,65,88,8,10,5,Financial Analyst
12,Commerce,Business Studies,Management,Communication,57,48,100,77,10,3,10,Business Manager
11,Commerce,Accountancy,Finance,Mathematics,91,88,43,78,3,3,7,Chartered Accountant
12,Arts,English,Design,Creativity,56,92,60,49,8,3,8,Graphic Designer
12,Arts,English,Design,Creativity,55,95,92,98,6,4,1,Graphic Designer
11,Science,Chemistry,Healthcare,Communication,59,91,68,42,9,3,7,Doctor
11,Science,Physics,Engineering,Problem Solving,85,82,54,100,8,4,8,Engineer
11,Science,Physics,Engineering,Mathematics,90,44,53,59,1,4,5,Engineer
11,Science,Mathematics,Programming,Problem Solving,59,60,90,93,2,1,1,Software Engineer
12,Science,Mathematics,Artificial Intelligence,Analysis,95,49,72,99,9,4,9,Data Scientist
12,Arts,History,Government,Research,67,51,89,98,4,3,2,Civil Services
11,Arts,Political Science,Government,Research,76,84,57,58,3,3,6,Civil Services
11,Science,Mathematics,Engineering,Problem Solving,62,49,46,84,7,3,6,Engineer
12,Science,Mathematics,Engineering,Problem Solving,61,85,62,89,7,4,7,Engineer
12,Arts,History,Writing,Communication,70,81,72,99,4,3,3,Journalist
11,Commerce,Economics,Finance,Mathematics,63,71,82,66,7,4,5,Chartered Accountant
12,Arts,History,Government,Research,63,41,62,81,2,10,3,Civil Services
12,Commerce,Accountancy,Finance,Mathematics,64,82,85,77,10,3,8,Chartered Accountant
12,Commerce,Accountancy,Finance,Mathematics,93,83,81,98,3,9,3,Chartered Accountant
11,Commerce,Business Studies,Business,Communication,70,89,71,55,9,8,9,Business Manager
11,Arts,Political Science,Government,Leadership,96,74,56,76,8,5,1,Civil Services
12,Science,Mathematics,Engineering,Mathematics,84,61,43,48,3,10,1,Engineer
11,Science,Mathematics,Programming,Programming,70,84,80,82,8,8,8,Software Engineer
12,Arts,Political Science,Government,Research,76,73,79,100,7,2,4,Civil Services
11,Commerce,Business Studies,Business,Communication,84,92,43,65,10,2,9,Business Manager
11,Science,Mathematics,Technology,Analysis,57,46,76,75,6,2,2,Data Scientist
11,Commerce,Economics,Finance,Mathematics,64,55,97,67,7,3,9,Chartered Accountant
12,Science,Computer Science,Artificial Intelligence,Programming,95,87,72,93,2,2,4,Data Scientist
12,Commerce,Economics,Finance,Analysis,91,92,60,66,7,1,8,Chartered Accountant
12,Commerce,Mathematics,Finance,Analysis,56,80,67,42,10,9,1,Financial Analyst
11,Science,Computer Science,Technology,Programming,82,97,100,57,8,8,9,Data Scientist
11,Arts,English,Writing,Communication,59,72,81,81,4,3,6,Journalist
12,Science,Mathematics,Programming,Programming,60,81,90,50,8,7,7,Software Engineer
11,Commerce,Accountancy,Finance,Analysis,77,43,69,88,6,5,8,Chartered Accountant
12,Arts,English,Writing,Writing,99,85,59,82,8,6,3,Journalist
11,Science,Computer Science,Programming,Programming,78,82,83,89,4,5,8,Software Engineer
12,Commerce,Economics,Finance,Mathematics,65,62,42,63,7,6,10,Chartered Accountant
11,Arts,English,Design,Creativity,98,87,52,86,9,7,8,Graphic Designer
12,Commerce,Business Studies,Management,Communication,69,82,59,65,6,6,9,Business Manager
11,Science,Computer Science,Artificial Intelligence,Analysis,72,51,94,56,8,1,1,Data Scientist
11,Commerce,Economics,Finance,Mathematics,60,41,58,45,7,8,9,Financial Analyst
12,Commerce,Economics,Finance,Analysis,89,99,66,55,1,1,3,Chartered Accountant
12,Arts,History,Writing,Writing,71,57,86,85,7,8,2,Journalist
11,Commerce,Mathematics,Finance,Mathematics,70,89,75,75,8,7,6,Financial Analyst
11,Commerce,Business Studies,Management,Leadership,77,57,69,89,1,6,3,Business Manager
11,Arts,English,Design,Creativity,55,53,41,76,3,8,5,Graphic Designer
12,Science,Computer Science,Artificial Intelligence,Analysis,58,43,95,88,9,1,7,Data Scientist
11,Science,Biology,Healthcare,Research,93,73,50,68,7,5,10,Doctor
12,Science,Computer Science,Artificial Intelligence,Programming,99,89,86,40,5,5,5,Data Scientist
11,Science,Mathematics,Technology,Programming,94,86,43,51,10,9,1,Data Scientist
11,Arts,English,Writing,Writing,75,97,69,72,9,7,10,Journalist
12,Science,Physics,Engineering,Mathematics,75,48,53,83,4,10,8,Engineer
11,Science,Mathematics,Engineering,Problem Solving,72,51,91,49,9,6,2,Engineer
11,Arts,Political Science,Government,Research,81,42,46,84,9,3,5,Civil Services
12,Science,Chemistry,Healthcare,Research,73,59,61,40,4,8,10,Doctor
12,Commerce,Economics,Finance,Analysis,72,77,99,54,7,5,1,Financial Analyst
12,Commerce,Economics,Finance,Analysis,91,97,79,64,5,7,2,Financial Analyst
12,Commerce,Business Studies,Business,Communication,76,72,95,93,5,10,9,Business Manager
11,Arts,English,Writing,Writing,98,67,62,99,9,8,6,Journalist
12,Arts,English,Design,Creativity,92,93,100,47,1,3,4,Graphic Designer
12,Commerce,Business Studies,Business,Leadership,84,100,69,63,1,7,2,Business Manager
12,Arts,Political Science,Government,Research,93,78,79,94,1,5,1,Civil Services
11,Commerce,Business Studies,Management,Communication,58,51,64,81,5,5,3,Business Manager
12,Science,Chemistry,Healthcare,Research,65,99,100,94,1,5,2,Doctor
12,Science,Mathematics,Technology,Analysis,73,62,88,75,4,10,5,Data Scientist
11,Arts,History,Writing,Communication,68,83,67,52,6,4,7,Journalist
11,Commerce,Business Studies,Business,Leadership,71,58,40,65,2,6,5,Business Manager
12,Science,Computer Science,Technology,Analysis,88,67,51,86,2,10,4,Data Scientist
11,Science,Mathematics,Technology,Programming,92,64,47,93,5,7,6,Software Engineer
12,Arts,History,Writing,Communication,79,91,98,57,5,2,3,Journalist
12,Science,Physics,Engineering,Mathematics,62,72,90,99,2,6,2,Engineer
11,Science,Mathematics,Engineering,Problem Solving,80,55,84,96,4,10,10,Engineer
11,Science,Physics,Engineering,Mathematics,85,62,45,78,7,10,9,Engineer
11,Commerce,Economics,Finance,Mathematics,94,79,63,73,9,1,3,Financial Analyst
11,Commerce,Accountancy,Finance,Analysis,64,57,84,70,10,6,2,Chartered Accountant
12,Arts,Political Science,Government,Research,61,71,77,68,3,6,3,Civil Services
11,Commerce,Economics,Finance,Mathematics,58,89,48,88,6,8,6,Financial Analyst
12,Science,Physics,Engineering,Mathematics,92,58,81,50,3,5,10,Engineer
11,Arts,History,Government,Leadership,79,47,68,88,8,6,9,Civil Services
11,Arts,English,Writing,Writing,62,90,70,55,3,6,3,Journalist
12,Science,Mathematics,Programming,Programming,65,50,99,78,6,3,4,Software Engineer
12,Science,Mathematics,Engineering,Mathematics,86,89,59,44,10,3,3,Engineer
12,Science,Mathematics,Technology,Problem Solving,75,83,47,64,3,5,9,Software Engineer
11,Science,Computer Science,Artificial Intelligence,Programming,85,40,62,93,5,10,7,Data Scientist
11,Science,Biology,Healthcare,Communication,89,93,63,95,6,9,7,Doctor
12,Commerce,Mathematics,Finance,Analysis,85,94,100,96,4,6,8,Financial Analyst
11,Commerce,Business Studies,Business,Communication,86,40,78,81,1,5,5,Business Manager
12,Arts,History,Writing,Writing,85,82,91,85,6,6,10,Journalist
12,Science,Mathematics,Engineering,Mathematics,70,62,65,73,4,3,2,Engineer
11,Commerce,Accountancy,Finance,Analysis,98,93,73,94,6,10,8,Chartered Accountant
12,Science,Mathematics,Engineering,Problem Solving,87,44,90,89,4,4,7,Engineer
11,Arts,English,Design,Creativity,86,75,76,64,8,1,7,Graphic Designer
12,Science,Computer Science,Artificial Intelligence,Programming,99,99,58,68,4,8,6,Data Scientist
11,Science,Computer Science,Artificial Intelligence,Analysis,96,60,56,93,1,3,1,Data Scientist
12,Science,Biology,Healthcare,Communication,71,65,69,97,4,9,1,Doctor
12,Arts,History,Writing,Communication,77,74,95,80,5,5,9,Journalist
12,Science,Computer Science,Technology,Programming,55,61,87,95,9,4,1,Software Engineer
11,Science,Computer Science,Technology,Analysis,93,59,82,43,9,5,10,Data Scientist
12,Arts,Political Science,Government,Research,92,54,89,46,5,2,4,Civil Services
11,Commerce,Business Studies,Business,Communication,55,73,97,47,8,2,7,Business Manager
11,Science,Chemistry,Healthcare,Research,100,54,78,65,5,7,2,Doctor
12,Science,Computer Science,Technology,Problem Solving,92,72,87,97,4,4,1,Software Engineer
12,Commerce,Economics,Finance,Mathematics,76,90,77,62,7,3,3,Chartered Accountant
11,Commerce,Business Studies,Management,Leadership,58,52,80,43,9,8,4,Business Manager
11,Commerce,Mathematics,Finance,Analysis,99,75,63,72,7,3,6,Financial Analyst
12,Commerce,Economics,Finance,Mathematics,93,64,42,62,3,6,6,Financial Analyst
12,Commerce,Business Studies,Business,Leadership,91,57,52,84,10,10,4,Business Manager
11,Arts,English,Design,Creativity,88,84,52,68,4,4,1,Graphic Designer
11,Commerce,Economics,Finance,Analysis,68,61,59,97,7,10,10,Financial Analyst
12,Arts,Political Science,Government,Leadership,56,78,87,55,2,6,4,Civil Services
12,Commerce,Mathematics,Finance,Analysis,81,91,70,77,8,10,6,Financial Analyst
12,Arts,Political Science,Government,Research,77,87,94,64,4,7,1,Civil Services
12,Arts,History,Government,Leadership,89,50,53,43,7,7,5,Civil Services
11,Science,Mathematics,Technology,Problem Solving,64,88,43,64,1,6,1,Software Engineer
11,Arts,English,Design,Creativity,77,95,52,76,8,2,7,Graphic Designer
11,Science,Mathematics,Technology,Analysis,93,93,84,62,9,5,4,Data Scientist
12,Science,Biology,Healthcare,Research,93,63,92,53,8,3,2,Doctor
11,Science,Biology,Healthcare,Communication,83,59,44,79,7,6,9,Doctor
12,Arts,History,Writing,Writing,70,70,50,44,7,9,3,Journalist
12,Arts,English,Design,Creativity,73,65,81,80,6,5,2,Graphic Designer
12,Science,Chemistry,Healthcare,Research,89,82,79,91,7,8,3,Doctor
12,Science,Mathematics,Engineering,Mathematics,90,74,80,42,10,8,9,Engineer
12,Science,Chemistry,Healthcare,Research,73,58,93,67,4,5,8,Doctor
11,Arts,Political Science,Government,Research,65,44,48,95,2,9,3,Civil Services
12,Science,Mathematics,Engineering,Mathematics,60,86,49,82,7,1,7,Engineer
11,Commerce,Economics,Finance,Analysis,90,55,87,70,10,8,1,Chartered Accountant
12,Arts,History,Government,Leadership,96,60,74,79,1,4,9,Civil Services
11,Arts,English,Design,Creativity,69,79,59,68,2,10,2,Graphic Designer
12,Commerce,Economics,Finance,Mathematics,100,70,73,45,8,2,5,Financial Analyst
12,Science,Mathematics,Programming,Programming,65,57,99,70,7,1,4,Software Engineer
12,Science,Chemistry,Healthcare,Research,88,82,85,82,2,1,9,Doctor
12,Commerce,Economics,Finance,Mathematics,99,55,80,94,4,8,10,Chartered Accountant
11,Science,Physics,Engineering,Problem Solving,84,98,41,88,1,7,4,Engineer
11,Commerce,Business Studies,Business,Communication,76,40,57,65,9,9,1,Business Manager
11,Science,Biology,Healthcare,Research,55,48,75,88,8,3,7,Doctor
12,Commerce,Business Studies,Management,Leadership,65,83,60,52,4,7,10,Business Manager
12,Arts,History,Government,Research,77,46,49,81,1,5,1,Civil Services
11,Science,Mathematics,Artificial Intelligence,Programming,67,55,51,74,5,3,4,Data Scientist
12,Commerce,Business Studies,Management,Communication,78,47,98,58,10,10,3,Business Manager
11,Commerce,Business Studies,Management,Leadership,59,42,77,71,1,9,4,Business Manager
11,Commerce,Economics,Finance,Analysis,59,99,95,49,5,7,7,Financial Analyst
12,Science,Chemistry,Healthcare,Research,58,71,62,66,9,4,7,Doctor
11,Commerce,Mathematics,Finance,Analysis,97,96,73,48,5,6,7,Financial Analyst
11,Arts,Political Science,Government,Research,56,57,52,82,1,4,3,Civil Services
12,Commerce,Business Studies,Business,Leadership,75,55,93,57,4,5,2,Business Manager
11,Commerce,Mathematics,Finance,Analysis,90,99,84,94,9,8,5,Financial Analyst
11,Commerce,Mathematics,Finance,Analysis,70,84,75,70,8,3,7,Financial Analyst
11,Science,Computer Science,Technology,Analysis,70,85,42,96,9,5,10,Data Scientist
12,Arts,English,Design,Creativity,98,41,89,88,7,6,1,Graphic Designer
11,Science,Mathematics,Technology,Programming,94,66,52,97,9,4,7,Data Scientist
12,Science,Physics,Engineering,Problem Solving,94,100,55,68,4,10,3,Engineer
11,Arts,History,Writing,Writing,61,97,88,92,5,3,7,Journalist
11,Arts,History,Government,Research,62,63,51,85,3,6,10,Civil Services
12,Commerce,Economics,Finance,Analysis,89,65,57,65,6,7,2,Chartered Accountant
12,Commerce,Economics,Finance,Mathematics,70,40,46,93,5,7,8,Chartered Accountant
11,Commerce,Economics,Finance,Analysis,76,89,84,57,5,10,1,Financial Analyst
12,Science,Computer Science,Technology,Problem Solving,75,82,55,68,2,7,4,Software Engineer
11,Arts,English,Design,Creativity,77,75,75,47,8,4,1,Graphic Designer
12,Science,Mathematics,Technology,Programming,74,56,95,41,9,3,1,Data Scientist
11,Arts,English,Design,Creativity,69,45,63,73,10,3,7,Graphic Designer
12,Arts,English,Design,Creativity,87,60,63,79,6,5,2,Graphic Designer
12,Science,Mathematics,Artificial Intelligence,Programming,65,96,59,97,3,1,1,Data Scientist
11,Commerce,Economics,Finance,Mathematics,88,62,47,87,3,2,10,Financial Analyst
12,Science,Physics,Engineering,Problem Solving,88,68,69,86,8,1,10,Engineer
12,Science,Computer Science,Technology,Programming,76,50,46,97,4,9,8,Software Engineer
11,Arts,English,Design,Creativity,68,61,51,93,2,7,4,Graphic Designer
11,Arts,English,Design,Creativity,81,81,71,46,4,10,5,Graphic Designer
11,Commerce,Business Studies,Management,Leadership,82,74,58,76,2,7,9,Business Manager
12,Science,Mathematics,Artificial Intelligence,Analysis,87,47,100,75,9,4,1,Data Scientist
11,Commerce,Business Studies,Business,Leadership,80,74,70,96,3,1,10,Business Manager
12,Science,Mathematics,Artificial Intelligence,Analysis,57,42,84,63,3,5,7,Data Scientist
12,Science,Physics,Engineering,Problem Solving,73,79,90,76,10,2,9,Engineer
12,Commerce,Business Studies,Business,Leadership,78,94,59,78,9,7,6,Business Manager
12,Science,Mathematics,Programming,Programming,86,46,50,75,6,3,4,Software Engineer
12,Commerce,Accountancy,Finance,Analysis,99,53,69,88,1,9,2,Chartered Accountant
11,Arts,Political Science,Government,Leadership,62,95,91,59,4,8,5,Civil Services
11,Arts,English,Design,Creativity,96,96,88,95,4,5,7,Graphic Designer
12,Arts,History,Government,Research,99,73,51,63,8,8,2,Civil Services
12,Science,Mathematics,Engineering,Mathematics,94,68,62,84,1,9,4,Engineer
11,Commerce,Business Studies,Management,Communication,88,45,69,73,3,2,4,Business Manager
12,Arts,English,Design,Creativity,68,97,43,72,6,1,9,Graphic Designer
11,Arts,History,Government,Research,99,72,79,76,4,7,10,Civil Services
12,Arts,Political Science,Government,Research,95,45,55,60,9,10,9,Civil Services
11,Science,Computer Science,Programming,Problem Solving,73,53,89,95,3,10,4,Software Engineer
12,Science,Biology,Healthcare,Communication,71,65,50,80,10,8,8,Doctor
11,Science,Computer Science,Technology,Programming,89,72,71,91,7,2,2,Software Engineer
12,Commerce,Accountancy,Finance,Analysis,65,97,98,59,8,1,1,Chartered Accountant
12,Science,Mathematics,Engineering,Problem Solving,93,88,63,83,6,1,10,Engineer
12,Science,Biology,Healthcare,Communication,83,44,85,55,5,1,8,Doctor
12,Arts,Political Science,Government,Leadership,56,60,77,56,9,1,9,Civil Services
12,Science,Mathematics,Artificial Intelligence,Analysis,83,45,89,92,7,10,10,Data Scientist
11,Commerce,Business Studies,Business,Communication,72,75,54,89,2,3,3,Business Manager
11,Arts,English,Design,Creativity,88,81,68,43,5,6,4,Graphic Designer
12,Commerce,Business Studies,Management,Communication,79,83,85,93,2,3,5,Business Manager
11,Commerce,Accountancy,Finance,Mathematics,96,52,67,98,2,9,8,Chartered Accountant
12,Commerce,Economics,Finance,Mathematics,78,95,69,88,3,4,8,Chartered Accountant
11,Science,Mathematics,Engineering,Mathematics,57,56,42,56,9,1,9,Engineer
11,Commerce,Economics,Finance,Analysis,64,67,69,55,6,5,2,Financial Analyst
11,Commerce,Mathematics,Finance,Mathematics,55,56,92,49,3,7,8,Financial Analyst
12,Commerce,Economics,Finance,Mathematics,99,74,90,55,10,10,10,Chartered Accountant
12,Science,Physics,Engineering,Problem Solving,83,78,86,67,4,4,2,Engineer
11,Science,Chemistry,Healthcare,Communication,95,43,52,43,10,4,1,Doctor
11,Arts,History,Government,Research,94,84,82,91,10,1,4,Civil Services
11,Arts,English,Design,Creativity,94,64,74,83,3,2,7,Graphic Designer
12,Science,Computer Science,Artificial Intelligence,Analysis,86,45,61,97,4,5,6,Data Scientist
11,Science,Computer Science,Technology,Analysis,86,85,89,100,9,10,7,Data Scientist
12,Science,Computer Science,Programming,Programming,88,98,61,83,4,3,8,Software Engineer
12,Science,Computer Science,Technology,Programming,68,97,65,58,4,7,2,Software Engineer
12,Commerce,Accountancy,Finance,Analysis,83,57,76,76,5,10,7,Chartered Accountant
12,Arts,History,Writing,Writing,87,52,43,49,8,8,5,Journalist
12,Science,Mathematics,Technology,Problem Solving,75,87,73,87,5,8,4,Software Engineer
12,Arts,English,Design,Creativity,64,44,59,77,3,4,10,Graphic Designer
12,Science,Computer Science,Programming,Problem Solving,88,79,59,71,7,2,1,Software Engineer
12,Science,Mathematics,Artificial Intelligence,Programming,81,74,56,49,1,5,3,Data Scientist
11,Commerce,Accountancy,Finance,Mathematics,58,69,78,42,2,9,7,Chartered Accountant
12,Science,Biology,Healthcare,Research,66,76,43,67,6,6,3,Doctor
12,Science,Mathematics,Engineering,Problem Solving,78,51,85,71,6,4,7,Engineer
11,Commerce,Mathematics,Finance,Analysis,96,57,53,82,8,8,1,Financial Analyst
12,Arts,Political Science,Government,Research,73,55,43,41,4,8,3,Civil Services
12,Arts,English,Writing,Communication,88,80,90,40,7,3,2,Journalist
12,Arts,History,Government,Leadership,77,78,95,46,1,5,6,Civil Services
12,Science,Chemistry,Healthcare,Research,75,53,85,76,2,9,4,Doctor
11,Commerce,Mathematics,Finance,Mathematics,65,56,50,63,5,8,3,Financial Analyst
12,Commerce,Accountancy,Finance,Mathematics,91,67,47,75,3,9,1,Chartered Accountant
12,Arts,English,Design,Creativity,57,70,80,59,3,10,5,Graphic Designer
12,Commerce,Economics,Finance,Analysis,75,99,74,79,1,6,5,Chartered Accountant
12,Arts,History,Writing,Writing,66,71,72,70,6,7,2,Journalist
12,Arts,English,Design,Creativity,71,44,70,59,2,9,5,Graphic Designer
11,Science,Chemistry,Healthcare,Research,60,93,47,84,4,6,2,Doctor
11,Science,Computer Science,Programming,Problem Solving,95,97,68,46,10,8,10,Software Engineer
12,Arts,English,Design,Creativity,81,59,42,46,7,8,2,Graphic Designer
11,Arts,Political Science,Government,Research,89,58,62,81,9,10,9,Civil Services
12,Science,Mathematics,Engineering,Mathematics,92,88,59,71,1,8,1,Engineer
11,Arts,English,Writing,Writing,69,85,70,83,1,4,2,Journalist
11,Arts,English,Writing,Writing,97,74,40,52,9,1,9,Journalist
11,Science,Mathematics,Technology,Analysis,71,49,68,48,8,5,10,Data Scientist
12,Commerce,Accountancy,Finance,Analysis,95,57,74,74,9,3,9,Chartered Accountant
11,Commerce,Business Studies,Business,Communication,71,62,84,97,2,2,10,Business Manager
12,Commerce,Mathematics,Finance,Analysis,82,60,43,53,9,1,8,Financial Analyst
11,Science,Mathematics,Engineering,Problem Solving,85,85,73,67,1,6,10,Engineer
12,Science,Physics,Engineering,Problem Solving,89,93,51,86,6,9,9,Engineer
11,Arts,Political Science,Government,Research,85,86,62,71,6,7,1,Civil Services
11,Science,Mathematics,Programming,Programming,96,55,67,87,1,4,2,Software Engineer
11,Arts,English,Design,Creativity,76,46,41,66,4,7,8,Graphic Designer
12,Commerce,Economics,Finance,Mathematics,95,66,57,86,5,7,3,Chartered Accountant
11,Science,Physics,Engineering,Mathematics,70,98,50,41,5,3,4,Engineer
12,Commerce,Economics,Finance,Mathematics,99,57,99,92,7,9,4,Financial Analyst
11,Arts,Political Science,Government,Research,77,41,98,88,8,4,1,Civil Services
11,Commerce,Business Studies,Management,Communication,75,43,67,82,9,3,10,Business Manager
12,Commerce,Mathematics,Finance,Mathematics,91,45,97,76,5,2,7,Financial Analyst
11,Commerce,Business Studies,Business,Communication,74,71,49,91,5,5,9,Business Manager
11,Commerce,Economics,Finance,Analysis,86,83,93,95,3,6,8,Financial Analyst
11,Science,Computer Science,Artificial Intelligence,Programming,88,89,69,72,10,8,10,Data Scientist
11,Commerce,Economics,Finance,Analysis,94,56,87,50,5,1,4,Financial Analyst
12,Science,Mathematics,Artificial Intelligence,Programming,99,54,47,71,5,3,8,Data Scientist
11,Arts,Political Science,Government,Leadership,82,60,73,53,8,10,5,Civil Services
12,Science,Biology,Healthcare,Research,58,53,58,99,9,5,10,Doctor
12,Science,Mathematics,Technology,Analysis,74,69,42,78,8,3,5,Data Scientist
11,Commerce,Economics,Finance,Analysis,56,42,57,77,3,6,7,Chartered Accountant
12,Arts,History,Writing,Writing,72,87,49,88,9,5,3,Journalist
12,Commerce,Accountancy,Finance,Analysis,79,87,55,99,4,9,5,Chartered Accountant
12,Arts,English,Design,Creativity,91,87,50,82,7,5,3,Graphic Designer
11,Science,Mathematics,Artificial Intelligence,Analysis,85,54,50,60,10,2,3,Data Scientist
12,Arts,English,Design,Creativity,98,69,92,59,3,5,2,Graphic Designer
11,Commerce,Mathematics,Finance,Analysis,63,99,52,56,5,3,8,Financial Analyst
12,Arts,English,Design,Creativity,96,73,48,45,1,9,4,Graphic Designer
12,Commerce,Accountancy,Finance,Mathematics,65,56,99,96,8,8,7,Chartered Accountant
11,Commerce,Economics,Finance,Mathematics,65,80,69,49,3,8,10,Financial Analyst
11,Science,Mathematics,Programming,Problem Solving,84,46,51,51,9,9,2,Software Engineer
11,Science,Computer Science,Programming,Problem Solving,66,90,60,54,5,1,6,Software Engineer
11,Science,Mathematics,Technology,Problem Solving,63,95,84,72,1,5,9,Software Engineer
11,Arts,History,Government,Research,62,64,82,48,5,8,9,Civil Services
12,Science,Computer Science,Programming,Problem Solving,77,67,84,73,3,4,7,Software Engineer
12,Arts,English,Design,Creativity,91,52,98,88,3,8,7,Graphic Designer
11,Arts,History,Government,Leadership,84,84,59,71,2,7,7,Civil Services
11,Commerce,Accountancy,Finance,Analysis,57,100,100,58,5,1,8,Chartered Accountant
11,Commerce,Mathematics,Finance,Analysis,80,85,75,42,8,10,10,Financial Analyst
12,Science,Computer Science,Artificial Intelligence,Programming,59,43,89,64,3,10,2,Data Scientist
12,Arts,English,Design,Creativity,70,97,81,98,7,7,6,Graphic Designer
12,Commerce,Business Studies,Business,Leadership,55,40,61,50,7,8,1,Business Manager
11,Arts,English,Writing,Communication,59,86,67,51,9,10,1,Journalist
12,Commerce,Economics,Finance,Analysis,84,85,53,99,9,10,8,Chartered Accountant
11,Commerce,Business Studies,Business,Leadership,76,97,68,44,2,1,2,Business Manager
12,Science,Chemistry,Healthcare,Communication,71,99,64,85,3,9,6,Doctor
11,Commerce,Accountancy,Finance,Analysis,100,63,94,88,5,10,1,Chartered Accountant
11,Commerce,Economics,Finance,Analysis,98,90,45,62,1,2,8,Financial Analyst
12,Arts,English,Design,Creativity,58,44,40,85,6,4,3,Graphic Designer
11,Science,Chemistry,Healthcare,Communication,97,76,48,73,8,4,9,Doctor
12,Science,Computer Science,Technology,Programming,60,86,65,89,8,5,10,Data Scientist
11,Science,Physics,Engineering,Mathematics,75,68,91,60,8,4,9,Engineer
12,Commerce,Business Studies,Business,Communication,82,60,73,84,1,4,4,Business Manager
12,Science,Mathematics,Programming,Problem Solving,100,94,75,41,3,1,7,Software Engineer
11,Arts,English,Design,Creativity,60,64,57,54,4,9,7,Graphic Designer
11,Commerce,Accountancy,Finance,Mathematics,55,93,63,94,4,2,4,Chartered Accountant
12,Commerce,Economics,Finance,Mathematics,97,79,77,84,8,6,6,Financial Analyst
12,Arts,Political Science,Government,Research,64,52,80,77,6,4,6,Civil Services
11,Arts,Political Science,Government,Leadership,55,41,87,43,10,1,1,Civil Services
11,Arts,English,Design,Creativity,98,58,47,72,3,9,2,Graphic Designer
11,Arts,History,Writing,Writing,94,88,41,98,9,8,4,Journalist
11,Arts,English,Writing,Writing,79,99,94,42,8,3,8,Journalist
12,Commerce,Business Studies,Management,Communication,82,98,59,49,8,2,9,Business Manager
12,Science,Computer Science,Programming,Programming,83,40,85,82,8,2,6,Software Engineer
11,Arts,English,Design,Creativity,85,46,53,80,8,5,2,Graphic Designer
11,Science,Mathematics,Artificial Intelligence,Analysis,55,91,55,92,2,10,1,Data Scientist
12,Science,Physics,Engineering,Mathematics,63,45,81,56,3,9,10,Engineer
12,Commerce,Accountancy,Finance,Analysis,93,98,42,44,9,5,10,Chartered Accountant
12,Science,Mathematics,Technology,Programming,88,71,88,80,1,9,3,Software Engineer
11,Commerce,Accountancy,Finance,Mathematics,77,65,89,81,6,2,2,Chartered Accountant
12,Commerce,Economics,Finance,Analysis,63,98,46,56,10,8,6,Financial Analyst
12,Arts,History,Writing,Writing,93,68,53,63,5,10,7,Journalist
12,Commerce,Economics,Finance,Mathematics,98,53,79,47,1,8,5,Chartered Accountant
12,Commerce,Business Studies,Management,Leadership,78,76,43,47,8,2,7,Business Manager
11,Arts,History,Government,Leadership,68,75,63,65,4,10,10,Civil Services
12,Science,Mathematics,Technology,Programming,83,49,71,68,7,8,3,Data Scientist
11,Science,Computer Science,Programming,Problem Solving,89,79,51,47,9,2,4,Software Engineer
12,Arts,Political Science,Government,Leadership,66,78,73,88,6,10,8,Civil Services
12,Arts,English,Design,Creativity,68,92,48,86,5,5,4,Graphic Designer
12,Commerce,Accountancy,Finance,Mathematics,61,91,81,50,5,7,9,Chartered Accountant
12,Commerce,Business Studies,Management,Leadership,56,46,65,70,4,3,3,Business Manager
12,Science,Computer Science,Technology,Programming,81,66,51,52,2,6,5,Data Scientist
12,Commerce,Mathematics,Finance,Mathematics,97,67,57,45,4,1,4,Financial Analyst
12,Commerce,Economics,Finance,Analysis,72,87,60,65,6,9,5,Chartered Accountant
12,Science,Mathematics,Technology,Programming,58,72,64,69,7,8,2,Data Scientist
11,Science,Biology,Healthcare,Communication,84,74,57,74,6,7,7,Doctor
11,Science,Computer Science,Technology,Programming,64,66,63,76,9,4,5,Data Scientist
12,Science,Mathematics,Technology,Programming,84,86,84,51,5,5,2,Software Engineer
11,Science,Computer Science,Technology,Analysis,90,75,85,40,2,6,2,Data Scientist
11,Science,Mathematics,Programming,Problem Solving,75,63,66,61,5,1,4,Software Engineer
11,Arts,Political Science,Government,Leadership,63,84,89,58,6,5,7,Civil Services
11,Commerce,Business Studies,Business,Communication,58,47,95,42,8,9,10,Business Manager
12,Commerce,Economics,Finance,Mathematics,72,88,57,84,4,1,4,Chartered Accountant
11,Commerce,Business Studies,Business,Leadership,85,92,56,64,6,8,2,Business Manager
12,Commerce,Business Studies,Business,Communication,68,88,93,46,1,5,3,Business Manager
11,Arts,History,Writing,Writing,77,52,99,57,7,2,2,Journalist
11,Science,Mathematics,Engineering,Problem Solving,93,48,59,71,6,8,10,Engineer
12,Commerce,Mathematics,Finance,Analysis,78,99,68,58,8,10,3,Financial Analyst
11,Arts,English,Design,Creativity,78,74,79,52,9,9,9,Graphic Designer
11,Commerce,Business Studies,Management,Leadership,65,90,60,86,1,6,1,Business Manager
11,Science,Biology,Healthcare,Research,74,46,52,85,2,9,10,Doctor
11,Commerce,Economics,Finance,Analysis,61,45,96,49,7,5,10,Financial Analyst
12,Arts,History,Government,Leadership,55,57,84,82,3,3,6,Civil Services
12,Science,Chemistry,Healthcare,Research,89,82,78,41,4,4,10,Doctor
12,Commerce,Mathematics,Finance,Analysis,85,87,49,81,1,7,8,Financial Analyst
11,Science,Computer Science,Technology,Programming,88,99,66,41,2,2,6,Data Scientist
11,Arts,English,Writing,Communication,81,55,66,49,8,3,4,Journalist
12,Arts,History,Government,Leadership,85,62,96,78,6,7,5,Civil Services
11,Commerce,Economics,Finance,Mathematics,77,54,78,85,7,5,5,Financial Analyst
11,Arts,English,Writing,Communication,93,83,66,77,10,5,7,Journalist
12,Science,Computer Science,Technology,Analysis,77,77,42,81,5,9,9,Data Scientist
11,Science,Computer Science,Technology,Problem Solving,76,99,43,52,2,6,5,Software Engineer
12,Arts,English,Writing,Communication,96,94,94,52,6,3,5,Journalist
12,Science,Computer Science,Artificial Intelligence,Analysis,76,50,72,73,5,9,10,Data Scientist
11,Arts,Political Science,Government,Leadership,66,53,86,79,3,7,4,Civil Services
11,Commerce,Accountancy,Finance,Mathematics,61,79,97,62,3,5,8,Chartered Accountant
12,Arts,History,Writing,Writing,62,54,50,57,9,10,5,Journalist
11,Commerce,Economics,Finance,Analysis,68,97,50,74,3,8,6,Financial Analyst
11,Science,Computer Science,Technology,Analysis,96,83,70,94,3,2,4,Data Scientist
12,Arts,History,Government,Research,64,83,63,56,2,10,7,Civil Services
11,Science,Biology,Healthcare,Research,85,90,97,80,8,6,9,Doctor
11,Arts,English,Writing,Writing,80,57,53,40,3,7,10,Journalist
12,Arts,English,Design,Creativity,94,71,78,64,10,3,4,Graphic Designer
11,Arts,History,Writing,Communication,61,46,87,55,7,2,6,Journalist
12,Commerce,Business Studies,Management,Leadership,68,94,100,52,4,5,5,Business Manager
12,Arts,English,Writing,Writing,79,88,79,99,9,3,7,Journalist
11,Science,Computer Science,Technology,Problem Solving,91,72,83,80,8,4,9,Software Engineer
12,Commerce,Business Studies,Management,Communication,79,100,61,41,3,6,4,Business Manager
12,Science,Mathematics,Engineering,Problem Solving,77,91,99,41,10,6,7,Engineer
12,Science,Biology,Healthcare,Research,84,44,62,78,2,4,5,Doctor
12,Arts,English,Design,Creativity,55,97,98,89,3,5,4,Graphic Designer
11,Commerce,Economics,Finance,Mathematics,99,62,84,49,8,5,1,Financial Analyst
11,Arts,English,Writing,Communication,100,55,43,95,2,2,9,Journalist
12,Commerce,Economics,Finance,Mathematics,79,40,74,64,4,6,1,Chartered Accountant
11,Arts,Political Science,Government,Research,65,77,43,95,4,3,7,Civil Services
12,Arts,English,Writing,Writing,74,50,57,90,10,4,10,Journalist
12,Science,Chemistry,Healthcare,Communication,58,72,83,69,9,7,10,Doctor
12,Commerce,Business Studies,Management,Leadership,64,74,98,50,6,8,7,Business Manager
12,Science,Biology,Healthcare,Communication,63,49,42,84,7,9,7,Doctor
11,Science,Biology,Healthcare,Communication,64,89,95,93,6,10,6,Doctor
12,Commerce,Business Studies,Business,Communication,97,91,41,99,1,7,9,Business Manager
12,Commerce,Mathematics,Finance,Analysis,73,64,84,61,5,3,4,Financial Analyst
12,Science,Biology,Healthcare,Research,98,58,75,98,5,2,4,Doctor
12,Arts,English,Writing,Writing,56,96,40,75,8,6,2,Journalist
12,Science,Computer Science,Technology,Programming,92,64,99,98,10,10,2,Data Scientist
12,Commerce,Business Studies,Management,Leadership,73,99,45,82,3,9,7,Business Manager
12,Commerce,Economics,Finance,Analysis,75,100,62,73,7,6,6,Financial Analyst
11,Science,Mathematics,Programming,Problem Solving,96,75,71,68,7,5,6,Software Engineer
12,Arts,English,Design,Creativity,87,92,57,68,2,7,3,Graphic Designer
12,Science,Chemistry,Healthcare,Communication,86,53,99,100,9,3,1,Doctor
12,Science,Computer Science,Artificial Intelligence,Programming,80,97,46,63,3,10,10,Data Scientist
12,Commerce,Business Studies,Business,Leadership,77,92,54,81,6,8,1,Business Manager
11,Science,Mathematics,Engineering,Problem Solving,99,89,40,53,8,5,5,Engineer
12,Science,Physics,Engineering,Mathematics,62,85,42,96,7,10,10,Engineer
11,Science,Biology,Healthcare,Research,61,75,90,62,8,6,1,Doctor
12,Arts,English,Design,Creativity,70,79,40,89,6,7,6,Graphic Designer
11,Arts,History,Government,Leadership,74,50,72,90,2,3,6,Civil Services
11,Science,Physics,Engineering,Mathematics,76,71,95,77,5,4,9,Engineer
12,Commerce,Business Studies,Management,Leadership,81,82,78,93,3,4,1,Business Manager
12,Arts,History,Writing,Writing,72,76,47,89,6,6,8,Journalist
11,Arts,English,Design,Creativity,85,77,53,51,9,1,1,Graphic Designer
11,Commerce,Accountancy,Finance,Analysis,88,60,41,90,1,6,9,Chartered Accountant
11,Science,Biology,Healthcare,Communication,60,52,79,86,1,2,6,Doctor
12,Commerce,Economics,Finance,Mathematics,85,77,67,64,7,9,5,Financial Analyst
11,Arts,English,Design,Creativity,61,42,71,65,10,5,5,Graphic Designer
11,Arts,Political Science,Government,Research,100,78,44,40,8,6,5,Civil Services
12,Science,Mathematics,Engineering,Problem Solving,62,93,86,45,1,6,1,Engineer
11,Science,Mathematics,Technology,Programming,91,57,75,86,2,2,1,Data Scientist
12,Arts,History,Writing,Writing,78,60,83,89,4,5,6,Journalist
12,Arts,Political Science,Government,Research,98,72,49,86,7,10,6,Civil Services
12,Commerce,Mathematics,Finance,Analysis,88,94,89,93,6,4,5,Financial Analyst
12,Arts,English,Design,Creativity,86,45,97,78,9,8,3,Graphic Designer
12,Arts,English,Writing,Communication,79,70,95,74,2,5,6,Journalist
12,Commerce,Economics,Finance,Analysis,55,89,47,66,3,9,10,Chartered Accountant
12,Science,Physics,Engineering,Problem Solving,81,87,46,84,1,3,3,Engineer
12,Commerce,Business Studies,Management,Communication,61,62,87,88,3,2,2,Business Manager
11,Arts,English,Design,Creativity,91,86,86,97,10,6,4,Graphic Designer
12,Commerce,Economics,Finance,Analysis,95,52,44,52,7,8,5,Chartered Accountant
12,Commerce,Business Studies,Management,Leadership,67,89,83,93,8,6,2,Business Manager
11,Commerce,Economics,Finance,Analysis,92,73,97,62,5,5,6,Financial Analyst
12,Science,Mathematics,Programming,Problem Solving,83,51,85,65,5,4,5,Software Engineer
11,Arts,History,Government,Research,73,54,60,74,9,1,3,Civil Services
12,Commerce,Mathematics,Finance,Mathematics,85,51,68,97,5,3,7,Financial Analyst
12,Commerce,Economics,Finance,Analysis,91,89,52,88,4,8,10,Chartered Accountant
11,Arts,English,Design,Creativity,85,91,60,59,7,9,2,Graphic Designer
12,Science,Biology,Healthcare,Research,90,79,59,51,9,6,2,Doctor
12,Arts,English,Design,Creativity,99,94,95,97,3,1,4,Graphic Designer
12,Commerce,Business Studies,Business,Communication,85,50,53,81,5,8,6,Business Manager
11,Arts,History,Writing,Writing,56,59,100,68,4,1,2,Journalist
12,Arts,Political Science,Government,Research,100,57,89,98,3,3,2,Civil Services
11,Arts,English,Writing,Writing,96,50,97,51,8,8,7,Journalist
12,Science,Mathematics,Technology,Problem Solving,98,53,76,85,2,5,3,Software Engineer
12,Science,Physics,Engineering,Problem Solving,95,78,72,87,8,1,10,Engineer
12,Commerce,Economics,Finance,Analysis,60,90,79,96,4,3,8,Financial Analyst
11,Arts,English,Design,Creativity,97,92,82,46,5,3,8,Graphic Designer
11,Commerce,Accountancy,Finance,Mathematics,63,74,94,68,3,3,4,Chartered Accountant
11,Science,Chemistry,Healthcare,Communication,83,55,76,72,2,3,10,Doctor
11,Commerce,Accountancy,Finance,Analysis,95,54,74,83,1,5,4,Chartered Accountant
11,Commerce,Business Studies,Business,Communication,71,55,98,61,6,8,10,Business Manager
11,Commerce,Economics,Finance,Analysis,69,80,44,40,5,3,3,Chartered Accountant
11,Commerce,Economics,Finance,Analysis,73,80,41,77,1,7,5,Financial Analyst
11,Arts,History,Writing,Communication,64,73,74,55,5,9,1,Journalist
11,Arts,English,Design,Creativity,94,65,57,52,8,9,3,Graphic Designer
12,Science,Computer Science,Technology,Problem Solving,59,81,41,86,10,2,2,Software Engineer
11,Commerce,Business Studies,Management,Leadership,57,84,89,48,5,2,4,Business Manager
11,Arts,English,Design,Creativity,57,96,72,43,6,1,3,Graphic Designer
12,Commerce,Mathematics,Finance,Mathematics,79,42,82,85,3,6,8,Financial Analyst
11,Commerce,Economics,Finance,Analysis,64,47,63,93,7,7,3,Financial Analyst
12,Arts,English,Design,Creativity,91,70,82,65,8,7,10,Graphic Designer
11,Science,Computer Science,Technology,Analysis,61,78,79,69,1,6,6,Data Scientist
12,Arts,History,Writing,Writing,56,54,90,54,3,2,10,Journalist
12,Commerce,Accountancy,Finance,Analysis,74,87,54,94,9,4,10,Chartered Accountant
11,Science,Biology,Healthcare,Communication,76,80,61,47,6,3,6,Doctor
12,Science,Biology,Healthcare,Communication,98,44,80,93,9,6,8,Doctor
12,Science,Mathematics,Programming,Problem Solving,67,63,65,45,4,4,2,Software Engineer
11,Science,Physics,Engineering,Mathematics,78,93,59,44,4,4,5,Engineer
12,Commerce,Accountancy,Finance,Mathematics,82,45,54,85,4,1,7,Chartered Accountant
12,Science,Computer Science,Technology,Problem Solving,98,62,93,71,1,9,6,Software Engineer
12,Commerce,Business Studies,Business,Leadership,78,72,81,72,1,10,3,Business Manager
12,Arts,English,Design,Creativity,86,85,57,59,6,5,1,Graphic Designer
11,Arts,History,Government,Leadership,93,77,87,86,9,5,4,Civil Services
12,Science,Computer Science,Artificial Intelligence,Analysis,79,61,96,94,5,3,4,Data Scientist
12,Science,Mathematics,Engineering,Mathematics,59,77,95,64,7,5,9,Engineer
11,Commerce,Business Studies,Business,Leadership,58,86,60,97,6,3,1,Business Manager
12,Science,Computer Science,Technology,Programming,82,62,75,58,7,3,7,Software Engineer
12,Commerce,Accountancy,Finance,Mathematics,83,58,59,89,10,1,1,Chartered Accountant
12,Science,Biology,Healthcare,Research,82,73,86,74,4,6,5,Doctor
12,Arts,Political Science,Government,Research,65,48,74,82,8,3,10,Civil Services
11,Science,Mathematics,Engineering,Problem Solving,77,65,48,79,3,8,8,Engineer
11,Arts,History,Government,Leadership,85,86,100,60,5,4,10,Civil Services
12,Commerce,Economics,Finance,Analysis,97,83,50,74,9,8,1,Chartered Accountant
12,Science,Computer Science,Technology,Analysis,83,56,51,59,7,6,5,Data Scientist
12,Commerce,Economics,Finance,Mathematics,69,70,95,95,1,5,6,Financial Analyst
12,Commerce,Economics,Finance,Mathematics,71,78,99,93,6,1,3,Financial Analyst
12,Science,Mathematics,Engineering,Mathematics,78,43,47,71,5,2,9,Engineer
11,Science,Mathematics,Technology,Programming,77,75,77,92,2,9,3,Software Engineer
11,Science,Chemistry,Healthcare,Communication,73,62,100,67,5,6,9,Doctor
11,Commerce,Economics,Finance,Analysis,84,85,98,94,2,4,4,Chartered Accountant
11,Arts,History,Writing,Communication,91,97,83,51,3,5,1,Journalist
12,Science,Mathematics,Technology,Programming,84,58,76,76,6,7,8,Software Engineer
11,Science,Mathematics,Engineering,Problem Solving,93,81,53,43,10,9,10,Engineer
11,Science,Biology,Healthcare,Research,92,93,85,81,6,2,9,Doctor
12,Commerce,Business Studies,Business,Communication,93,42,83,92,7,6,6,Business Manager
12,Science,Mathematics,Engineering,Mathematics,56,51,72,40,1,2,5,Engineer
11,Science,Computer Science,Technology,Programming,89,67,46,60,10,4,3,Data Scientist
11,Arts,English,Design,Creativity,63,68,56,54,4,4,8,Graphic Designer
12,Arts,History,Government,Leadership,76,82,88,83,4,10,2,Civil Services
11,Science,Chemistry,Healthcare,Research,97,63,98,94,9,3,10,Doctor
11,Arts,English,Design,Creativity,60,63,98,78,6,8,7,Graphic Designer
11,Commerce,Economics,Finance,Mathematics,87,49,88,89,3,2,8,Financial Analyst
11,Arts,History,Government,Research,65,64,47,56,1,3,7,Civil Services
12,Science,Computer Science,Technology,Programming,78,87,85,68,9,5,1,Data Scientist
11,Science,Chemistry,Healthcare,Research,90,78,65,98,6,1,8,Doctor
12,Arts,Political Science,Government,Research,81,50,72,44,4,4,9,Civil Services
12,Commerce,Business Studies,Business,Communication,82,90,91,59,8,6,5,Business Manager
12,Science,Computer Science,Technology,Programming,66,62,47,42,2,10,5,Software Engineer
11,Commerce,Business Studies,Business,Leadership,100,50,52,45,10,9,6,Business Manager
12,Arts,Political Science,Government,Research,60,69,79,97,3,3,8,Civil Services
12,Arts,English,Design,Creativity,72,49,69,75,1,6,7,Graphic Designer
11,Arts,English,Design,Creativity,64,41,44,46,6,5,6,Graphic Designer
11,Commerce,Mathematics,Finance,Mathematics,87,48,74,66,1,1,4,Financial Analyst
11,Commerce,Mathematics,Finance,Analysis,93,52,75,76,5,3,2,Financial Analyst
11,Commerce,Economics,Finance,Mathematics,84,40,68,58,6,5,1,Chartered Accountant
11,Science,Mathematics,Technology,Programming,95,80,48,77,1,9,3,Data Scientist
12,Arts,History,Government,Leadership,64,72,42,56,5,2,3,Civil Services
12,Arts,English,Design,Creativity,63,42,56,56,2,3,7,Graphic Designer
11,Commerce,Accountancy,Finance,Analysis,81,54,87,70,2,6,8,Chartered Accountant
12,Arts,Political Science,Government,Research,91,77,55,57,10,9,4,Civil Services
12,Arts,English,Writing,Writing,79,63,51,87,4,8,3,Journalist
11,Science,Biology,Healthcare,Communication,55,96,98,93,1,7,1,Doctor
12,Science,Mathematics,Programming,Programming,87,90,50,54,1,4,6,Software Engineer
11,Commerce,Economics,Finance,Analysis,65,45,86,64,3,5,9,Chartered Accountant
12,Commerce,Economics,Finance,Mathematics,58,54,72,61,10,2,4,Financial Analyst
12,Arts,English,Writing,Writing,59,66,92,75,4,4,5,Journalist
11,Arts,English,Design,Creativity,88,60,89,53,5,9,10,Graphic Designer
11,Science,Computer Science,Technology,Analysis,79,43,62,72,1,10,2,Data Scientist
12,Science,Biology,Healthcare,Communication,73,64,78,75,9,3,8,Doctor
12,Commerce,Business Studies,Management,Communication,68,40,82,47,4,10,3,Business Manager
12,Arts,English,Writing,Communication,93,75,71,40,10,2,6,Journalist
11,Science,Mathematics,Technology,Problem Solving,97,78,84,48,2,2,10,Software Engineer
12,Science,Mathematics,Engineering,Mathematics,55,95,75,100,6,8,10,Engineer
11,Arts,Political Science,Government,Research,73,58,50,83,8,2,4,Civil Services
11,Arts,English,Writing,Writing,98,90,71,89,9,2,3,Journalist
11,Arts,History,Government,Leadership,90,56,93,94,3,5,4,Civil Services
12,Science,Computer Science,Technology,Analysis,62,90,81,83,6,5,5,Data Scientist
12,Science,Mathematics,Technology,Analysis,71,86,75,55,5,7,1,Data Scientist
12,Arts,History,Government,Research,85,69,58,70,3,9,3,Civil Services
12,Arts,English,Design,Creativity,100,85,90,58,9,8,4,Graphic Designer
11,Science,Computer Science,Technology,Programming,84,73,94,88,3,5,5,Software Engineer
12,Commerce,Economics,Finance,Mathematics,63,98,86,52,3,8,1,Chartered Accountant
12,Arts,English,Writing,Communication,88,66,80,96,10,9,4,Journalist
12,Science,Mathematics,Engineering,Problem Solving,59,58,62,53,1,10,7,Engineer
12,Commerce,Economics,Finance,Analysis,56,84,42,89,2,6,3,Financial Analyst
12,Science,Physics,Engineering,Mathematics,95,51,48,73,2,4,4,Engineer
12,Science,Computer Science,Programming,Programming,96,52,97,91,9,9,10,Software Engineer
12,Science,Computer Science,Technology,Problem Solving,90,92,86,72,1,5,1,Software Engineer
12,Arts,English,Design,Creativity,93,87,74,73,8,5,2,Graphic Designer
11,Commerce,Accountancy,Finance,Mathematics,62,69,50,96,9,3,7,Chartered Accountant
11,Science,Mathematics,Artificial Intelligence,Analysis,59,71,45,48,6,3,2,Data Scientist
12,Science,Physics,Engineering,Problem Solving,88,73,99,53,8,2,7,Engineer
11,Commerce,Economics,Finance,Analysis,79,79,42,58,4,1,8,Chartered Accountant
11,Science,Computer Science,Technology,Problem Solving,83,100,53,93,9,6,8,Software Engineer
12,Science,Mathematics,Technology,Programming,60,49,80,74,4,8,4,Software Engineer
11,Commerce,Mathematics,Finance,Analysis,63,95,46,96,9,10,4,Financial Analyst
11,Arts,English,Writing,Writing,61,81,41,61,4,9,3,Journalist
11,Commerce,Economics,Finance,Mathematics,75,45,78,99,9,8,4,Financial Analyst
12,Arts,English,Writing,Writing,94,58,46,92,4,9,5,Journalist
11,Science,Chemistry,Healthcare,Research,86,47,81,75,4,9,3,Doctor
12,Arts,English,Design,Creativity,56,50,73,83,4,7,4,Graphic Designer
12,Commerce,Economics,Finance,Mathematics,64,78,70,95,7,10,4,Financial Analyst
12,Arts,History,Writing,Writing,64,85,88,55,5,7,6,Journalist
11,Arts,Political Science,Government,Research,90,47,42,59,7,6,6,Civil Services
12,Commerce,Economics,Finance,Mathematics,80,40,92,90,5,5,8,Financial Analyst
12,Science,Mathematics,Engineering,Problem Solving,61,70,81,91,6,9,6,Engineer
11,Commerce,Economics,Finance,Analysis,95,54,48,52,2,7,7,Financial Analyst
11,Science,Mathematics,Technology,Programming,72,49,80,53,4,4,8,Software Engineer
12,Arts,History,Government,Research,66,71,80,96,2,9,7,Civil Services
12,Commerce,Economics,Finance,Analysis,97,91,60,47,10,10,2,Financial Analyst
12,Arts,Political Science,Government,Leadership,64,85,61,41,2,5,1,Civil Services
12,Arts,English,Design,Creativity,91,57,96,88,8,1,8,Graphic Designer
11,Arts,History,Government,Leadership,68,87,76,59,2,5,9,Civil Services
11,Science,Biology,Healthcare,Research,90,83,51,67,6,9,3,Doctor
11,Commerce,Economics,Finance,Analysis,79,49,50,60,2,9,2,Financial Analyst
11,Science,Chemistry,Healthcare,Research,92,54,53,79,4,8,1,Doctor
12,Science,Mathematics,Technology,Programming,94,64,94,99,4,1,1,Software Engineer
11,Commerce,Economics,Finance,Mathematics,97,94,77,61,7,5,2,Financial Analyst
11,Commerce,Business Studies,Management,Leadership,95,83,97,73,10,8,10,Business Manager
11,Commerce,Economics,Finance,Mathematics,78,67,87,89,3,4,5,Financial Analyst
11,Science,Computer Science,Artificial Intelligence,Programming,94,87,55,71,4,7,5,Data Scientist
12,Science,Computer Science,Technology,Problem Solving,83,81,81,60,3,6,8,Software Engineer
11,Commerce,Business Studies,Business,Communication,82,63,74,86,6,5,5,Business Manager
11,Commerce,Business Studies,Business,Leadership,82,77,62,64,7,7,9,Business Manager
12,Science,Computer Science,Programming,Programming,59,42,61,45,7,4,5,Software Engineer
12,Arts,English,Writing,Communication,96,55,72,93,4,3,6,Journalist
11,Science,Computer Science,Technology,Problem Solving,74,60,91,63,10,8,6,Software Engineer
12,Arts,English,Writing,Communication,78,97,81,80,7,8,5,Journalist
11,Arts,History,Government,Research,82,41,63,64,7,9,6,Civil Services
12,Commerce,Business Studies,Management,Leadership,86,61,66,47,8,6,9,Business Manager
11,Science,Mathematics,Engineering,Mathematics,60,81,69,59,1,1,3,Engineer
11,Arts,English,Design,Creativity,100,45,59,58,1,1,7,Graphic Designer
11,Arts,History,Writing,Communication,81,91,87,62,8,1,7,Journalist
11,Science,Computer Science,Technology,Programming,75,71,70,58,6,8,10,Data Scientist
11,Commerce,Economics,Finance,Analysis,69,57,43,79,10,6,9,Financial Analyst
12,Arts,English,Design,Creativity,64,57,66,87,7,3,8,Graphic Designer
12,Arts,English,Design,Creativity,89,68,86,98,10,2,1,Graphic Designer
12,Commerce,Business Studies,Management,Leadership,68,43,56,87,6,10,6,Business Manager
11,Arts,Political Science,Government,Research,57,86,73,94,1,5,8,Civil Services
12,Arts,History,Government,Leadership,97,91,64,75,10,4,5,Civil Services
12,Commerce,Accountancy,Finance,Analysis,59,98,91,68,5,3,4,Chartered Accountant
11,Arts,English,Design,Creativity,84,54,40,48,9,7,1,Graphic Designer
12,Commerce,Economics,Finance,Analysis,94,52,94,51,2,8,5,Financial Analyst
12,Commerce,Economics,Finance,Mathematics,85,92,98,86,9,8,8,Chartered Accountant
11,Arts,Political Science,Government,Leadership,68,91,52,67,8,1,1,Civil Services
12,Science,Computer Science,Programming,Problem Solving,85,74,64,49,5,3,9,Software Engineer
11,Science,Computer Science,Technology,Programming,69,86,84,70,10,5,1,Software Engineer
11,Commerce,Mathematics,Finance,Analysis,82,65,81,84,2,7,1,Financial Analyst
11,Arts,History,Government,Research,90,63,97,42,4,1,5,Civil Services
12,Arts,English,Writing,Communication,86,77,77,55,5,7,8,Journalist
11,Commerce,Business Studies,Management,Communication,61,78,58,65,7,2,7,Business Manager
11,Arts,Political Science,Government,Leadership,80,100,85,83,5,4,8,Civil Services
11,Commerce,Economics,Finance,Mathematics,61,99,97,46,10,5,1,Chartered Accountant
11,Arts,English,Design,Creativity,71,50,55,63,10,6,8,Graphic Designer
11,Arts,History,Government,Research,67,78,85,99,8,5,4,Civil Services
12,Arts,English,Design,Creativity,98,98,95,95,5,9,4,Graphic Designer
11,Science,Computer Science,Artificial Intelligence,Analysis,91,53,73,76,8,1,5,Data Scientist
11,Commerce,Business Studies,Business,Leadership,83,78,87,97,3,3,5,Business Manager
12,Commerce,Economics,Finance,Analysis,94,56,58,95,3,7,1,Financial Analyst
12,Commerce,Business Studies,Management,Communication,74,81,96,100,8,2,1,Business Manager
11,Arts,English,Design,Creativity,70,81,58,82,9,3,2,Graphic Designer
12,Commerce,Business Studies,Business,Communication,64,88,59,49,8,5,9,Business Manager
11,Science,Chemistry,Healthcare,Research,70,79,59,43,10,8,3,Doctor
12,Science,Biology,Healthcare,Communication,95,91,49,66,3,2,4,Doctor
11,Science,Mathematics,Technology,Analysis,93,47,46,93,9,6,1,Data Scientist
11,Arts,History,Government,Leadership,69,90,51,73,10,4,4,Civil Services
12,Science,Mathematics,Technology,Programming,76,89,61,67,3,1,3,Software Engineer
11,Science,Computer Science,Technology,Programming,92,72,88,54,1,4,6,Software Engineer
11,Commerce,Economics,Finance,Mathematics,99,79,49,93,4,7,5,Chartered Accountant
12,Science,Chemistry,Healthcare,Communication,100,62,87,45,8,5,10,Doctor
11,Arts,English,Design,Creativity,88,90,84,84,6,4,9,Graphic Designer
12,Arts,History,Writing,Writing,65,59,94,83,5,8,9,Journalist
12,Arts,History,Government,Research,91,52,62,89,2,6,5,Civil Services
11,Arts,English,Writing,Communication,84,56,96,65,1,4,1,Journalist
12,Commerce,Accountancy,Finance,Mathematics,77,62,83,45,10,7,6,Chartered Accountant
12,Commerce,Business Studies,Business,Leadership,87,49,83,98,6,2,9,Business Manager
11,Commerce,Business Studies,Business,Leadership,72,78,50,97,1,9,9,Business Manager
11,Science,Mathematics,Technology,Programming,55,91,53,88,5,7,5,Data Scientist
11,Science,Mathematics,Engineering,Problem Solving,100,57,73,98,6,2,9,Engineer
12,Science,Mathematics,Technology,Programming,79,50,47,50,4,2,5,Data Scientist
12,Science,Computer Science,Programming,Problem Solving,64,68,96,88,6,10,5,Software Engineer
12,Commerce,Economics,Finance,Analysis,91,43,93,42,7,1,3,Financial Analyst
11,Science,Computer Science,Technology,Problem Solving,81,73,98,48,9,8,9,Software Engineer
12,Arts,English,Writing,Writing,89,57,91,89,4,4,8,Journalist
12,Commerce,Accountancy,Finance,Mathematics,98,42,100,86,9,9,10,Chartered Accountant
12,Commerce,Economics,Finance,Mathematics,61,88,63,46,8,8,7,Chartered Accountant
11,Science,Chemistry,Healthcare,Communication,55,92,61,77,2,5,7,Doctor
11,Science,Chemistry,Healthcare,Communication,75,82,41,90,2,6,3,Doctor
11,Arts,English,Design,Creativity,64,75,69,69,3,5,9,Graphic Designer
12,Science,Computer Science,Technology,Analysis,81,70,42,53,5,8,6,Data Scientist
12,Arts,English,Design,Creativity,90,79,70,63,6,6,4,Graphic Designer
11,Commerce,Economics,Finance,Analysis,90,42,43,91,8,2,4,Chartered Accountant
12,Science,Chemistry,Healthcare,Research,66,97,79,59,5,1,5,Doctor
11,Commerce,Accountancy,Finance,Analysis,93,99,73,41,6,9,7,Chartered Accountant
12,Science,Chemistry,Healthcare,Communication,87,99,67,84,10,8,10,Doctor
12,Commerce,Business Studies,Business,Communication,81,52,83,53,8,1,8,Business Manager
11,Commerce,Business Studies,Management,Leadership,96,95,81,50,1,9,5,Business Manager
11,Arts,History,Writing,Writing,99,60,100,99,10,7,8,Journalist
11,Arts,English,Design,Creativity,92,45,59,84,10,6,2,Graphic Designer
11,Commerce,Business Studies,Management,Communication,96,76,98,81,1,10,7,Business Manager
12,Commerce,Economics,Finance,Analysis,69,91,55,59,5,6,7,Chartered Accountant
12,Arts,History,Writing,Communication,88,97,81,71,8,5,9,Journalist
12,Arts,Political Science,Government,Research,62,63,48,88,1,10,2,Civil Services
12,Science,Mathematics,Technology,Analysis,58,76,73,66,9,6,7,Data Scientist
12,Science,Chemistry,Healthcare,Communication,69,71,50,91,5,3,8,Doctor
12,Arts,English,Design,Creativity,67,83,66,57,7,2,9,Graphic Designer
11,Arts,English,Design,Creativity,98,45,77,87,2,1,2,Graphic Designer
12,Commerce,Business Studies,Business,Leadership,90,55,91,93,5,5,10,Business Manager
12,Science,Physics,Engineering,Mathematics,73,62,66,85,5,10,9,Engineer
12,Science,Mathematics,Engineering,Problem Solving,97,50,46,97,7,2,4,Engineer
11,Science,Computer Science,Artificial Intelligence,Analysis,82,48,43,87,5,6,5,Data Scientist
12,Commerce,Economics,Finance,Analysis,87,49,83,97,2,1,7,Chartered Accountant
11,Arts,English,Design,Creativity,61,43,97,97,1,1,8,Graphic Designer
12,Arts,History,Writing,Writing,71,82,80,43,7,4,2,Journalist
12,Science,Computer Science,Artificial Intelligence,Analysis,93,48,60,46,5,10,10,Data Scientist
12,Science,Mathematics,Engineering,Mathematics,94,59,45,57,1,6,5,Engineer
12,Arts,English,Design,Creativity,73,69,56,61,3,2,3,Graphic Designer
11,Commerce,Economics,Finance,Mathematics,67,77,57,66,1,3,7,Chartered Accountant
11,Arts,English,Design,Creativity,77,98,73,68,2,2,3,Graphic Designer
11,Commerce,Business Studies,Business,Communication,56,90,41,95,4,4,5,Business Manager
11,Commerce,Business Studies,Business,Leadership,67,80,62,80,9,1,3,Business Manager
11,Commerce,Business Studies,Management,Communication,100,51,45,42,3,2,7,Business Manager
12,Commerce,Business Studies,Management,Leadership,65,51,63,97,1,9,10,Business Manager
12,Science,Physics,Engineering,Problem Solving,61,99,98,73,2,8,7,Engineer
11,Arts,English,Design,Creativity,66,60,99,80,3,4,6,Graphic Designer
11,Arts,Political Science,Government,Research,84,88,94,44,9,10,10,Civil Services
12,Commerce,Business Studies,Management,Leadership,74,98,60,91,9,1,2,Business Manager
12,Commerce,Business Studies,Business,Leadership,70,67,74,91,10,4,9,Business Manager
12,Commerce,Economics,Finance,Mathematics,85,99,54,88,1,4,7,Financial Analyst
11,Arts,English,Design,Creativity,98,93,97,42,7,3,3,Graphic Designer
11,Science,Biology,Healthcare,Research,93,94,90,70,1,5,10,Doctor
12,Arts,English,Design,Creativity,69,92,80,70,5,2,2,Graphic Designer
11,Arts,English,Writing,Communication,87,65,61,58,10,1,2,Journalist
12,Arts,English,Writing,Writing,57,83,63,48,4,2,2,Journalist
11,Science,Biology,Healthcare,Communication,76,58,70,97,5,7,10,Doctor
11,Science,Physics,Engineering,Problem Solving,97,89,59,84,3,5,5,Engineer
11,Arts,History,Writing,Writing,97,58,80,94,6,3,3,Journalist
11,Commerce,Economics,Finance,Mathematics,98,68,75,86,4,4,1,Financial Analyst
12,Science,Biology,Healthcare,Research,60,72,50,65,9,6,2,Doctor
11,Arts,English,Design,Creativity,57,47,60,48,2,7,5,Graphic Designer
12,Commerce,Economics,Finance,Analysis,81,99,66,46,1,7,2,Financial Analyst
11,Science,Physics,Engineering,Mathematics,72,52,86,74,4,8,6,Engineer
12,Science,Mathematics,Engineering,Problem Solving,58,59,80,45,8,1,8,Engineer
12,Arts,Political Science,Government,Research,98,49,62,73,6,6,5,Civil Services
12,Commerce,Accountancy,Finance,Mathematics,79,48,50,67,8,3,1,Chartered Accountant
12,Commerce,Business Studies,Business,Leadership,96,91,52,99,1,9,6,Business Manager
12,Commerce,Business Studies,Business,Communication,67,88,75,46,4,9,8,Business Manager
12,Commerce,Business Studies,Business,Communication,75,57,85,66,6,1,9,Business Manager
11,Science,Physics,Engineering,Problem Solving,65,72,100,67,2,2,4,Engineer
12,Commerce,Economics,Finance,Mathematics,71,59,50,72,4,4,4,Chartered Accountant
11,Arts,English,Design,Creativity,83,43,94,75,7,4,6,Graphic Designer
12,Arts,English,Design,Creativity,71,63,64,77,3,9,10,Graphic Designer
12,Arts,English,Design,Creativity,77,52,64,100,2,4,7,Graphic Designer
11,Science,Physics,Engineering,Mathematics,68,95,50,48,9,1,8,Engineer
12,Arts,History,Government,Leadership,73,73,47,87,2,2,5,Civil Services
12,Commerce,Economics,Finance,Analysis,74,62,93,42,6,1,5,Chartered Accountant
11,Science,Mathematics,Engineering,Problem Solving,86,71,78,94,9,3,9,Engineer
11,Science,Chemistry,Healthcare,Research,67,85,89,55,2,7,7,Doctor
12,Commerce,Business Studies,Management,Communication,67,51,86,87,6,4,3,Business Manager
12,Science,Computer Science,Technology,Analysis,97,79,92,64,1,2,1,Data Scientist
11,Arts,History,Government,Research,61,88,41,52,10,5,4,Civil Services
11,Commerce,Mathematics,Finance,Analysis,96,57,93,94,1,4,9,Financial Analyst
11,Science,Physics,Engineering,Mathematics,76,57,96,52,2,10,9,Engineer
11,Commerce,Economics,Finance,Analysis,100,67,79,91,1,1,8,Financial Analyst
12,Commerce,Business Studies,Management,Communication,87,94,83,90,8,9,1,Business Manager
12,Commerce,Economics,Finance,Mathematics,71,44,45,61,3,4,8,Financial Analyst
12,Science,Mathematics,Engineering,Mathematics,97,92,71,42,9,4,8,Engineer
11,Science,Physics,Engineering,Problem Solving,74,84,46,71,6,1,3,Engineer
11,Arts,History,Writing,Writing,58,77,71,54,9,2,6,Journalist
12,Science,Mathematics,Artificial Intelligence,Programming,57,56,66,94,2,6,8,Data Scientist
12,Science,Mathematics,Engineering,Problem Solving,55,69,56,93,3,5,9,Engineer
11,Science,Mathematics,Artificial Intelligence,Programming,83,81,69,72,4,6,7,Data Scientist
11,Science,Biology,Healthcare,Communication,55,94,68,40,9,6,5,Doctor
12,Commerce,Business Studies,Business,Communication,64,89,55,97,4,5,6,Business Manager
12,Science,Mathematics,Technology,Problem Solving,81,65,98,85,3,2,10,Software Engineer
12,Science,Physics,Engineering,Mathematics,62,60,66,95,10,7,9,Engineer
11,Science,Computer Science,Artificial Intelligence,Programming,92,64,78,68,1,1,2,Data Scientist
12,Arts,English,Design,Creativity,86,41,53,49,5,8,9,Graphic Designer
12,Science,Mathematics,Programming,Programming,62,98,95,43,9,8,4,Software Engineer
11,Science,Physics,Engineering,Mathematics,88,53,68,52,7,3,5,Engineer
11,Commerce,Business Studies,Management,Leadership,88,79,66,76,1,10,6,Business Manager
11,Commerce,Economics,Finance,Mathematics,79,93,80,91,1,9,2,Financial Analyst
11,Science,Computer Science,Technology,Programming,81,98,63,84,8,2,6,Data Scientist
12,Arts,English,Design,Creativity,92,84,95,98,3,2,6,Graphic Designer
12,Commerce,Economics,Finance,Analysis,55,40,78,53,5,7,1,Chartered Accountant
11,Commerce,Business Studies,Business,Leadership,76,55,71,70,2,2,2,Business Manager
11,Science,Biology,Healthcare,Communication,67,78,79,72,1,7,6,Doctor
11,Arts,English,Writing,Communication,99,82,70,68,1,6,6,Journalist
12,Arts,English,Design,Creativity,76,71,44,100,5,5,2,Graphic Designer
11,Science,Computer Science,Artificial Intelligence,Programming,100,75,92,83,3,9,3,Data Scientist
12,Commerce,Mathematics,Finance,Mathematics,78,91,98,99,3,4,9,Financial Analyst
11,Arts,English,Design,Creativity,72,54,73,75,3,1,7,Graphic Designer
11,Science,Computer Science,Artificial Intelligence,Analysis,58,52,85,61,8,6,8,Data Scientist
11,Commerce,Business Studies,Management,Communication,63,40,54,56,3,10,9,Business Manager
11,Science,Computer Science,Artificial Intelligence,Programming,69,50,65,96,6,2,6,Data Scientist
11,Arts,English,Writing,Communication,70,58,84,95,5,8,9,Journalist
11,Commerce,Business Studies,Management,Leadership,56,91,94,67,1,5,9,Business Manager
12,Science,Mathematics,Artificial Intelligence,Analysis,82,41,66,52,6,7,2,Data Scientist
12,Science,Mathematics,Programming,Programming,94,47,65,93,2,4,2,Software Engineer
12,Commerce,Mathematics,Finance,Analysis,81,64,40,53,1,4,9,Financial Analyst
12,Science,Mathematics,Engineering,Mathematics,86,64,87,56,5,7,1,Engineer
11,Science,Computer Science,Technology,Programming,68,100,58,66,9,1,5,Data Scientist
11,Commerce,Business Studies,Business,Leadership,94,82,87,78,1,4,6,Business Manager
11,Commerce,Accountancy,Finance,Mathematics,91,75,88,98,4,2,2,Chartered Accountant
12,Science,Chemistry,Healthcare,Communication,71,44,48,78,9,6,4,Doctor
11,Science,Mathematics,Programming,Problem Solving,83,74,88,81,7,7,8,Software Engineer
12,Science,Computer Science,Programming,Problem Solving,56,56,55,70,3,5,3,Software Engineer
12,Arts,History,Government,Leadership,78,59,59,91,9,9,2,Civil Services
12,Arts,Political Science,Government,Leadership,65,60,65,70,7,3,2,Civil Services
11,Commerce,Accountancy,Finance,Analysis,56,43,40,60,8,10,7,Chartered Accountant
12,Commerce,Business Studies,Management,Communication,84,96,56,65,7,6,3,Business Manager
12,Commerce,Business Studies,Management,Communication,74,68,98,43,2,2,1,Business Manager
11,Arts,English,Design,Creativity,78,74,54,96,3,6,5,Graphic Designer
11,Science,Mathematics,Engineering,Problem Solving,55,44,55,63,2,1,5,Engineer
11,Arts,English,Design,Creativity,84,54,58,79,5,5,4,Graphic Designer
12,Science,Computer Science,Technology,Programming,97,83,85,60,3,8,4,Software Engineer
12,Science,Chemistry,Healthcare,Communication,55,61,82,45,10,4,1,Doctor
12,Commerce,Mathematics,Finance,Mathematics,66,45,79,99,10,1,9,Financial Analyst
11,Science,Mathematics,Engineering,Mathematics,85,59,54,94,8,5,2,Engineer
11,Arts,English,Design,Creativity,81,86,57,73,6,4,7,Graphic Designer
11,Arts,History,Government,Leadership,89,46,90,96,10,8,8,Civil Services
11,Arts,Political Science,Government,Research,80,63,80,80,8,8,1,Civil Services
11,Arts,History,Government,Research,87,97,84,42,9,10,3,Civil Services
12,Science,Mathematics,Engineering,Mathematics,85,76,87,91,8,10,2,Engineer
11,Science,Computer Science,Technology,Problem Solving,82,79,43,63,8,9,1,Software Engineer
12,Commerce,Business Studies,Business,Communication,76,57,96,88,3,5,6,Business Manager
11,Commerce,Business Studies,Business,Leadership,77,75,46,55,6,6,2,Business Manager
12,Arts,English,Writing,Writing,58,92,90,49,2,8,2,Journalist
11,Arts,English,Design,Creativity,90,100,85,68,9,1,5,Graphic Designer
12,Science,Chemistry,Healthcare,Research,77,96,93,51,9,4,1,Doctor
12,Science,Computer Science,Technology,Programming,76,45,93,86,4,7,4,Software Engineer
11,Arts,English,Writing,Writing,86,61,53,68,6,9,3,Journalist
11,Arts,History,Government,Leadership,97,41,70,61,6,4,3,Civil Services
11,Science,Mathematics,Engineering,Problem Solving,57,85,85,58,2,5,9,Engineer
12,Commerce,Economics,Finance,Mathematics,62,46,70,43,10,7,7,Financial Analyst
12,Arts,English,Writing,Writing,63,82,76,76,1,10,10,Journalist
11,Commerce,Mathematics,Finance,Mathematics,90,48,43,80,8,1,6,Financial Analyst
12,Commerce,Accountancy,Finance,Analysis,72,61,70,58,9,9,5,Chartered Accountant
11,Arts,History,Government,Research,61,59,54,55,2,7,1,Civil Services
11,Arts,Political Science,Government,Leadership,75,50,60,50,8,3,5,Civil Services
11,Arts,History,Writing,Writing,72,63,97,77,3,4,1,Journalist
12,Arts,English,Design,Creativity,82,44,93,80,9,10,5,Graphic Designer
11,Arts,English,Design,Creativity,74,85,89,83,8,4,10,Graphic Designer
12,Arts,English,Writing,Communication,56,47,56,70,2,4,3,Journalist
12,Science,Computer Science,Programming,Programming,57,86,97,51,3,2,6,Software Engineer
12,Science,Computer Science,Programming,Problem Solving,94,56,45,89,4,7,1,Software Engineer
12,Commerce,Business Studies,Management,Leadership,85,73,42,89,9,5,10,Business Manager
12,Arts,English,Writing,Communication,67,80,60,60,1,2,1,Journalist
11,Commerce,Economics,Finance,Analysis,82,85,64,44,5,7,10,Financial Analyst
12,Commerce,Economics,Finance,Mathematics,81,58,83,61,7,2,9,Financial Analyst
12,Commerce,Business Studies,Management,Communication,99,78,89,80,7,10,2,Business Manager
11,Science,Biology,Healthcare,Research,77,57,54,84,1,4,2,Doctor
11,Commerce,Business Studies,Management,Communication,65,71,97,54,7,6,5,Business Manager
12,Arts,History,Government,Research,71,89,79,91,2,6,7,Civil Services
12,Arts,Political Science,Government,Leadership,62,41,43,98,3,10,8,Civil Services
11,Commerce,Mathematics,Finance,Analysis,72,54,82,66,4,6,8,Financial Analyst
12,Science,Mathematics,Programming,Programming,69,71,90,41,9,3,1,Software Engineer
11,Science,Mathematics,Artificial Intelligence,Analysis,97,93,78,48,2,1,6,Data Scientist
11,Commerce,Mathematics,Finance,Analysis,74,97,61,86,8,9,7,Financial Analyst
12,Arts,History,Writing,Writing,79,96,58,85,9,3,8,Journalist
11,Arts,History,Writing,Communication,62,76,43,78,6,10,6,Journalist
11,Commerce,Accountancy,Finance,Analysis,82,79,97,84,5,7,7,Chartered Accountant
12,Commerce,Economics,Finance,Analysis,76,98,67,91,9,9,9,Financial Analyst
11,Arts,English,Design,Creativity,96,76,81,77,7,5,6,Graphic Designer
11,Science,Chemistry,Healthcare,Communication,94,44,56,40,5,7,1,Doctor
12,Science,Physics,Engineering,Problem Solving,75,81,41,48,9,5,10,Engineer
11,Science,Mathematics,Technology,Analysis,100,71,87,58,5,1,3,Data Scientist
12,Commerce,Economics,Finance,Analysis,93,40,43,63,9,2,4,Chartered Accountant
11,Arts,English,Writing,Writing,57,93,85,82,7,5,4,Journalist
11,Commerce,Economics,Finance,Mathematics,69,92,69,79,7,1,6,Financial Analyst
11,Science,Mathematics,Programming,Problem Solving,91,55,41,96,6,3,8,Software Engineer
12,Science,Biology,Healthcare,Research,58,87,54,98,1,8,6,Doctor
12,Commerce,Business Studies,Business,Communication,68,65,56,68,2,3,3,Business Manager
11,Commerce,Economics,Finance,Mathematics,82,78,80,89,4,1,6,Chartered Accountant
11,Science,Biology,Healthcare,Research,99,51,87,80,6,2,2,Doctor
11,Science,Computer Science,Artificial Intelligence,Programming,55,96,54,56,9,9,7,Data Scientist
12,Science,Computer Science,Technology,Analysis,95,92,80,48,4,2,9,Data Scientist
11,Science,Physics,Engineering,Problem Solving,87,91,57,73,2,8,5,Engineer
11,Arts,English,Writing,Writing,77,81,67,70,5,3,10,Journalist
11,Commerce,Accountancy,Finance,Mathematics,86,75,96,76,7,1,10,Chartered Accountant
12,Science,Physics,Engineering,Problem Solving,79,73,80,58,10,9,10,Engineer
11,Science,Biology,Healthcare,Research,66,48,43,94,4,4,8,Doctor
11,Science,Mathematics,Programming,Programming,83,64,47,80,1,7,3,Software Engineer
12,Commerce,Economics,Finance,Analysis,56,72,95,81,8,9,5,Chartered Accountant
11,Commerce,Business Studies,Business,Leadership,57,57,48,100,4,3,5,Business Manager
11,Commerce,Business Studies,Management,Communication,62,66,45,55,4,6,9,Business Manager
11,Commerce,Economics,Finance,Analysis,75,96,95,65,6,2,7,Financial Analyst
11,Science,Chemistry,Healthcare,Communication,89,84,56,50,3,1,1,Doctor
12,Commerce,Accountancy,Finance,Mathematics,93,40,100,75,4,9,4,Chartered Accountant
12,Science,Computer Science,Programming,Problem Solving,63,66,90,88,1,2,2,Software Engineer
12,Arts,History,Government,Research,89,48,84,50,4,3,2,Civil Services
12,Science,Mathematics,Technology,Programming,78,41,68,45,1,6,7,Data Scientist
11,Science,Chemistry,Healthcare,Research,64,100,66,71,2,5,4,Doctor
11,Arts,Political Science,Government,Research,82,85,51,69,9,9,2,Civil Services
11,Science,Mathematics,Programming,Problem Solving,69,78,87,84,9,7,7,Software Engineer
12,Commerce,Economics,Finance,Mathematics,85,82,90,78,3,9,4,Chartered Accountant
12,Science,Physics,Engineering,Problem Solving,56,94,79,48,1,10,6,Engineer
12,Arts,History,Writing,Writing,81,47,82,83,2,8,9,Journalist
12,Science,Mathematics,Technology,Programming,86,53,54,56,4,9,8,Software Engineer
12,Commerce,Business Studies,Management,Leadership,95,92,61,98,7,8,5,Business Manager
12,Commerce,Mathematics,Finance,Analysis,72,44,61,91,7,6,9,Financial Analyst
11,Science,Mathematics,Artificial Intelligence,Programming,76,94,75,92,7,6,9,Data Scientist
11,Science,Mathematics,Engineering,Problem Solving,91,65,84,88,6,2,9,Engineer
12,Commerce,Accountancy,Finance,Mathematics,85,76,45,53,7,7,10,Chartered Accountant
12,Science,Mathematics,Technology,Programming,87,92,96,53,1,6,9,Data Scientist
11,Science,Mathematics,Engineering,Problem Solving,82,78,60,72,4,3,10,Engineer
12,Arts,History,Writing,Writing,94,48,53,48,8,7,10,Journalist
11,Science,Chemistry,Healthcare,Communication,67,59,68,41,1,3,5,Doctor
12,Arts,English,Writing,Communication,66,98,56,61,7,4,10,Journalist
12,Science,Chemistry,Healthcare,Research,80,94,44,53,8,7,1,Doctor
12,Science,Computer Science,Programming,Problem Solving,63,56,55,84,8,10,9,Software Engineer
11,Arts,English,Writing,Communication,97,59,62,82,7,4,5,Journalist
11,Arts,English,Writing,Communication,95,79,74,74,2,6,3,Journalist
11,Science,Biology,Healthcare,Communication,90,84,62,67,5,2,5,Doctor
12,Science,Computer Science,Programming,Problem Solving,91,70,45,53,6,2,9,Software Engineer
11,Science,Computer Science,Technology,Programming,62,44,56,67,2,10,2,Data Scientist
11,Science,Physics,Engineering,Mathematics,63,54,91,69,9,4,10,Engineer
12,Science,Biology,Healthcare,Communication,89,62,74,100,6,10,2,Doctor
11,Science,Biology,Healthcare,Research,90,61,55,74,3,9,7,Doctor
12,Science,Mathematics,Artificial Intelligence,Programming,84,40,62,56,4,10,4,Data Scientist
12,Arts,English,Writing,Communication,70,81,69,58,6,4,6,Journalist
12,Science,Mathematics,Technology,Problem Solving,79,47,90,54,10,2,3,Software Engineer
12,Science,Biology,Healthcare,Research,82,74,70,93,4,3,9,Doctor
11,Commerce,Economics,Finance,Mathematics,89,81,69,99,3,4,10,Chartered Accountant
12,Arts,Political Science,Government,Leadership,98,63,60,81,6,2,6,Civil Services
12,Commerce,Economics,Finance,Mathematics,68,74,43,51,5,1,4,Chartered Accountant
12,Science,Biology,Healthcare,Communication,66,91,78,86,3,4,4,Doctor
11,Commerce,Business Studies,Business,Communication,59,51,62,80,6,8,3,Business Manager
12,Commerce,Business Studies,Management,Leadership,94,77,100,42,6,1,4,Business Manager
12,Science,Chemistry,Healthcare,Research,70,81,86,68,10,2,6,Doctor
12,Arts,English,Design,Creativity,61,94,63,66,10,10,2,Graphic Designer
12,Arts,History,Writing,Communication,82,82,88,97,8,3,1,Journalist
12,Arts,History,Writing,Writing,97,67,52,63,4,4,3,Journalist
12,Commerce,Accountancy,Finance,Analysis,83,50,79,73,8,3,2,Chartered Accountant
11,Arts,English,Writing,Writing,58,66,76,43,8,10,9,Journalist
11,Commerce,Economics,Finance,Mathematics,57,96,73,69,2,5,5,Financial Analyst
12,Science,Physics,Engineering,Problem Solving,66,54,44,71,4,3,10,Engineer
12,Science,Physics,Engineering,Problem Solving,55,74,84,71,7,9,10,Engineer
11,Arts,History,Writing,Communication,66,64,88,57,2,8,9,Journalist
12,Science,Computer Science,Artificial Intelligence,Programming,59,68,55,63,10,8,8,Data Scientist
12,Science,Computer Science,Technology,Programming,99,78,99,63,8,5,9,Software Engineer
11,Arts,English,Design,Creativity,70,65,93,92,9,8,5,Graphic Designer
12,Science,Biology,Healthcare,Research,100,86,76,46,5,1,10,Doctor
11,Science,Computer Science,Programming,Programming,94,84,46,63,3,6,1,Software Engineer
12,Commerce,Business Studies,Business,Leadership,96,76,70,65,7,8,4,Business Manager
12,Science,Biology,Healthcare,Communication,81,57,98,94,1,8,4,Doctor
11,Commerce,Economics,Finance,Mathematics,63,68,45,49,9,8,8,Chartered Accountant
11,Commerce,Business Studies,Management,Communication,71,51,72,89,5,8,10,Business Manager
11,Science,Mathematics,Programming,Programming,90,45,99,50,9,3,8,Software Engineer
11,Arts,English,Design,Creativity,76,91,97,43,8,3,6,Graphic Designer
11,Arts,Political Science,Government,Leadership,88,52,77,48,6,6,1,Civil Services
12,Science,Biology,Healthcare,Research,100,44,54,85,2,9,9,Doctor
11,Science,Chemistry,Healthcare,Communication,95,75,62,90,9,2,2,Doctor
12,Arts,History,Writing,Writing,59,56,53,54,10,5,8,Journalist
11,Science,Biology,Healthcare,Research,70,77,97,86,4,10,4,Doctor
12,Science,Mathematics,Technology,Analysis,63,100,46,60,6,9,4,Data Scientist
12,Science,Chemistry,Healthcare,Research,63,79,70,92,2,1,7,Doctor
11,Commerce,Business Studies,Business,Communication,60,81,69,67,9,7,6,Business Manager
12,Science,Biology,Healthcare,Communication,59,43,62,78,8,6,5,Doctor
12,Arts,English,Writing,Writing,94,60,49,51,9,10,6,Journalist
11,Science,Computer Science,Technology,Problem Solving,58,84,51,67,7,7,2,Software Engineer
11,Commerce,Economics,Finance,Mathematics,59,73,61,54,9,7,10,Financial Analyst
12,Arts,English,Design,Creativity,99,77,74,62,4,10,10,Graphic Designer
12,Arts,History,Government,Leadership,93,67,86,90,9,1,8,Civil Services
11,Arts,English,Design,Creativity,63,79,62,51,2,8,8,Graphic Designer
12,Arts,History,Government,Research,60,72,81,59,7,9,6,Civil Services
12,Commerce,Accountancy,Finance,Analysis,69,70,45,52,5,5,1,Chartered Accountant
12,Arts,English,Design,Creativity,60,42,81,72,5,10,10,Graphic Designer
12,Science,Chemistry,Healthcare,Communication,60,86,94,73,3,7,10,Doctor
11,Science,Mathematics,Engineering,Problem Solving,60,51,71,66,4,1,8,Engineer
12,Science,Mathematics,Programming,Programming,79,78,74,83,6,7,3,Software Engineer
12,Science,Physics,Engineering,Mathematics,68,63,63,82,6,9,3,Engineer
11,Science,Mathematics,Technology,Programming,96,60,98,89,9,5,10,Software Engineer
12,Science,Mathematics,Programming,Problem Solving,78,63,79,42,9,5,5,Software Engineer
12,Science,Physics,Engineering,Mathematics,99,92,91,93,10,9,9,Engineer
12,Science,Computer Science,Artificial Intelligence,Analysis,62,73,46,76,2,1,4,Data Scientist
12,Commerce,Business Studies,Business,Communication,84,48,84,69,5,8,2,Business Manager
12,Science,Computer Science,Technology,Analysis,61,85,51,94,1,6,2,Data Scientist
12,Science,Mathematics,Artificial Intelligence,Analysis,55,72,59,47,2,7,4,Data Scientist
11,Arts,History,Government,Research,62,69,100,76,8,3,10,Civil Services
12,Science,Computer Science,Programming,Programming,55,66,78,60,3,4,5,Software Engineer
11,Science,Chemistry,Healthcare,Communication,57,45,85,86,6,3,4,Doctor
11,Commerce,Economics,Finance,Analysis,76,68,48,84,1,9,7,Chartered Accountant
12,Science,Chemistry,Healthcare,Research,79,97,60,95,1,2,4,Doctor
12,Arts,English,Design,Creativity,82,98,83,70,2,6,2,Graphic Designer
11,Science,Computer Science,Technology,Programming,66,90,41,76,5,10,7,Data Scientist
11,Science,Mathematics,Engineering,Mathematics,97,65,88,95,2,3,1,Engineer
11,Science,Mathematics,Engineering,Mathematics,99,85,94,73,4,7,3,Engineer
11,Commerce,Accountancy,Finance,Analysis,78,92,77,91,8,5,3,Chartered Accountant
11,Commerce,Economics,Finance,Analysis,67,82,84,57,3,6,5,Chartered Accountant
12,Science,Computer Science,Programming,Problem Solving,64,70,98,77,2,5,7,Software Engineer
11,Science,Mathematics,Artificial Intelligence,Analysis,84,86,73,79,6,6,5,Data Scientist
12,Science,Biology,Healthcare,Communication,83,68,84,53,8,5,7,Doctor
12,Science,Chemistry,Healthcare,Research,95,86,69,77,6,3,6,Doctor
11,Arts,English,Design,Creativity,61,55,52,86,5,1,3,Graphic Designer
12,Science,Mathematics,Technology,Programming,71,79,100,62,9,9,1,Data Scientist
11,Arts,English,Design,Creativity,89,76,85,71,4,2,5,Graphic Designer
11,Arts,History,Writing,Communication,71,69,90,64,6,6,10,Journalist
11,Science,Computer Science,Technology,Analysis,83,43,91,70,3,4,10,Data Scientist
12,Science,Mathematics,Programming,Problem Solving,62,50,69,95,6,3,2,Software Engineer
11,Science,Computer Science,Artificial Intelligence,Programming,78,97,62,80,4,10,6,Data Scientist
11,Arts,History,Government,Research,66,89,83,97,5,7,7,Civil Services
12,Science,Mathematics,Engineering,Mathematics,87,75,63,53,2,3,1,Engineer
12,Science,Mathematics,Engineering,Problem Solving,85,85,67,48,7,2,10,Engineer
12,Commerce,Accountancy,Finance,Mathematics,88,47,94,56,8,8,2,Chartered Accountant
11,Science,Computer Science,Technology,Analysis,87,61,65,80,2,1,7,Data Scientist
11,Commerce,Accountancy,Finance,Analysis,78,94,73,50,10,4,9,Chartered Accountant
12,Commerce,Accountancy,Finance,Analysis,90,60,87,91,7,7,5,Chartered Accountant
12,Arts,English,Writing,Communication,66,63,71,61,4,8,6,Journalist
12,Arts,History,Writing,Writing,91,70,88,90,5,1,5,Journalist
11,Science,Physics,Engineering,Mathematics,84,54,86,75,4,10,8,Engineer
11,Commerce,Business Studies,Management,Communication,75,77,81,82,8,1,4,Business Manager
12,Science,Mathematics,Programming,Problem Solving,57,41,88,62,8,6,4,Software Engineer
11,Arts,English,Writing,Writing,92,46,47,95,10,3,5,Journalist
12,Arts,History,Writing,Communication,69,49,67,84,9,5,8,Journalist
12,Commerce,Accountancy,Finance,Analysis,81,93,61,51,7,7,7,Chartered Accountant
12,Commerce,Business Studies,Business,Communication,65,47,55,60,9,4,8,Business Manager
12,Science,Biology,Healthcare,Communication,86,61,95,53,7,7,6,Doctor
12,Science,Chemistry,Healthcare,Communication,93,84,50,62,9,5,10,Doctor
11,Commerce,Mathematics,Finance,Mathematics,94,84,40,67,4,10,5,Financial Analyst
12,Arts,English,Design,Creativity,55,44,43,69,4,9,3,Graphic Designer
12,Commerce,Business Studies,Management,Leadership,71,86,100,79,2,5,1,Business Manager
11,Science,Mathematics,Artificial Intelligence,Programming,60,70,49,80,5,2,3,Data Scientist
11,Science,Computer Science,Technology,Problem Solving,64,42,63,81,8,8,2,Software Engineer
11,Commerce,Business Studies,Business,Leadership,59,46,67,86,5,5,1,Business Manager
12,Commerce,Mathematics,Finance,Mathematics,74,95,91,40,9,6,7,Financial Analyst
11,Commerce,Accountancy,Finance,Analysis,81,69,77,85,8,1,7,Chartered Accountant
12,Arts,History,Writing,Communication,92,83,80,88,9,6,1,Journalist
11,Commerce,Economics,Finance,Mathematics,56,84,58,98,2,4,8,Financial Analyst
12,Arts,English,Design,Creativity,81,46,44,100,7,5,4,Graphic Designer
11,Arts,English,Design,Creativity,87,71,77,42,7,4,9,Graphic Designer
11,Science,Mathematics,Engineering,Mathematics,87,54,99,71,3,1,6,Engineer
11,Science,Mathematics,Engineering,Mathematics,59,46,92,92,7,7,5,Engineer
12,Commerce,Economics,Finance,Analysis,64,87,69,87,2,3,8,Financial Analyst
12,Commerce,Economics,Finance,Mathematics,66,64,83,67,1,5,9,Chartered Accountant
12,Arts,History,Government,Leadership,98,44,97,89,8,7,7,Civil Services
12,Arts,History,Government,Leadership,81,83,91,45,3,7,3,Civil Services
11,Science,Biology,Healthcare,Research,84,86,52,68,5,3,1,Doctor
11,Arts,English,Writing,Writing,55,84,86,46,2,6,2,Journalist
12,Arts,History,Government,Leadership,83,71,60,80,3,1,2,Civil Services
11,Science,Computer Science,Artificial Intelligence,Programming,92,85,83,55,5,10,7,Data Scientist
11,Arts,English,Design,Creativity,75,69,48,96,1,7,3,Graphic Designer
11,Science,Mathematics,Artificial Intelligence,Analysis,80,60,91,97,10,10,1,Data Scientist
11,Science,Physics,Engineering,Problem Solving,60,63,83,99,9,5,4,Engineer
11,Arts,History,Writing,Communication,62,63,75,50,4,8,2,Journalist
11,Science,Computer Science,Artificial Intelligence,Programming,69,84,48,92,3,10,9,Data Scientist
12,Science,Computer Science,Programming,Problem Solving,74,41,75,50,1,3,7,Software Engineer
12,Commerce,Mathematics,Finance,Analysis,88,82,49,50,5,9,5,Financial Analyst
11,Science,Computer Science,Technology,Problem Solving,98,42,49,42,2,3,2,Software Engineer
11,Arts,History,Writing,Communication,61,70,46,86,10,3,8,Journalist
11,Arts,History,Writing,Writing,67,49,86,68,9,4,8,Journalist
11,Commerce,Business Studies,Business,Leadership,84,71,77,51,10,7,8,Business Manager
12,Science,Mathematics,Artificial Intelligence,Programming,100,42,56,54,6,4,4,Data Scientist
12,Science,Chemistry,Healthcare,Communication,87,45,98,84,5,7,10,Doctor
12,Science,Biology,Healthcare,Research,71,86,99,85,9,2,7,Doctor
12,Science,Mathematics,Technology,Problem Solving,88,49,85,98,10,1,8,Software Engineer
11,Commerce,Business Studies,Business,Communication,98,43,73,54,1,9,7,Business Manager
11,Commerce,Business Studies,Business,Leadership,59,79,56,95,2,5,9,Business Manager
11,Commerce,Business Studies,Business,Leadership,69,40,82,74,2,9,9,Business Manager
11,Arts,English,Writing,Writing,62,44,85,77,1,6,9,Journalist
12,Commerce,Economics,Finance,Mathematics,89,51,97,40,8,9,2,Financial Analyst
12,Commerce,Economics,Finance,Analysis,57,42,94,67,5,9,4,Financial Analyst
12,Commerce,Economics,Finance,Analysis,77,87,84,54,8,7,1,Chartered Accountant
11,Commerce,Economics,Finance,Analysis,65,48,44,46,10,2,2,Financial Analyst
11,Science,Chemistry,Healthcare,Communication,94,81,60,69,7,3,8,Doctor
11,Commerce,Economics,Finance,Mathematics,93,40,97,70,7,6,2,Chartered Accountant
11,Science,Computer Science,Artificial Intelligence,Analysis,84,71,81,72,3,1,1,Data Scientist
11,Science,Mathematics,Technology,Problem Solving,69,94,86,58,6,10,3,Software Engineer
12,Science,Mathematics,Engineering,Mathematics,62,59,49,43,5,8,2,Engineer
11,Science,Mathematics,Programming,Programming,86,40,65,58,5,6,10,Software Engineer
12,Arts,English,Design,Creativity,72,99,47,81,1,9,6,Graphic Designer
11,Arts,History,Government,Leadership,92,100,42,85,4,4,7,Civil Services
12,Commerce,Accountancy,Finance,Analysis,90,84,46,76,8,10,8,Chartered Accountant
11,Arts,English,Writing,Writing,75,63,65,74,9,3,9,Journalist
12,Arts,English,Writing,Writing,56,94,97,92,2,4,5,Journalist
11,Science,Chemistry,Healthcare,Communication,66,84,66,84,5,4,9,Doctor
12,Science,Biology,Healthcare,Communication,67,49,84,77,3,1,3,Doctor
12,Commerce,Economics,Finance,Mathematics,93,47,90,70,6,8,10,Chartered Accountant
11,Arts,English,Design,Creativity,89,71,85,94,6,7,2,Graphic Designer
11,Science,Mathematics,Engineering,Problem Solving,97,67,84,72,1,10,1,Engineer
12,Arts,English,Writing,Writing,95,73,82,78,8,8,2,Journalist
12,Commerce,Economics,Finance,Analysis,93,57,98,60,5,8,5,Financial Analyst
12,Science,Chemistry,Healthcare,Communication,90,69,91,80,8,7,7,Doctor
11,Science,Mathematics,Programming,Programming,87,68,58,45,7,1,4,Software Engineer
11,Science,Chemistry,Healthcare,Research,62,93,48,70,10,5,3,Doctor
11,Arts,English,Design,Creativity,58,83,75,67,10,5,3,Graphic Designer
12,Commerce,Accountancy,Finance,Mathematics,87,43,87,53,1,5,2,Chartered Accountant
12,Arts,History,Writing,Writing,69,86,92,90,1,3,9,Journalist
11,Science,Computer Science,Programming,Problem Solving,83,97,84,86,4,7,3,Software Engineer
11,Science,Mathematics,Engineering,Problem Solving,80,100,94,58,2,5,5,Engineer
11,Science,Mathematics,Artificial Intelligence,Programming,57,66,53,45,10,3,7,Data Scientist
12,Commerce,Business Studies,Management,Communication,95,82,95,90,7,1,8,Business Manager
12,Science,Chemistry,Healthcare,Research,86,49,70,53,3,10,6,Doctor
12,Science,Computer Science,Programming,Problem Solving,64,51,98,95,5,6,6,Software Engineer
12,Commerce,Economics,Finance,Analysis,80,68,58,57,4,5,6,Chartered Accountant
12,Science,Computer Science,Technology,Programming,100,83,80,63,10,6,10,Software Engineer
11,Commerce,Economics,Finance,Analysis,79,50,44,47,4,9,10,Chartered Accountant
11,Science,Computer Science,Programming,Programming,56,96,94,80,4,8,8,Software Engineer
12,Arts,English,Writing,Communication,85,59,56,45,5,3,7,Journalist
12,Science,Mathematics,Technology,Problem Solving,74,53,84,83,10,1,4,Software Engineer
11,Arts,English,Writing,Communication,74,71,60,88,10,10,9,Journalist
12,Science,Physics,Engineering,Mathematics,77,88,52,90,1,5,10,Engineer
12,Arts,English,Design,Creativity,64,44,44,57,4,7,7,Graphic Designer
12,Science,Computer Science,Programming,Programming,73,82,96,70,3,8,6,Software Engineer
11,Commerce,Mathematics,Finance,Analysis,90,45,71,50,4,6,7,Financial Analyst
11,Science,Mathematics,Programming,Programming,90,76,84,74,2,5,9,Software Engineer
12,Science,Computer Science,Programming,Problem Solving,75,66,95,56,7,2,9,Software Engineer
12,Arts,History,Writing,Writing,100,56,71,87,4,7,3,Journalist
12,Commerce,Mathematics,Finance,Analysis,77,99,89,67,6,10,2,Financial Analyst
11,Arts,History,Writing,Communication,58,82,48,66,3,7,6,Journalist
11,Arts,English,Writing,Writing,99,68,40,93,2,2,2,Journalist
12,Science,Biology,Healthcare,Communication,61,98,67,75,5,4,3,Doctor
12,Commerce,Economics,Finance,Mathematics,55,50,82,60,7,9,10,Financial Analyst
12,Arts,Political Science,Government,Research,66,50,68,83,9,5,4,Civil Services
12,Commerce,Business Studies,Business,Communication,77,90,79,69,3,3,2,Business Manager
12,Science,Biology,Healthcare,Research,58,81,54,50,1,1,7,Doctor
11,Arts,Political Science,Government,Leadership,74,41,43,61,4,9,6,Civil Services
11,Arts,History,Writing,Writing,83,53,67,49,1,2,1,Journalist
11,Commerce,Economics,Finance,Mathematics,71,81,59,63,4,8,5,Financial Analyst
11,Commerce,Economics,Finance,Mathematics,80,65,57,100,3,4,4,Financial Analyst
12,Commerce,Mathematics,Finance,Analysis,89,52,50,73,4,1,5,Financial Analyst
11,Arts,English,Writing,Writing,84,90,86,40,6,6,10,Journalist
11,Commerce,Business Studies,Management,Communication,74,45,49,74,2,5,5,Business Manager
11,Commerce,Business Studies,Management,Communication,94,60,61,97,10,8,6,Business Manager
12,Arts,English,Design,Creativity,58,97,97,87,9,8,3,Graphic Designer
11,Arts,English,Design,Creativity,72,47,87,95,7,6,1,Graphic Designer
11,Science,Mathematics,Artificial Intelligence,Programming,98,67,41,70,1,10,3,Data Scientist
12,Commerce,Accountancy,Finance,Mathematics,78,84,96,44,4,7,1,Chartered Accountant
12,Science,Mathematics,Artificial Intelligence,Analysis,95,41,83,95,9,2,6,Data Scientist
11,Commerce,Economics,Finance,Mathematics,60,79,97,51,6,7,6,Chartered Accountant
12,Arts,History,Writing,Communication,87,86,70,88,8,5,4,Journalist
12,Arts,English,Design,Creativity,81,66,43,68,1,1,9,Graphic Designer
12,Arts,English,Design,Creativity,98,54,70,50,1,9,3,Graphic Designer
11,Science,Mathematics,Artificial Intelligence,Programming,58,46,40,59,7,2,4,Data Scientist
12,Commerce,Economics,Finance,Mathematics,70,66,84,91,5,7,2,Financial Analyst
12,Science,Computer Science,Artificial Intelligence,Analysis,84,45,50,84,10,1,9,Data Scientist
12,Commerce,Mathematics,Finance,Mathematics,95,55,74,57,10,5,2,Financial Analyst
11,Science,Mathematics,Artificial Intelligence,Programming,66,93,81,100,7,6,3,Data Scientist
11,Science,Computer Science,Technology,Analysis,72,86,78,62,3,2,8,Data Scientist
11,Arts,History,Writing,Communication,67,57,63,49,4,10,7,Journalist
11,Commerce,Economics,Finance,Analysis,59,58,69,58,9,6,9,Chartered Accountant
11,Science,Computer Science,Artificial Intelligence,Programming,81,41,52,64,5,7,3,Data Scientist
12,Arts,Political Science,Government,Research,74,96,95,47,6,7,9,Civil Services
11,Commerce,Economics,Finance,Mathematics,74,98,75,45,5,8,1,Chartered Accountant
11,Science,Computer Science,Programming,Problem Solving,92,79,84,61,6,6,5,Software Engineer
11,Commerce,Business Studies,Management,Communication,96,46,77,86,3,5,8,Business Manager
12,Commerce,Accountancy,Finance,Analysis,59,55,95,43,4,3,10,Chartered Accountant
11,Science,Mathematics,Engineering,Mathematics,66,81,91,75,1,1,10,Engineer
12,Arts,History,Government,Leadership,96,100,59,61,4,3,1,Civil Services
11,Science,Mathematics,Programming,Problem Solving,55,82,40,91,7,3,3,Software Engineer
12,Science,Biology,Healthcare,Communication,59,63,85,95,8,4,6,Doctor
11,Science,Mathematics,Technology,Analysis,90,58,90,42,2,6,7,Data Scientist
11,Arts,English,Design,Creativity,85,44,68,57,1,7,4,Graphic Designer
11,Science,Biology,Healthcare,Research,98,51,81,79,8,6,3,Doctor
11,Arts,History,Government,Research,69,52,65,55,3,6,2,Civil Services
11,Arts,Political Science,Government,Research,79,98,90,73,2,7,7,Civil Services
11,Commerce,Mathematics,Finance,Analysis,88,79,64,73,9,6,2,Financial Analyst
12,Arts,History,Government,Leadership,59,54,86,40,4,7,10,Civil Services
11,Arts,Political Science,Government,Research,90,58,94,87,9,8,5,Civil Services
11,Arts,History,Writing,Communication,68,57,48,71,3,10,4,Journalist
11,Science,Mathematics,Technology,Programming,81,46,81,86,10,4,5,Data Scientist
12,Science,Physics,Engineering,Mathematics,99,77,75,69,9,5,9,Engineer
11,Arts,English,Writing,Writing,59,43,70,63,3,4,4,Journalist
12,Science,Mathematics,Technology,Programming,71,54,50,98,3,9,9,Data Scientist
12,Science,Mathematics,Artificial Intelligence,Analysis,57,87,75,55,2,6,5,Data Scientist
11,Science,Chemistry,Healthcare,Communication,82,57,59,41,3,5,7,Doctor
11,Science,Mathematics,Programming,Problem Solving,83,84,69,57,10,8,7,Software Engineer
12,Science,Chemistry,Healthcare,Communication,64,79,57,45,5,9,6,Doctor
12,Commerce,Accountancy,Finance,Analysis,62,78,80,82,1,2,3,Chartered Accountant
11,Arts,History,Government,Leadership,66,81,45,79,8,8,6,Civil Services
12,Arts,History,Writing,Writing,66,91,77,63,3,7,6,Journalist
12,Science,Computer Science,Technology,Problem Solving,98,53,82,76,2,10,2,Software Engineer
12,Arts,English,Design,Creativity,82,99,99,86,1,3,7,Graphic Designer
11,Science,Chemistry,Healthcare,Communication,56,48,46,79,1,4,8,Doctor
12,Science,Mathematics,Technology,Programming,92,66,76,84,2,2,2,Data Scientist
12,Arts,English,Writing,Writing,70,48,81,86,3,9,4,Journalist
12,Arts,English,Writing,Communication,77,59,55,81,9,3,4,Journalist
12,Arts,History,Writing,Writing,68,50,51,41,9,5,5,Journalist
11,Arts,English,Design,Creativity,60,56,100,47,5,1,3,Graphic Designer
11,Commerce,Economics,Finance,Analysis,69,52,78,92,10,1,6,Chartered Accountant
12,Science,Computer Science,Technology,Programming,78,46,69,41,10,5,10,Software Engineer
11,Arts,English,Writing,Writing,78,45,85,100,5,7,5,Journalist
11,Commerce,Mathematics,Finance,Mathematics,91,64,51,51,1,4,1,Financial Analyst
12,Science,Physics,Engineering,Mathematics,89,43,82,63,9,10,9,Engineer
12,Commerce,Economics,Finance,Mathematics,62,42,97,93,9,8,9,Chartered Accountant
11,Science,Biology,Healthcare,Communication,76,100,73,59,5,6,4,Doctor
11,Science,Computer Science,Technology,Analysis,75,54,93,78,10,7,8,Data Scientist
12,Commerce,Economics,Finance,Mathematics,69,43,45,54,9,3,10,Chartered Accountant
11,Science,Mathematics,Engineering,Problem Solving,99,46,51,96,7,3,8,Engineer
12,Commerce,Business Studies,Management,Leadership,91,78,45,45,1,3,9,Business Manager
11,Arts,English,Writing,Writing,61,43,80,79,6,2,6,Journalist
12,Commerce,Business Studies,Business,Communication,92,52,83,57,1,10,5,Business Manager
12,Arts,History,Government,Leadership,57,42,61,72,8,7,3,Civil Services
12,Commerce,Business Studies,Management,Communication,72,41,87,67,7,2,1,Business Manager
12,Arts,English,Design,Creativity,72,55,96,44,4,1,9,Graphic Designer
11,Arts,English,Writing,Communication,74,63,70,95,3,8,2,Journalist
11,Arts,English,Design,Creativity,99,81,96,51,9,1,6,Graphic Designer
12,Science,Physics,Engineering,Mathematics,66,49,48,72,8,9,2,Engineer
12,Arts,History,Writing,Writing,64,78,85,80,7,5,8,Journalist
11,Commerce,Economics,Finance,Mathematics,57,47,45,67,7,1,9,Chartered Accountant
11,Arts,History,Government,Research,81,80,47,70,7,10,3,Civil Services
12,Science,Computer Science,Programming,Programming,93,90,44,97,9,5,2,Software Engineer
12,Science,Computer Science,Programming,Programming,85,79,46,54,3,6,3,Software Engineer
12,Commerce,Business Studies,Business,Leadership,88,52,62,91,8,4,7,Business Manager
12,Science,Mathematics,Technology,Programming,79,68,95,82,7,3,2,Software Engineer
12,Science,Mathematics,Technology,Programming,83,44,87,55,8,6,5,Data Scientist
11,Arts,English,Design,Creativity,60,74,87,88,4,10,5,Graphic Designer
12,Arts,English,Design,Creativity,82,77,61,82,2,9,1,Graphic Designer
11,Science,Biology,Healthcare,Communication,74,91,74,90,2,2,3,Doctor
11,Arts,English,Design,Creativity,57,72,79,73,6,8,8,Graphic Designer
11,Science,Physics,Engineering,Mathematics,77,42,90,63,3,9,5,Engineer
11,Science,Mathematics,Programming,Problem Solving,90,86,72,70,5,7,8,Software Engineer
11,Arts,Political Science,Government,Leadership,66,83,67,74,3,7,8,Civil Services
12,Science,Chemistry,Healthcare,Research,57,51,40,48,5,1,6,Doctor
11,Science,Computer Science,Technology,Programming,56,66,81,78,9,4,9,Software Engineer
12,Commerce,Economics,Finance,Analysis,96,55,95,42,9,8,3,Financial Analyst
12,Commerce,Mathematics,Finance,Analysis,56,92,56,60,8,10,4,Financial Analyst
11,Commerce,Business Studies,Management,Leadership,87,67,98,64,3,6,5,Business Manager
12,Arts,History,Writing,Writing,66,81,70,70,2,5,10,Journalist
11,Science,Computer Science,Technology,Analysis,99,44,82,63,6,4,9,Data Scientist
11,Arts,English,Writing,Writing,71,81,61,87,2,10,10,Journalist
12,Science,Computer Science,Programming,Programming,81,83,100,75,2,9,5,Software Engineer
11,Commerce,Economics,Finance,Analysis,73,83,95,40,4,5,10,Financial Analyst
12,Science,Mathematics,Programming,Problem Solving,56,93,56,78,4,10,4,Software Engineer
12,Commerce,Economics,Finance,Analysis,59,90,44,82,5,1,2,Chartered Accountant
11,Commerce,Accountancy,Finance,Mathematics,74,94,95,50,5,6,4,Chartered Accountant
11,Science,Computer Science,Technology,Problem Solving,98,93,64,51,7,3,8,Software Engineer
12,Science,Chemistry,Healthcare,Communication,82,87,82,74,6,2,7,Doctor
12,Science,Chemistry,Healthcare,Research,64,83,73,71,4,5,1,Doctor
11,Science,Chemistry,Healthcare,Research,78,46,80,51,5,3,4,Doctor
12,Science,Physics,Engineering,Mathematics,89,99,90,45,6,9,9,Engineer
12,Arts,History,Writing,Communication,92,61,83,92,5,9,1,Journalist
11,Commerce,Business Studies,Management,Communication,89,53,76,46,3,9,2,Business Manager
11,Commerce,Mathematics,Finance,Mathematics,95,83,58,43,7,3,2,Financial Analyst
11,Commerce,Mathematics,Finance,Analysis,58,48,93,63,9,10,4,Financial Analyst
11,Arts,English,Writing,Writing,80,98,83,100,9,2,10,Journalist
12,Commerce,Business Studies,Business,Communication,77,72,62,47,4,3,9,Business Manager
12,Commerce,Economics,Finance,Analysis,87,60,85,49,2,2,5,Chartered Accountant
11,Arts,English,Design,Creativity,57,73,82,64,9,8,7,Graphic Designer
12,Science,Chemistry,Healthcare,Research,58,45,43,94,5,2,9,Doctor
12,Arts,English,Design,Creativity,68,62,78,79,5,6,5,Graphic Designer
11,Science,Biology,Healthcare,Research,68,96,53,87,6,8,4,Doctor
12,Arts,English,Design,Creativity,73,72,59,98,4,9,10,Graphic Designer
12,Arts,English,Design,Creativity,94,62,61,44,1,7,9,Graphic Designer
11,Science,Computer Science,Technology,Analysis,89,97,46,88,4,5,3,Data Scientist
11,Commerce,Economics,Finance,Mathematics,96,80,94,57,4,8,5,Financial Analyst
12,Commerce,Mathematics,Finance,Analysis,93,52,91,64,10,2,1,Financial Analyst
12,Science,Mathematics,Technology,Programming,75,80,64,84,6,3,8,Software Engineer
12,Commerce,Accountancy,Finance,Mathematics,69,90,84,79,9,6,10,Chartered Accountant
12,Arts,English,Design,Creativity,57,62,56,89,7,1,2,Graphic Designer
12,Commerce,Mathematics,Finance,Mathematics,91,93,100,56,10,1,3,Financial Analyst
11,Science,Mathematics,Technology,Problem Solving,86,88,78,99,7,7,1,Software Engineer
12,Commerce,Business Studies,Business,Communication,94,73,94,73,1,10,9,Business Manager
12,Arts,English,Writing,Writing,65,60,54,100,10,6,3,Journalist
12,Commerce,Business Studies,Business,Leadership,93,45,86,43,8,8,8,Business Manager
12,Arts,Political Science,Government,Research,97,50,40,73,10,3,1,Civil Services
11,Commerce,Economics,Finance,Mathematics,66,66,53,91,7,6,9,Chartered Accountant
11,Commerce,Mathematics,Finance,Mathematics,87,70,55,74,4,9,4,Financial Analyst
11,Science,Biology,Healthcare,Research,99,78,57,96,7,2,1,Doctor
12,Commerce,Business Studies,Business,Communication,86,100,51,84,4,10,1,Business Manager
11,Arts,English,Writing,Writing,85,57,82,43,1,3,3,Journalist
12,Commerce,Mathematics,Finance,Mathematics,58,87,58,62,10,2,7,Financial Analyst
11,Science,Computer Science,Programming,Programming,76,62,48,86,1,3,5,Software Engineer
11,Arts,History,Writing,Communication,75,100,89,80,3,6,9,Journalist
12,Arts,History,Government,Leadership,90,51,92,92,10,7,1,Civil Services
11,Arts,History,Writing,Communication,58,68,49,83,8,6,2,Journalist
12,Commerce,Business Studies,Business,Leadership,76,67,70,68,5,8,3,Business Manager
12,Science,Mathematics,Programming,Programming,81,70,54,62,1,4,9,Software Engineer
12,Arts,English,Writing,Communication,63,91,80,61,4,3,10,Journalist
11,Science,Mathematics,Engineering,Mathematics,94,64,98,51,3,6,6,Engineer
12,Commerce,Economics,Finance,Analysis,72,98,77,99,5,4,6,Chartered Accountant
11,Science,Mathematics,Engineering,Problem Solving,67,96,51,66,1,4,6,Engineer
12,Science,Biology,Healthcare,Research,65,67,77,74,2,5,2,Doctor
11,Science,Chemistry,Healthcare,Communication,75,98,59,47,10,3,6,Doctor
11,Arts,English,Design,Creativity,85,72,86,58,7,10,6,Graphic Designer
11,Commerce,Economics,Finance,Analysis,82,63,58,67,1,1,9,Financial Analyst
11,Commerce,Economics,Finance,Mathematics,79,87,51,66,1,8,7,Chartered Accountant
12,Science,Biology,Healthcare,Communication,93,87,59,83,4,7,8,Doctor
11,Science,Biology,Healthcare,Communication,65,64,82,47,1,7,2,Doctor
12,Science,Computer Science,Technology,Programming,77,56,60,58,7,7,8,Software Engineer
12,Science,Chemistry,Healthcare,Research,61,100,65,81,7,6,6,Doctor
11,Arts,History,Writing,Writing,65,66,61,72,6,4,9,Journalist
12,Arts,Political Science,Government,Leadership,68,46,78,83,9,10,3,Civil Services
11,Arts,Political Science,Government,Leadership,98,88,82,53,5,7,2,Civil Services
12,Science,Mathematics,Artificial Intelligence,Programming,79,75,67,93,6,1,10,Data Scientist
11,Science,Mathematics,Engineering,Problem Solving,79,59,51,42,4,7,7,Engineer
12,Science,Mathematics,Engineering,Mathematics,67,62,61,80,4,1,2,Engineer
11,Commerce,Economics,Finance,Analysis,93,54,72,41,4,3,4,Chartered Accountant
12,Commerce,Mathematics,Finance,Mathematics,59,100,74,49,10,8,3,Financial Analyst
12,Arts,History,Writing,Communication,72,84,67,89,1,2,4,Journalist
12,Arts,Political Science,Government,Research,93,66,47,95,8,4,8,Civil Services
12,Arts,English,Design,Creativity,59,89,56,46,3,7,6,Graphic Designer
12,Commerce,Business Studies,Business,Communication,85,40,76,99,9,3,9,Business Manager
12,Arts,English,Design,Creativity,61,52,79,47,6,9,6,Graphic Designer
11,Arts,English,Writing,Writing,63,74,41,78,3,2,9,Journalist
11,Science,Physics,Engineering,Mathematics,67,48,92,99,2,3,7,Engineer
12,Commerce,Economics,Finance,Analysis,93,79,49,65,5,3,8,Financial Analyst
11,Commerce,Economics,Finance,Analysis,71,69,41,40,6,8,10,Chartered Accountant
11,Arts,Political Science,Government,Leadership,91,96,68,48,6,2,7,Civil Services
11,Science,Mathematics,Engineering,Mathematics,78,42,74,72,10,6,4,Engineer
11,Commerce,Economics,Finance,Analysis,65,66,77,78,9,6,4,Financial Analyst
11,Science,Physics,Engineering,Problem Solving,89,55,62,76,10,6,8,Engineer
11,Arts,English,Design,Creativity,66,42,93,93,10,8,2,Graphic Designer
11,Science,Computer Science,Programming,Programming,57,83,85,91,9,3,6,Software Engineer
11,Commerce,Business Studies,Business,Leadership,78,42,60,94,6,1,1,Business Manager
12,Science,Mathematics,Engineering,Problem Solving,85,40,40,68,9,9,2,Engineer
11,Commerce,Accountancy,Finance,Analysis,64,55,84,85,3,9,10,Chartered Accountant
11,Science,Biology,Healthcare,Communication,59,57,58,67,6,8,4,Doctor
12,Science,Computer Science,Programming,Programming,90,53,69,95,3,3,10,Software Engineer
12,Commerce,Business Studies,Business,Leadership,84,41,98,55,2,1,6,Business Manager
11,Commerce,Mathematics,Finance,Mathematics,74,45,45,58,9,8,7,Financial Analyst
12,Science,Chemistry,Healthcare,Research,78,68,71,42,2,7,8,Doctor
12,Arts,Political Science,Government,Research,68,41,85,44,10,2,9,Civil Services
12,Science,Computer Science,Technology,Problem Solving,59,50,83,97,9,8,3,Software Engineer
12,Arts,History,Writing,Communication,79,73,43,94,5,5,7,Journalist
11,Arts,English,Design,Creativity,62,79,100,58,3,1,3,Graphic Designer
12,Commerce,Business Studies,Management,Communication,74,54,49,80,6,4,2,Business Manager
11,Commerce,Economics,Finance,Analysis,86,78,71,40,8,6,3,Chartered Accountant
12,Commerce,Accountancy,Finance,Analysis,83,96,46,65,2,6,9,Chartered Accountant
11,Science,Chemistry,Healthcare,Communication,86,67,80,80,5,10,8,Doctor
12,Arts,History,Government,Leadership,63,63,49,75,6,4,1,Civil Services
12,Arts,English,Writing,Writing,97,79,96,70,10,2,2,Journalist
11,Science,Mathematics,Technology,Programming,76,91,48,62,1,8,1,Software Engineer
12,Science,Computer Science,Programming,Problem Solving,98,51,75,60,7,3,1,Software Engineer
11,Science,Mathematics,Programming,Programming,75,62,80,74,9,1,2,Software Engineer
11,Commerce,Business Studies,Business,Communication,63,65,40,85,4,1,4,Business Manager
11,Science,Mathematics,Technology,Problem Solving,84,40,90,44,4,4,8,Software Engineer
11,Science,Computer Science,Technology,Problem Solving,96,66,88,77,4,9,9,Software Engineer
11,Commerce,Economics,Finance,Analysis,79,68,41,41,9,3,1,Financial Analyst
11,Arts,English,Design,Creativity,88,91,75,43,7,8,4,Graphic Designer
11,Arts,English,Design,Creativity,70,77,48,59,8,1,3,Graphic Designer
12,Commerce,Business Studies,Business,Leadership,72,60,65,72,10,10,2,Business Manager
12,Commerce,Economics,Finance,Mathematics,66,89,46,69,8,7,9,Chartered Accountant
12,Commerce,Business Studies,Management,Leadership,96,49,69,46,2,8,2,Business Manager
12,Arts,English,Writing,Writing,81,68,94,70,8,8,10,Journalist
11,Science,Computer Science,Artificial Intelligence,Analysis,59,78,43,98,10,3,8,Data Scientist
12,Science,Mathematics,Technology,Analysis,93,79,98,87,4,8,8,Data Scientist
12,Science,Physics,Engineering,Mathematics,76,94,59,68,10,7,10,Engineer
11,Arts,English,Writing,Communication,80,53,45,44,9,5,8,Journalist
11,Commerce,Economics,Finance,Analysis,86,97,79,91,3,7,2,Chartered Accountant
12,Commerce,Economics,Finance,Mathematics,63,98,92,90,2,7,9,Chartered Accountant
12,Science,Physics,Engineering,Problem Solving,92,46,65,65,5,7,5,Engineer
11,Arts,History,Government,Leadership,68,44,46,86,5,4,3,Civil Services
11,Science,Physics,Engineering,Problem Solving,88,49,67,97,2,8,4,Engineer
11,Arts,Political Science,Government,Leadership,71,55,72,90,4,4,9,Civil Services
12,Commerce,Accountancy,Finance,Analysis,100,79,54,82,8,7,3,Chartered Accountant
11,Science,Mathematics,Technology,Analysis,75,79,54,80,4,10,9,Data Scientist
11,Science,Computer Science,Technology,Problem Solving,70,86,94,91,3,6,10,Software Engineer
12,Science,Mathematics,Artificial Intelligence,Programming,100,46,69,69,1,6,4,Data Scientist
11,Arts,English,Design,Creativity,97,56,80,94,1,3,6,Graphic Designer
11,Arts,English,Design,Creativity,64,70,47,74,10,10,8,Graphic Designer
12,Arts,Political Science,Government,Research,93,94,48,70,3,1,8,Civil Services
11,Science,Mathematics,Technology,Programming,82,58,85,58,1,7,4,Software Engineer
11,Commerce,Economics,Finance,Mathematics,82,45,86,89,5,9,10,Financial Analyst
12,Science,Physics,Engineering,Problem Solving,86,55,45,76,5,5,5,Engineer
11,Arts,English,Design,Creativity,58,94,59,93,8,5,1,Graphic Designer
12,Arts,History,Government,Leadership,56,99,60,74,1,3,8,Civil Services
11,Commerce,Economics,Finance,Mathematics,93,86,44,95,5,1,1,Financial Analyst
12,Science,Computer Science,Technology,Programming,66,97,99,46,10,2,5,Data Scientist
11,Commerce,Business Studies,Management,Communication,95,71,86,75,4,3,6,Business Manager
11,Commerce,Economics,Finance,Analysis,62,60,79,93,3,6,3,Chartered Accountant
12,Arts,History,Writing,Writing,84,99,81,69,6,5,4,Journalist
11,Commerce,Accountancy,Finance,Analysis,86,68,45,62,10,8,5,Chartered Accountant
11,Arts,History,Writing,Writing,78,94,44,52,8,7,10,Journalist
11,Science,Computer Science,Technology,Programming,90,94,67,71,9,10,2,Data Scientist
11,Commerce,Accountancy,Finance,Analysis,98,97,72,51,8,1,10,Chartered Accountant
12,Arts,English,Design,Creativity,86,67,86,68,7,4,1,Graphic Designer
12,Science,Computer Science,Technology,Analysis,84,79,42,78,4,3,2,Data Scientist
11,Arts,English,Writing,Writing,73,50,98,56,6,1,5,Journalist
11,Science,Mathematics,Engineering,Mathematics,65,76,86,84,6,8,10,Engineer
12,Science,Physics,Engineering,Mathematics,73,94,40,87,10,4,10,Engineer
12,Arts,English,Design,Creativity,90,75,90,49,5,10,6,Graphic Designer
12,Science,Biology,Healthcare,Communication,86,42,89,86,7,6,3,Doctor
12,Science,Computer Science,Artificial Intelligence,Analysis,95,56,59,56,9,9,1,Data Scientist
12,Commerce,Business Studies,Management,Leadership,96,73,40,96,1,3,8,Business Manager
11,Science,Biology,Healthcare,Communication,63,44,90,86,6,6,5,Doctor
11,Arts,English,Design,Creativity,94,42,86,75,3,10,6,Graphic Designer
11,Arts,English,Design,Creativity,72,40,44,85,2,10,8,Graphic Designer
11,Science,Mathematics,Engineering,Problem Solving,93,73,41,73,5,7,4,Engineer
12,Science,Physics,Engineering,Problem Solving,65,82,44,89,10,1,2,Engineer
12,Science,Physics,Engineering,Problem Solving,81,44,59,76,4,8,8,Engineer
11,Commerce,Economics,Finance,Mathematics,74,71,42,95,9,2,8,Chartered Accountant
11,Science,Biology,Healthcare,Research,70,71,45,49,9,6,4,Doctor
11,Arts,English,Design,Creativity,67,69,69,95,2,7,9,Graphic Designer
12,Arts,English,Writing,Writing,69,53,74,96,3,6,9,Journalist
12,Commerce,Business Studies,Management,Communication,59,86,77,77,6,3,8,Business Manager
12,Science,Computer Science,Technology,Problem Solving,94,49,66,57,4,6,5,Software Engineer
11,Arts,History,Government,Leadership,62,66,72,46,3,4,4,Civil Services
11,Arts,History,Government,Leadership,89,89,58,73,4,4,10,Civil Services
11,Science,Mathematics,Technology,Programming,79,67,88,54,4,5,7,Software Engineer
12,Science,Computer Science,Technology,Analysis,59,94,93,43,4,9,8,Data Scientist
11,Science,Computer Science,Technology,Problem Solving,69,99,95,41,4,2,5,Software Engineer
12,Arts,Political Science,Government,Research,93,63,86,72,9,9,1,Civil Services
12,Commerce,Business Studies,Management,Communication,77,78,94,82,6,2,7,Business Manager
11,Commerce,Business Studies,Business,Leadership,81,51,89,89,4,9,10,Business Manager
11,Science,Mathematics,Programming,Programming,87,86,74,61,1,4,1,Software Engineer
11,Science,Mathematics,Engineering,Problem Solving,61,74,62,51,5,4,3,Engineer
12,Science,Computer Science,Technology,Analysis,58,61,95,86,10,2,1,Data Scientist
11,Commerce,Business Studies,Business,Communication,90,65,47,58,6,9,3,Business Manager
11,Commerce,Mathematics,Finance,Analysis,88,60,98,66,8,3,4,Financial Analyst
12,Commerce,Mathematics,Finance,Analysis,62,40,76,68,8,6,6,Financial Analyst
11,Science,Mathematics,Programming,Programming,59,90,72,59,3,1,2,Software Engineer
11,Commerce,Economics,Finance,Mathematics,62,71,72,59,7,6,6,Financial Analyst
11,Science,Computer Science,Technology,Problem Solving,91,95,60,63,6,2,8,Software Engineer
11,Commerce,Mathematics,Finance,Mathematics,82,96,69,84,3,2,5,Financial Analyst
12,Science,Biology,Healthcare,Research,66,91,65,49,4,10,9,Doctor
11,Commerce,Business Studies,Business,Communication,80,84,78,44,7,7,3,Business Manager
11,Science,Mathematics,Programming,Problem Solving,67,89,70,84,9,7,2,Software Engineer
11,Arts,English,Design,Creativity,78,44,53,41,2,2,7,Graphic Designer
11,Science,Mathematics,Engineering,Problem Solving,97,44,75,66,5,9,5,Engineer
11,Arts,English,Design,Creativity,64,44,90,62,6,4,7,Graphic Designer
11,Science,Mathematics,Artificial Intelligence,Programming,55,80,99,96,1,10,6,Data Scientist
11,Commerce,Economics,Finance,Analysis,100,43,59,50,6,7,2,Chartered Accountant
11,Arts,English,Design,Creativity,99,78,89,81,8,2,2,Graphic Designer
11,Commerce,Business Studies,Business,Leadership,73,59,88,95,8,5,8,Business Manager
11,Science,Computer Science,Technology,Programming,75,93,74,43,6,1,4,Data Scientist
11,Commerce,Mathematics,Finance,Mathematics,92,66,87,47,5,8,3,Financial Analyst
11,Science,Computer Science,Programming,Programming,74,91,95,89,6,8,2,Software Engineer
12,Commerce,Accountancy,Finance,Analysis,91,68,78,44,4,5,7,Chartered Accountant
12,Science,Physics,Engineering,Problem Solving,97,99,80,46,10,2,7,Engineer
12,Science,Physics,Engineering,Problem Solving,56,56,58,100,4,5,2,Engineer
11,Science,Chemistry,Healthcare,Communication,92,78,74,73,9,8,6,Doctor
11,Science,Mathematics,Engineering,Mathematics,72,58,46,49,3,10,7,Engineer
12,Science,Mathematics,Artificial Intelligence,Programming,82,79,87,60,2,3,1,Data Scientist
12,Arts,History,Government,Research,79,43,52,65,10,10,9,Civil Services
11,Science,Mathematics,Technology,Programming,78,100,73,88,9,1,3,Software Engineer
11,Science,Computer Science,Technology,Programming,86,41,82,47,7,3,1,Data Scientist
12,Science,Mathematics,Engineering,Problem Solving,63,46,73,52,4,1,3,Engineer
11,Science,Computer Science,Technology,Programming,91,41,79,50,3,8,2,Data Scientist
12,Arts,English,Design,Creativity,56,72,65,61,1,5,5,Graphic Designer
12,Arts,English,Design,Creativity,84,56,64,75,10,3,4,Graphic Designer
12,Arts,History,Government,Research,89,60,96,91,7,10,2,Civil Services
11,Science,Computer Science,Technology,Problem Solving,73,82,61,98,7,5,2,Software Engineer
12,Science,Mathematics,Programming,Problem Solving,58,44,91,88,10,1,7,Software Engineer
12,Science,Mathematics,Engineering,Problem Solving,70,68,82,66,6,10,7,Engineer
11,Science,Chemistry,Healthcare,Research,89,76,77,78,2,7,1,Doctor
11,Science,Physics,Engineering,Mathematics,91,63,53,59,7,7,4,Engineer
12,Science,Computer Science,Technology,Programming,91,55,64,68,4,4,6,Software Engineer
12,Arts,History,Government,Leadership,85,58,69,53,3,2,5,Civil Services
11,Arts,Political Science,Government,Leadership,73,93,70,40,2,1,6,Civil Services
11,Arts,History,Writing,Writing,55,81,46,80,1,10,5,Journalist
11,Arts,History,Government,Leadership,84,76,70,46,8,5,4,Civil Services
12,Arts,English,Design,Creativity,79,87,64,66,7,10,3,Graphic Designer
11,Science,Computer Science,Technology,Programming,69,84,91,57,5,5,3,Software Engineer
12,Commerce,Accountancy,Finance,Analysis,85,49,99,51,2,2,4,Chartered Accountant
12,Science,Mathematics,Engineering,Mathematics,64,95,45,71,6,7,2,Engineer
12,Science,Computer Science,Artificial Intelligence,Programming,98,69,43,63,9,3,5,Data Scientist
12,Arts,English,Design,Creativity,56,94,97,60,1,10,1,Graphic Designer
12,Science,Mathematics,Engineering,Problem Solving,64,61,64,66,9,6,3,Engineer
12,Science,Physics,Engineering,Problem Solving,94,75,40,78,7,1,10,Engineer
11,Arts,English,Design,Creativity,82,60,89,77,8,10,3,Graphic Designer
11,Arts,History,Government,Research,60,42,44,80,1,9,5,Civil Services
12,Arts,History,Government,Leadership,55,63,81,43,3,1,4,Civil Services
12,Science,Physics,Engineering,Mathematics,63,76,96,49,9,5,8,Engineer
11,Science,Chemistry,Healthcare,Communication,67,100,40,72,7,2,1,Doctor
12,Arts,History,Writing,Writing,81,76,70,72,5,1,4,Journalist
12,Science,Physics,Engineering,Mathematics,92,46,46,84,7,4,8,Engineer
11,Commerce,Economics,Finance,Mathematics,64,43,61,45,9,3,8,Chartered Accountant
11,Science,Physics,Engineering,Mathematics,98,91,80,42,9,9,2,Engineer
12,Science,Computer Science,Technology,Programming,96,100,87,64,8,9,9,Software Engineer
12,Arts,History,Writing,Writing,91,72,81,48,3,1,6,Journalist
11,Science,Computer Science,Technology,Programming,89,62,99,54,9,10,9,Data Scientist
11,Arts,History,Writing,Writing,69,64,86,82,10,1,5,Journalist
11,Arts,History,Government,Leadership,69,94,73,99,4,8,2,Civil Services
11,Science,Physics,Engineering,Mathematics,65,40,95,87,4,6,5,Engineer
11,Arts,Political Science,Government,Leadership,83,48,73,61,1,2,9,Civil Services
11,Arts,History,Writing,Communication,73,78,42,40,1,10,9,Journalist
12,Arts,English,Writing,Communication,62,93,58,65,3,4,10,Journalist
11,Arts,Political Science,Government,Leadership,59,62,90,89,9,8,10,Civil Services
11,Arts,Political Science,Government,Research,63,66,84,99,9,2,3,Civil Services
11,Arts,English,Design,Creativity,57,57,77,56,3,2,5,Graphic Designer
11,Arts,English,Design,Creativity,62,92,69,66,7,8,7,Graphic Designer
11,Commerce,Economics,Finance,Mathematics,93,44,82,95,3,1,3,Chartered Accountant
12,Arts,Political Science,Government,Research,95,57,87,74,4,1,1,Civil Services
12,Arts,Political Science,Government,Research,60,67,71,54,8,3,2,Civil Services
11,Arts,History,Government,Research,81,97,93,47,3,5,6,Civil Services
12,Science,Mathematics,Engineering,Problem Solving,70,91,83,48,4,3,4,Engineer
12,Commerce,Business Studies,Business,Communication,80,86,100,42,7,4,1,Business Manager
11,Commerce,Mathematics,Finance,Mathematics,69,50,87,40,5,7,9,Financial Analyst
12,Science,Mathematics,Artificial Intelligence,Programming,96,73,86,99,2,3,1,Data Scientist
11,Science,Computer Science,Artificial Intelligence,Analysis,66,41,59,53,2,1,1,Data Scientist
12,Arts,English,Design,Creativity,72,92,91,49,4,8,1,Graphic Designer
12,Arts,English,Design,Creativity,76,53,44,65,7,7,9,Graphic Designer
11,Arts,History,Writing,Communication,67,97,96,60,6,3,1,Journalist
12,Science,Chemistry,Healthcare,Research,89,82,41,66,8,4,4,Doctor
12,Arts,History,Government,Leadership,59,71,75,87,10,3,1,Civil Services
12,Science,Computer Science,Programming,Problem Solving,99,57,98,64,4,6,9,Software Engineer
12,Science,Mathematics,Engineering,Problem Solving,65,76,71,59,6,10,8,Engineer
11,Science,Computer Science,Technology,Analysis,60,70,80,76,2,5,10,Data Scientist
12,Science,Computer Science,Artificial Intelligence,Programming,70,43,100,83,10,10,8,Data Scientist
11,Science,Computer Science,Technology,Analysis,55,58,55,63,6,6,1,Data Scientist
12,Science,Mathematics,Technology,Programming,85,89,92,41,4,5,2,Data Scientist
12,Commerce,Economics,Finance,Mathematics,75,54,63,49,9,10,2,Chartered Accountant
11,Science,Computer Science,Technology,Programming,93,94,99,92,10,3,2,Software Engineer
12,Arts,English,Design,Creativity,86,42,83,93,5,4,5,Graphic Designer
11,Science,Mathematics,Technology,Programming,99,93,67,50,6,5,10,Data Scientist
12,Arts,History,Government,Research,95,46,92,49,8,4,3,Civil Services
12,Commerce,Economics,Finance,Analysis,58,69,69,93,3,9,4,Financial Analyst
12,Commerce,Mathematics,Finance,Analysis,96,94,56,89,7,8,6,Financial Analyst
11,Commerce,Business Studies,Business,Communication,58,78,96,76,10,6,6,Business Manager
12,Science,Mathematics,Engineering,Mathematics,72,76,94,84,2,6,4,Engineer
11,Arts,History,Government,Research,93,46,75,42,7,6,1,Civil Services
12,Science,Computer Science,Artificial Intelligence,Analysis,59,100,61,84,4,9,9,Data Scientist
11,Science,Biology,Healthcare,Research,64,73,42,75,1,5,7,Doctor
12,Arts,English,Design,Creativity,62,52,65,85,8,8,10,Graphic Designer
12,Arts,Political Science,Government,Leadership,59,98,72,54,1,6,10,Civil Services
12,Arts,English,Design,Creativity,85,64,50,82,2,8,9,Graphic Designer
11,Science,Mathematics,Technology,Programming,80,72,75,45,6,3,8,Data Scientist
12,Arts,English,Design,Creativity,62,83,83,73,7,7,5,Graphic Designer
12,Commerce,Economics,Finance,Analysis,93,55,62,53,6,10,4,Chartered Accountant
12,Commerce,Economics,Finance,Mathematics,69,53,80,79,10,6,10,Chartered Accountant
11,Commerce,Accountancy,Finance,Mathematics,65,55,48,77,10,1,5,Chartered Accountant
12,Science,Mathematics,Technology,Analysis,68,98,76,89,3,10,2,Data Scientist
11,Commerce,Economics,Finance,Analysis,58,40,45,85,8,4,7,Chartered Accountant
11,Science,Computer Science,Artificial Intelligence,Analysis,60,88,65,58,7,8,5,Data Scientist
12,Science,Mathematics,Engineering,Problem Solving,73,64,98,58,6,5,2,Engineer
11,Arts,History,Writing,Communication,73,74,60,89,8,10,5,Journalist
12,Commerce,Business Studies,Business,Communication,75,95,67,71,7,1,5,Business Manager
11,Arts,English,Design,Creativity,95,85,69,46,10,2,5,Graphic Designer
11,Arts,History,Writing,Writing,74,51,41,43,5,7,9,Journalist
12,Science,Computer Science,Technology,Programming,90,65,66,95,5,7,10,Software Engineer
12,Arts,English,Design,Creativity,55,51,71,75,2,8,5,Graphic Designer
11,Arts,English,Design,Creativity,78,82,62,44,1,3,8,Graphic Designer
11,Arts,English,Design,Creativity,55,40,98,69,3,6,10,Graphic Designer
11,Commerce,Economics,Finance,Analysis,80,45,53,91,2,10,9,Chartered Accountant
11,Commerce,Accountancy,Finance,Mathematics,97,78,64,41,1,2,2,Chartered Accountant
12,Commerce,Business Studies,Business,Leadership,71,49,47,63,8,5,8,Business Manager
11,Arts,Political Science,Government,Research,80,81,89,54,6,2,10,Civil Services
11,Science,Physics,Engineering,Problem Solving,81,70,90,94,2,10,9,Engineer
11,Arts,English,Design,Creativity,63,42,66,82,7,9,7,Graphic Designer
12,Arts,Political Science,Government,Leadership,64,48,45,99,10,1,6,Civil Services
12,Commerce,Business Studies,Management,Communication,80,73,77,50,2,4,4,Business Manager
12,Science,Computer Science,Technology,Analysis,55,50,62,72,2,3,5,Data Scientist
12,Arts,English,Design,Creativity,78,72,90,64,5,4,3,Graphic Designer
12,Science,Mathematics,Artificial Intelligence,Programming,76,63,99,92,9,7,9,Data Scientist
12,Commerce,Business Studies,Management,Communication,93,55,59,100,3,1,10,Business Manager
12,Arts,English,Design,Creativity,59,48,71,51,9,10,2,Graphic Designer
11,Science,Mathematics,Engineering,Mathematics,96,71,43,58,6,2,7,Engineer
12,Commerce,Economics,Finance,Mathematics,87,84,47,91,7,2,2,Chartered Accountant
12,Arts,English,Writing,Writing,73,99,54,53,8,8,6,Journalist
11,Commerce,Business Studies,Business,Communication,69,63,78,63,4,7,4,Business Manager
12,Commerce,Business Studies,Management,Leadership,91,53,57,76,4,3,1,Business Manager
12,Commerce,Business Studies,Management,Communication,62,83,89,78,3,10,4,Business Manager
11,Arts,Political Science,Government,Leadership,56,42,66,100,6,8,5,Civil Services
12,Arts,History,Writing,Writing,72,56,40,54,3,8,3,Journalist
12,Science,Computer Science,Programming,Programming,63,73,66,62,7,2,6,Software Engineer
12,Science,Computer Science,Technology,Problem Solving,86,53,55,66,1,7,9,Software Engineer
11,Science,Mathematics,Technology,Analysis,86,82,100,58,2,2,5,Data Scientist
11,Science,Mathematics,Technology,Problem Solving,74,94,67,47,6,5,10,Software Engineer
11,Commerce,Business Studies,Management,Leadership,82,67,51,67,4,7,4,Business Manager
12,Science,Chemistry,Healthcare,Research,100,40,53,58,8,5,10,Doctor
11,Science,Computer Science,Programming,Programming,76,66,92,97,7,1,10,Software Engineer
11,Arts,English,Design,Creativity,96,73,79,99,2,10,2,Graphic Designer
12,Commerce,Economics,Finance,Mathematics,64,96,70,68,3,2,3,Financial Analyst
12,Arts,History,Government,Research,85,52,49,57,1,4,7,Civil Services
12,Science,Computer Science,Artificial Intelligence,Analysis,74,49,65,91,5,10,3,Data Scientist
11,Arts,History,Government,Research,88,48,79,59,1,2,2,Civil Services
11,Arts,History,Writing,Communication,62,43,92,47,6,4,7,Journalist
11,Commerce,Business Studies,Management,Leadership,59,84,54,92,7,6,4,Business Manager
12,Science,Mathematics,Programming,Programming,58,59,86,89,6,7,9,Software Engineer
11,Commerce,Accountancy,Finance,Mathematics,79,73,57,98,2,4,5,Chartered Accountant
12,Arts,History,Writing,Writing,89,73,67,49,6,1,1,Journalist
12,Arts,English,Writing,Communication,100,42,50,72,1,10,3,Journalist
11,Arts,History,Writing,Communication,77,61,95,45,5,2,3,Journalist
12,Commerce,Economics,Finance,Mathematics,56,69,51,47,5,4,8,Financial Analyst
11,Arts,English,Design,Creativity,55,48,61,48,7,4,9,Graphic Designer
12,Arts,History,Government,Research,84,96,92,59,4,6,6,Civil Services
11,Arts,English,Design,Creativity,57,94,78,64,10,8,7,Graphic Designer
11,Science,Physics,Engineering,Mathematics,75,90,88,55,7,4,3,Engineer
12,Science,Biology,Healthcare,Communication,62,65,94,75,9,2,10,Doctor
11,Arts,History,Writing,Writing,72,47,73,60,3,8,2,Journalist
11,Arts,English,Design,Creativity,85,69,40,92,4,1,3,Graphic Designer
11,Arts,History,Government,Leadership,66,99,67,60,1,9,9,Civil Services
11,Arts,English,Design,Creativity,90,73,89,96,8,2,8,Graphic Designer
12,Science,Computer Science,Technology,Problem Solving,76,91,44,80,10,7,5,Software Engineer
11,Arts,English,Writing,Communication,79,44,63,65,2,3,7,Journalist
12,Commerce,Economics,Finance,Mathematics,60,40,57,48,10,3,2,Chartered Accountant
11,Arts,History,Government,Research,66,68,71,100,4,1,10,Civil Services
11,Commerce,Mathematics,Finance,Mathematics,83,53,49,93,1,1,7,Financial Analyst
11,Science,Computer Science,Programming,Programming,86,81,92,53,4,4,3,Software Engineer
11,Arts,History,Writing,Writing,58,72,84,44,9,5,9,Journalist
12,Commerce,Accountancy,Finance,Mathematics,82,55,60,99,3,7,4,Chartered Accountant
11,Commerce,Economics,Finance,Analysis,77,57,40,77,9,8,6,Chartered Accountant
11,Arts,English,Design,Creativity,89,91,79,93,7,10,3,Graphic Designer
12,Arts,English,Design,Creativity,77,46,57,74,5,6,5,Graphic Designer
11,Arts,History,Writing,Writing,59,81,88,94,4,3,5,Journalist
12,Commerce,Business Studies,Business,Communication,70,63,100,56,5,2,8,Business Manager
12,Arts,English,Design,Creativity,79,41,64,98,5,4,10,Graphic Designer
12,Science,Mathematics,Technology,Problem Solving,57,43,41,62,5,4,10,Software Engineer
11,Arts,English,Design,Creativity,98,97,100,60,3,5,4,Graphic Designer
11,Science,Mathematics,Engineering,Problem Solving,62,48,46,43,6,2,9,Engineer
11,Science,Computer Science,Technology,Analysis,71,76,74,89,7,3,7,Data Scientist
12,Science,Mathematics,Technology,Problem Solving,56,98,95,68,1,3,7,Software Engineer
11,Commerce,Business Studies,Business,Communication,96,78,99,44,6,4,8,Business Manager
11,Commerce,Economics,Finance,Analysis,82,73,95,55,10,1,6,Chartered Accountant
12,Science,Physics,Engineering,Problem Solving,59,86,60,61,10,5,9,Engineer
12,Science,Mathematics,Engineering,Mathematics,82,95,92,65,2,5,7,Engineer
11,Arts,English,Design,Creativity,89,74,45,95,7,10,7,Graphic Designer
12,Commerce,Mathematics,Finance,Mathematics,91,55,60,47,5,9,6,Financial Analyst
12,Arts,History,Writing,Communication,86,78,80,45,3,5,2,Journalist
12,Science,Physics,Engineering,Mathematics,63,96,43,88,6,7,8,Engineer
12,Commerce,Mathematics,Finance,Mathematics,62,91,48,86,9,7,3,Financial Analyst
12,Science,Biology,Healthcare,Communication,69,45,95,72,5,8,7,Doctor
12,Arts,English,Design,Creativity,63,57,56,72,10,8,2,Graphic Designer
11,Science,Mathematics,Programming,Problem Solving,69,81,87,93,4,5,2,Software Engineer
11,Science,Physics,Engineering,Problem Solving,99,68,59,92,10,1,3,Engineer
11,Science,Physics,Engineering,Problem Solving,57,95,74,61,1,10,6,Engineer
11,Commerce,Business Studies,Business,Communication,62,54,47,48,1,7,2,Business Manager
11,Science,Mathematics,Technology,Programming,79,75,47,53,10,10,6,Software Engineer
12,Science,Biology,Healthcare,Research,98,67,74,71,5,6,1,Doctor
12,Commerce,Accountancy,Finance,Mathematics,87,43,45,72,4,4,6,Chartered Accountant
12,Science,Physics,Engineering,Problem Solving,73,58,98,83,8,7,10,Engineer
12,Commerce,Economics,Finance,Mathematics,82,83,51,54,2,2,9,Financial Analyst
11,Science,Chemistry,Healthcare,Research,97,91,58,97,1,9,3,Doctor
11,Commerce,Economics,Finance,Mathematics,100,68,55,54,4,2,9,Financial Analyst
12,Arts,History,Writing,Communication,82,99,67,82,1,10,1,Journalist
12,Arts,English,Writing,Communication,75,54,97,85,5,10,5,Journalist
12,Commerce,Accountancy,Finance,Mathematics,80,90,65,63,3,1,6,Chartered Accountant
12,Science,Physics,Engineering,Mathematics,55,82,66,88,7,2,7,Engineer
12,Science,Computer Science,Programming,Problem Solving,81,51,58,61,7,8,1,Software Engineer
11,Arts,English,Writing,Communication,60,70,87,62,3,6,4,Journalist
12,Commerce,Business Studies,Management,Communication,77,52,77,79,2,4,6,Business Manager
12,Commerce,Business Studies,Management,Communication,55,69,69,54,2,5,3,Business Manager
11,Science,Biology,Healthcare,Communication,62,91,87,63,2,8,3,Doctor
12,Commerce,Economics,Finance,Mathematics,99,96,47,65,7,2,10,Financial Analyst
11,Commerce,Mathematics,Finance,Analysis,98,98,91,71,6,8,3,Financial Analyst
11,Science,Physics,Engineering,Problem Solving,95,72,48,66,2,3,3,Engineer
12,Arts,English,Writing,Writing,60,70,56,63,1,2,2,Journalist
12,Arts,Political Science,Government,Research,83,72,59,73,3,5,4,Civil Services
11,Arts,English,Writing,Writing,72,57,74,46,10,3,2,Journalist
12,Commerce,Accountancy,Finance,Analysis,57,78,91,79,8,4,9,Chartered Accountant
12,Arts,English,Design,Creativity,96,82,72,60,9,8,8,Graphic Designer
12,Commerce,Accountancy,Finance,Mathematics,77,75,44,54,2,1,9,Chartered Accountant
12,Science,Mathematics,Technology,Analysis,67,75,62,69,4,1,6,Data Scientist
12,Commerce,Mathematics,Finance,Mathematics,87,42,78,74,8,9,10,Financial Analyst
12,Science,Biology,Healthcare,Research,63,65,63,67,10,3,10,Doctor
11,Commerce,Business Studies,Business,Leadership,85,52,85,93,1,7,9,Business Manager
12,Science,Mathematics,Technology,Analysis,73,92,57,80,4,5,9,Data Scientist
11,Commerce,Accountancy,Finance,Mathematics,93,48,69,64,9,4,9,Chartered Accountant
12,Arts,English,Design,Creativity,93,55,91,61,8,2,6,Graphic Designer
12,Science,Biology,Healthcare,Communication,93,75,46,70,7,4,6,Doctor
12,Arts,History,Government,Leadership,89,85,78,89,3,10,3,Civil Services
11,Arts,English,Writing,Communication,65,69,45,62,3,6,5,Journalist
11,Arts,English,Writing,Communication,96,41,76,62,3,2,10,Journalist
11,Commerce,Business Studies,Management,Communication,65,42,48,45,5,3,6,Business Manager
11,Commerce,Accountancy,Finance,Analysis,61,85,99,73,6,8,2,Chartered Accountant
12,Science,Chemistry,Healthcare,Research,98,64,54,78,1,3,9,Doctor
11,Science,Physics,Engineering,Mathematics,58,91,87,67,9,8,10,Engineer
12,Arts,English,Design,Creativity,86,43,50,94,5,7,1,Graphic Designer
11,Commerce,Accountancy,Finance,Mathematics,78,52,62,79,8,6,9,Chartered Accountant
12,Commerce,Mathematics,Finance,Analysis,57,68,43,46,9,2,1,Financial Analyst
11,Commerce,Economics,Finance,Analysis,69,75,99,87,2,10,4,Financial Analyst
11,Science,Biology,Healthcare,Communication,81,50,96,61,8,7,1,Doctor
12,Arts,History,Writing,Communication,87,58,77,100,2,8,1,Journalist
11,Science,Physics,Engineering,Mathematics,93,71,81,44,4,9,3,Engineer
11,Commerce,Accountancy,Finance,Analysis,77,69,98,96,10,10,7,Chartered Accountant
11,Arts,Political Science,Government,Research,61,67,87,86,4,10,8,Civil Services
12,Science,Physics,Engineering,Problem Solving,79,55,55,57,6,2,9,Engineer
11,Science,Biology,Healthcare,Communication,60,44,71,68,6,1,3,Doctor
11,Arts,Political Science,Government,Leadership,92,51,88,61,10,5,8,Civil Services
12,Arts,History,Government,Leadership,58,66,68,56,7,2,2,Civil Services
11,Science,Computer Science,Artificial Intelligence,Analysis,60,68,92,81,4,7,2,Data Scientist
11,Science,Biology,Healthcare,Communication,58,91,43,88,6,1,5,Doctor
11,Arts,History,Writing,Communication,77,94,86,79,8,2,8,Journalist
11,Science,Mathematics,Engineering,Problem Solving,83,73,100,64,10,1,9,Engineer
12,Commerce,Business Studies,Business,Communication,86,65,75,72,3,2,5,Business Manager
12,Commerce,Business Studies,Business,Communication,83,67,75,67,10,3,1,Business Manager
11,Science,Mathematics,Technology,Analysis,79,53,87,72,9,2,7,Data Scientist
11,Science,Mathematics,Engineering,Problem Solving,64,76,72,74,5,1,6,Engineer
11,Commerce,Business Studies,Business,Leadership,75,95,51,54,5,4,2,Business Manager
12,Arts,History,Government,Leadership,88,46,73,78,5,6,2,Civil Services
11,Science,Mathematics,Programming,Programming,70,98,75,81,2,7,7,Software Engineer
12,Science,Biology,Healthcare,Communication,96,72,72,61,5,8,1,Doctor
12,Arts,English,Design,Creativity,69,44,40,64,8,5,7,Graphic Designer
11,Science,Mathematics,Engineering,Problem Solving,66,52,97,65,3,4,5,Engineer
12,Arts,English,Writing,Writing,88,41,72,96,5,5,4,Journalist
12,Commerce,Mathematics,Finance,Analysis,90,80,98,46,3,5,10,Financial Analyst
11,Science,Computer Science,Technology,Analysis,91,98,65,92,1,3,4,Data Scientist
12,Science,Computer Science,Technology,Problem Solving,97,47,64,91,9,8,2,Software Engineer
11,Science,Computer Science,Technology,Analysis,74,66,62,75,10,7,10,Data Scientist
11,Arts,English,Design,Creativity,65,45,100,94,5,2,5,Graphic Designer
12,Science,Biology,Healthcare,Communication,94,72,59,100,5,7,5,Doctor
11,Arts,English,Design,Creativity,69,98,40,41,8,9,10,Graphic Designer
12,Arts,Political Science,Government,Leadership,98,62,88,82,1,1,1,Civil Services
11,Science,Mathematics,Technology,Programming,92,52,98,80,4,9,9,Software Engineer
12,Science,Physics,Engineering,Mathematics,76,65,47,55,1,6,5,Engineer
11,Arts,History,Government,Research,59,93,50,85,9,3,5,Civil Services
12,Arts,English,Design,Creativity,59,67,92,46,3,7,10,Graphic Designer
11,Science,Computer Science,Technology,Programming,93,71,56,66,4,3,9,Data Scientist
11,Commerce,Economics,Finance,Mathematics,100,75,40,49,2,4,8,Financial Analyst
11,Arts,English,Design,Creativity,85,89,55,58,6,8,7,Graphic Designer
11,Commerce,Mathematics,Finance,Analysis,83,41,92,43,6,8,1,Financial Analyst
12,Science,Mathematics,Technology,Analysis,58,73,83,93,8,8,3,Data Scientist
12,Arts,History,Government,Leadership,68,84,66,48,10,6,6,Civil Services
11,Arts,English,Design,Creativity,65,52,91,59,8,1,10,Graphic Designer
12,Science,Computer Science,Technology,Programming,94,68,47,66,8,5,10,Data Scientist
11,Science,Mathematics,Technology,Problem Solving,62,44,98,48,5,7,4,Software Engineer
11,Science,Mathematics,Engineering,Problem Solving,79,59,67,59,10,3,8,Engineer
12,Arts,English,Writing,Writing,96,82,40,76,4,3,5,Journalist
12,Arts,Political Science,Government,Research,93,95,65,81,3,3,3,Civil Services
11,Science,Biology,Healthcare,Communication,79,97,47,65,10,10,3,Doctor
11,Science,Computer Science,Programming,Programming,78,51,51,74,3,10,7,Software Engineer
11,Science,Computer Science,Technology,Programming,76,89,71,97,3,5,2,Data Scientist
12,Science,Mathematics,Artificial Intelligence,Analysis,57,91,94,48,8,4,9,Data Scientist
11,Arts,English,Writing,Writing,68,97,100,53,3,5,10,Journalist
11,Science,Mathematics,Technology,Analysis,71,93,77,97,10,1,2,Data Scientist
11,Science,Physics,Engineering,Mathematics,67,58,85,96,4,9,8,Engineer
12,Arts,English,Writing,Communication,75,48,47,58,6,2,5,Journalist
12,Science,Mathematics,Engineering,Problem Solving,56,92,85,41,9,1,1,Engineer
12,Commerce,Business Studies,Management,Communication,93,67,41,59,10,2,4,Business Manager
11,Science,Mathematics,Technology,Analysis,89,100,86,100,10,5,2,Data Scientist
11,Arts,History,Government,Research,56,54,99,96,1,5,8,Civil Services
12,Science,Computer Science,Artificial Intelligence,Analysis,62,52,79,72,10,6,8,Data Scientist
11,Commerce,Economics,Finance,Analysis,81,80,48,89,9,4,4,Financial Analyst
12,Commerce,Mathematics,Finance,Mathematics,81,93,84,93,7,8,5,Financial Analyst
11,Science,Physics,Engineering,Mathematics,85,45,71,57,1,1,1,Engineer
11,Commerce,Business Studies,Management,Communication,77,96,98,41,9,5,1,Business Manager
12,Science,Computer Science,Artificial Intelligence,Programming,90,55,99,46,7,3,10,Data Scientist
11,Science,Computer Science,Technology,Programming,56,88,85,82,7,7,7,Data Scientist
12,Science,Chemistry,Healthcare,Communication,74,57,65,46,5,3,3,Doctor
11,Arts,Political Science,Government,Research,72,59,65,98,5,7,7,Civil Services
12,Commerce,Mathematics,Finance,Mathematics,97,52,54,43,10,8,1,Financial Analyst
12,Science,Computer Science,Technology,Programming,74,40,66,91,7,8,7,Software Engineer
12,Arts,History,Writing,Communication,72,49,93,46,6,7,5,Journalist
11,Science,Mathematics,Technology,Analysis,87,65,59,79,7,2,9,Data Scientist
12,Arts,History,Writing,Writing,61,64,68,70,8,10,9,Journalist
11,Arts,English,Design,Creativity,80,60,99,90,9,7,6,Graphic Designer
11,Commerce,Mathematics,Finance,Analysis,59,70,89,74,9,1,9,Financial Analyst
11,Arts,English,Design,Creativity,99,92,64,96,9,8,4,Graphic Designer
11,Science,Biology,Healthcare,Research,97,95,40,97,7,8,2,Doctor
11,Commerce,Business Studies,Management,Communication,56,91,85,40,4,1,4,Business Manager
12,Commerce,Business Studies,Business,Leadership,90,58,64,82,7,9,2,Business Manager
12,Commerce,Business Studies,Business,Communication,89,46,63,93,1,7,8,Business Manager
11,Science,Chemistry,Healthcare,Research,63,71,84,74,6,7,2,Doctor
11,Arts,History,Government,Research,95,79,57,69,7,1,6,Civil Services
12,Science,Mathematics,Programming,Problem Solving,82,56,66,46,9,9,3,Software Engineer
12,Commerce,Mathematics,Finance,Analysis,87,79,99,69,7,9,9,Financial Analyst
12,Commerce,Business Studies,Management,Leadership,92,45,85,83,10,7,6,Business Manager
11,Science,Chemistry,Healthcare,Research,91,54,90,70,6,3,1,Doctor
12,Arts,English,Design,Creativity,72,65,48,49,7,8,8,Graphic Designer
12,Science,Physics,Engineering,Problem Solving,70,97,90,67,10,5,10,Engineer
11,Arts,English,Writing,Writing,59,54,61,64,5,7,6,Journalist
11,Science,Mathematics,Technology,Problem Solving,90,83,100,57,8,8,3,Software Engineer
12,Commerce,Business Studies,Management,Leadership,87,65,55,45,5,7,2,Business Manager
11,Science,Biology,Healthcare,Research,96,53,64,84,8,3,7,Doctor
12,Science,Computer Science,Technology,Programming,67,54,49,55,9,3,2,Software Engineer
11,Science,Chemistry,Healthcare,Communication,81,68,44,85,2,9,8,Doctor
12,Science,Biology,Healthcare,Research,91,62,72,89,2,10,3,Doctor
12,Commerce,Mathematics,Finance,Mathematics,64,67,88,85,8,5,7,Financial Analyst
11,Commerce,Business Studies,Business,Leadership,73,66,77,44,9,2,2,Business Manager
11,Arts,English,Design,Creativity,58,45,75,68,6,8,2,Graphic Designer
12,Science,Computer Science,Artificial Intelligence,Programming,74,45,71,91,8,3,7,Data Scientist
12,Arts,English,Writing,Writing,74,77,40,56,8,7,10,Journalist
12,Science,Chemistry,Healthcare,Research,81,77,91,100,6,3,9,Doctor
12,Science,Mathematics,Engineering,Problem Solving,89,51,45,46,3,6,3,Engineer
12,Commerce,Mathematics,Finance,Analysis,86,81,68,73,5,6,8,Financial Analyst
12,Arts,Political Science,Government,Research,61,49,66,70,3,8,3,Civil Services
11,Science,Mathematics,Technology,Programming,86,58,76,85,1,2,8,Software Engineer
11,Science,Computer Science,Artificial Intelligence,Analysis,77,50,45,63,8,9,10,Data Scientist
12,Science,Computer Science,Technology,Programming,59,82,76,42,3,2,3,Data Scientist
11,Arts,English,Writing,Communication,77,46,81,89,8,7,3,Journalist
12,Science,Biology,Healthcare,Research,78,59,53,83,5,1,7,Doctor
12,Arts,Political Science,Government,Leadership,82,97,70,100,5,8,3,Civil Services
12,Commerce,Business Studies,Business,Leadership,71,45,61,92,2,3,8,Business Manager
12,Science,Computer Science,Technology,Problem Solving,66,63,87,85,7,3,8,Software Engineer
12,Science,Computer Science,Programming,Programming,77,76,55,97,4,7,3,Software Engineer
11,Commerce,Accountancy,Finance,Mathematics,55,79,86,100,2,3,4,Chartered Accountant
12,Commerce,Business Studies,Business,Leadership,91,50,66,63,7,4,8,Business Manager
12,Arts,History,Writing,Communication,73,51,45,77,7,8,1,Journalist
11,Commerce,Economics,Finance,Mathematics,96,95,55,79,10,4,10,Financial Analyst
12,Science,Mathematics,Technology,Problem Solving,84,72,96,91,10,7,7,Software Engineer
11,Arts,History,Government,Research,79,60,55,94,9,10,8,Civil Services
11,Arts,History,Government,Leadership,90,60,48,45,6,9,3,Civil Services
11,Arts,English,Design,Creativity,96,92,90,80,5,6,2,Graphic Designer
11,Arts,History,Government,Research,77,80,59,96,10,9,8,Civil Services
12,Commerce,Economics,Finance,Mathematics,99,40,86,43,2,8,8,Chartered Accountant
12,Science,Computer Science,Technology,Problem Solving,91,52,81,94,8,2,1,Software Engineer
12,Arts,English,Writing,Communication,71,80,56,53,3,1,3,Journalist
12,Arts,History,Writing,Communication,59,98,46,61,5,2,3,Journalist
12,Science,Chemistry,Healthcare,Communication,59,74,92,44,3,6,1,Doctor
11,Commerce,Business Studies,Business,Communication,72,49,45,81,8,5,7,Business Manager
12,Commerce,Business Studies,Management,Leadership,81,46,47,40,7,2,3,Business Manager
11,Science,Chemistry,Healthcare,Communication,86,84,57,74,9,8,9,Doctor
12,Arts,Political Science,Government,Leadership,89,61,95,80,3,1,7,Civil Services
12,Science,Mathematics,Artificial Intelligence,Programming,59,67,50,90,7,8,7,Data Scientist
11,Commerce,Business Studies,Business,Communication,84,65,84,91,8,6,6,Business Manager
11,Science,Physics,Engineering,Problem Solving,75,40,77,93,2,2,4,Engineer
12,Science,Mathematics,Technology,Analysis,57,50,94,51,6,1,7,Data Scientist
12,Commerce,Business Studies,Management,Communication,90,58,75,63,6,5,1,Business Manager
11,Arts,History,Government,Leadership,65,54,68,63,1,10,7,Civil Services
11,Science,Physics,Engineering,Mathematics,99,58,89,78,1,2,3,Engineer
11,Science,Biology,Healthcare,Research,69,81,51,94,2,7,2,Doctor
12,Science,Chemistry,Healthcare,Research,60,82,65,83,9,6,2,Doctor
12,Science,Biology,Healthcare,Communication,58,99,89,95,6,4,3,Doctor
12,Arts,English,Design,Creativity,98,87,71,61,6,2,5,Graphic Designer
12,Science,Mathematics,Engineering,Mathematics,81,58,45,59,10,1,10,Engineer
12,Commerce,Economics,Finance,Mathematics,69,65,46,96,7,6,5,Financial Analyst
12,Arts,English,Design,Creativity,77,66,56,74,1,8,5,Graphic Designer
11,Commerce,Business Studies,Management,Leadership,91,79,51,56,2,8,4,Business Manager
11,Science,Mathematics,Programming,Programming,70,88,61,42,2,10,9,Software Engineer
12,Arts,Political Science,Government,Research,88,44,93,85,10,6,1,Civil Services
12,Science,Chemistry,Healthcare,Research,88,91,82,60,7,5,8,Doctor
11,Commerce,Business Studies,Management,Leadership,99,49,73,81,4,9,4,Business Manager
12,Science,Chemistry,Healthcare,Communication,57,78,47,95,9,6,3,Doctor
12,Commerce,Business Studies,Management,Leadership,70,64,85,86,9,1,2,Business Manager
12,Science,Physics,Engineering,Problem Solving,85,45,54,77,9,5,10,Engineer
11,Commerce,Mathematics,Finance,Analysis,83,100,72,49,8,2,9,Financial Analyst
12,Arts,English,Writing,Communication,59,91,70,41,6,5,7,Journalist
11,Commerce,Mathematics,Finance,Mathematics,75,58,42,44,7,8,5,Financial Analyst
11,Science,Physics,Engineering,Mathematics,62,99,82,83,7,6,7,Engineer
11,Science,Computer Science,Programming,Problem Solving,87,64,87,50,10,1,9,Software Engineer
11,Arts,Political Science,Government,Leadership,90,93,46,63,9,7,8,Civil Services
11,Arts,Political Science,Government,Leadership,78,69,40,90,10,1,5,Civil Services
11,Arts,History,Writing,Communication,100,81,56,58,9,8,8,Journalist
11,Science,Mathematics,Technology,Programming,80,52,97,75,10,6,7,Software Engineer
11,Science,Computer Science,Technology,Programming,92,85,99,44,1,7,7,Software Engineer
11,Arts,English,Design,Creativity,65,51,41,54,5,4,7,Graphic Designer
11,Arts,English,Writing,Communication,97,74,55,61,2,4,7,Journalist
12,Science,Mathematics,Technology,Programming,84,97,80,72,5,10,2,Software Engineer
11,Science,Chemistry,Healthcare,Research,98,61,61,57,3,10,4,Doctor
11,Arts,Political Science,Government,Research,70,51,99,92,1,1,4,Civil Services
12,Science,Chemistry,Healthcare,Communication,77,73,73,56,9,4,6,Doctor
12,Commerce,Economics,Finance,Analysis,90,67,88,71,10,2,2,Chartered Accountant
12,Commerce,Accountancy,Finance,Analysis,100,80,92,98,5,4,4,Chartered Accountant
11,Arts,Political Science,Government,Research,70,62,97,73,4,9,3,Civil Services
11,Science,Biology,Healthcare,Communication,89,51,40,46,6,3,2,Doctor
11,Arts,English,Writing,Writing,62,78,88,45,9,1,9,Journalist
12,Arts,English,Writing,Communication,57,60,100,83,3,4,5,Journalist
12,Arts,English,Design,Creativity,81,82,93,51,4,3,9,Graphic Designer
11,Science,Biology,Healthcare,Communication,67,97,83,57,10,10,2,Doctor
12,Commerce,Business Studies,Business,Leadership,65,67,48,75,8,9,9,Business Manager
11,Commerce,Accountancy,Finance,Mathematics,90,41,88,70,2,10,5,Chartered Accountant
11,Science,Physics,Engineering,Mathematics,57,47,48,63,6,3,1,Engineer
11,Science,Physics,Engineering,Mathematics,55,60,92,59,6,5,1,Engineer
12,Arts,English,Design,Creativity,82,57,77,59,7,6,2,Graphic Designer
11,Arts,History,Writing,Communication,90,47,52,52,5,9,7,Journalist
12,Commerce,Mathematics,Finance,Mathematics,57,69,77,67,7,3,9,Financial Analyst
11,Commerce,Mathematics,Finance,Mathematics,95,80,96,67,6,4,4,Financial Analyst
11,Commerce,Accountancy,Finance,Analysis,57,93,85,65,5,6,1,Chartered Accountant
12,Science,Computer Science,Technology,Programming,95,69,53,86,6,7,3,Data Scientist
12,Commerce,Business Studies,Business,Communication,100,100,73,51,1,6,2,Business Manager
11,Arts,Political Science,Government,Leadership,96,89,43,76,5,7,10,Civil Services
12,Arts,History,Writing,Communication,89,53,44,62,2,8,5,Journalist
12,Science,Computer Science,Artificial Intelligence,Analysis,90,66,61,57,5,6,5,Data Scientist
12,Arts,History,Government,Leadership,74,73,85,76,10,8,4,Civil Services
11,Commerce,Business Studies,Business,Communication,86,95,69,56,9,6,9,Business Manager
11,Science,Mathematics,Engineering,Mathematics,73,86,77,79,10,5,6,Engineer
11,Arts,English,Writing,Communication,83,68,57,90,4,1,6,Journalist
12,Commerce,Business Studies,Management,Leadership,94,42,94,86,4,3,1,Business Manager
11,Science,Physics,Engineering,Mathematics,63,56,54,49,1,7,8,Engineer
11,Commerce,Economics,Finance,Analysis,57,90,84,65,8,8,10,Chartered Accountant
11,Science,Biology,Healthcare,Communication,57,96,52,40,1,10,3,Doctor
12,Commerce,Mathematics,Finance,Mathematics,98,42,81,61,10,8,8,Financial Analyst
12,Commerce,Business Studies,Management,Communication,68,57,99,94,8,9,6,Business Manager
12,Science,Computer Science,Technology,Analysis,63,50,55,67,6,5,4,Data Scientist
12,Science,Mathematics,Technology,Programming,100,50,50,72,9,4,8,Data Scientist
11,Commerce,Economics,Finance,Analysis,92,92,74,72,3,3,1,Financial Analyst
12,Science,Biology,Healthcare,Communication,63,48,82,77,9,5,4,Doctor
11,Arts,History,Government,Leadership,87,88,79,41,6,1,5,Civil Services
12,Arts,Political Science,Government,Leadership,90,67,44,60,4,9,7,Civil Services
12,Commerce,Business Studies,Management,Leadership,57,45,83,56,8,6,6,Business Manager
12,Science,Physics,Engineering,Mathematics,91,96,77,75,3,9,5,Engineer
11,Commerce,Economics,Finance,Analysis,61,42,75,44,5,5,8,Financial Analyst
12,Science,Mathematics,Technology,Programming,56,78,71,45,1,1,4,Software Engineer
11,Science,Mathematics,Artificial Intelligence,Analysis,85,59,67,69,10,9,5,Data Scientist
11,Commerce,Business Studies,Business,Leadership,82,89,50,74,3,7,6,Business Manager
11,Science,Mathematics,Technology,Programming,91,86,53,68,2,7,9,Data Scientist
12,Science,Mathematics,Artificial Intelligence,Programming,94,74,56,44,9,3,1,Data Scientist
11,Arts,History,Writing,Writing,80,65,80,40,9,9,7,Journalist
12,Science,Computer Science,Technology,Programming,63,45,71,53,10,6,4,Software Engineer
12,Science,Computer Science,Artificial Intelligence,Programming,98,62,49,59,6,5,3,Data Scientist
12,Arts,History,Writing,Writing,60,46,84,69,4,9,9,Journalist
12,Science,Biology,Healthcare,Research,94,96,81,57,2,6,9,Doctor
12,Commerce,Mathematics,Finance,Mathematics,96,59,60,61,2,10,10,Financial Analyst
12,Commerce,Business Studies,Management,Leadership,66,78,85,100,9,5,5,Business Manager
12,Science,Mathematics,Engineering,Mathematics,69,53,98,55,9,3,10,Engineer
11,Arts,English,Design,Creativity,94,82,68,58,1,9,6,Graphic Designer
12,Commerce,Business Studies,Management,Communication,61,92,82,94,5,4,1,Business Manager
12,Commerce,Mathematics,Finance,Analysis,70,65,46,45,6,2,2,Financial Analyst
11,Commerce,Economics,Finance,Mathematics,87,74,40,47,4,9,1,Financial Analyst
12,Commerce,Business Studies,Management,Leadership,80,42,47,90,2,5,3,Business Manager
12,Commerce,Economics,Finance,Analysis,93,70,59,62,5,8,1,Financial Analyst
12,Science,Mathematics,Engineering,Problem Solving,74,60,93,62,10,5,1,Engineer
11,Arts,English,Design,Creativity,100,48,64,54,1,10,4,Graphic Designer
12,Arts,History,Government,Research,64,81,70,60,1,1,6,Civil Services
12,Arts,English,Writing,Communication,58,85,69,64,4,5,5,Journalist
12,Science,Biology,Healthcare,Communication,83,76,59,87,2,4,1,Doctor
11,Arts,Political Science,Government,Leadership,68,93,56,65,2,9,3,Civil Services
12,Science,Chemistry,Healthcare,Communication,93,79,98,92,4,1,5,Doctor
12,Arts,English,Writing,Communication,92,62,58,80,5,6,7,Journalist
11,Science,Computer Science,Technology,Problem Solving,70,74,83,94,4,10,5,Software Engineer
11,Arts,Political Science,Government,Leadership,62,42,53,80,3,3,1,Civil Services
11,Commerce,Mathematics,Finance,Mathematics,73,97,41,57,8,2,9,Financial Analyst
11,Science,Mathematics,Artificial Intelligence,Programming,92,91,96,77,1,7,6,Data Scientist
11,Science,Computer Science,Technology,Programming,95,46,52,100,1,2,4,Data Scientist
11,Arts,History,Government,Research,80,85,77,100,8,10,10,Civil Services
12,Commerce,Economics,Finance,Mathematics,60,88,69,83,2,8,10,Financial Analyst
11,Commerce,Business Studies,Management,Communication,63,79,56,60,7,4,10,Business Manager
11,Arts,English,Design,Creativity,56,52,44,91,2,8,8,Graphic Designer
12,Arts,English,Writing,Communication,59,55,72,91,1,4,9,Journalist
12,Commerce,Economics,Finance,Mathematics,63,81,69,99,4,4,2,Financial Analyst
12,Commerce,Accountancy,Finance,Mathematics,69,52,81,46,9,7,4,Chartered Accountant
11,Science,Biology,Healthcare,Communication,59,76,54,55,5,7,6,Doctor
12,Science,Mathematics,Programming,Programming,91,48,89,75,5,3,6,Software Engineer
11,Science,Physics,Engineering,Mathematics,61,64,97,51,6,4,1,Engineer
12,Science,Biology,Healthcare,Communication,66,74,100,77,4,9,5,Doctor
12,Commerce,Mathematics,Finance,Analysis,68,67,52,45,5,6,2,Financial Analyst
12,Arts,English,Design,Creativity,57,47,51,77,6,8,7,Graphic Designer
12,Arts,English,Design,Creativity,69,69,54,81,9,6,5,Graphic Designer
12,Arts,English,Design,Creativity,81,63,64,98,1,8,9,Graphic Designer
11,Science,Computer Science,Technology,Analysis,98,49,96,95,1,2,4,Data Scientist
12,Science,Chemistry,Healthcare,Research,77,65,68,72,1,7,9,Doctor
12,Science,Computer Science,Technology,Programming,86,64,83,58,4,3,8,Data Scientist
11,Arts,Political Science,Government,Research,87,98,43,94,4,4,8,Civil Services
12,Science,Mathematics,Engineering,Mathematics,98,98,82,90,5,1,8,Engineer
11,Science,Physics,Engineering,Problem Solving,67,73,76,47,1,10,5,Engineer
12,Science,Chemistry,Healthcare,Communication,72,50,78,77,1,5,6,Doctor
11,Commerce,Business Studies,Business,Leadership,86,41,79,61,9,7,2,Business Manager
12,Science,Mathematics,Artificial Intelligence,Programming,98,62,92,62,7,6,2,Data Scientist
12,Science,Computer Science,Programming,Problem Solving,71,63,72,79,5,2,2,Software Engineer
11,Science,Mathematics,Engineering,Problem Solving,67,56,42,70,9,1,5,Engineer
11,Arts,History,Government,Leadership,68,82,54,55,2,10,5,Civil Services
12,Science,Physics,Engineering,Mathematics,67,48,75,53,9,10,8,Engineer
12,Arts,History,Writing,Communication,80,72,65,61,2,5,3,Journalist
12,Arts,English,Design,Creativity,81,90,64,82,6,10,10,Graphic Designer
12,Arts,Political Science,Government,Research,66,52,68,97,6,8,3,Civil Services
11,Commerce,Business Studies,Management,Communication,87,97,81,80,3,4,3,Business Manager
11,Arts,History,Government,Research,75,95,100,93,7,6,9,Civil Services
12,Science,Biology,Healthcare,Communication,86,69,72,69,10,7,2,Doctor
12,Science,Mathematics,Engineering,Mathematics,79,47,68,40,8,7,3,Engineer
11,Commerce,Economics,Finance,Analysis,88,70,68,85,4,7,4,Financial Analyst
12,Science,Physics,Engineering,Problem Solving,94,73,54,96,5,2,2,Engineer
11,Science,Chemistry,Healthcare,Research,68,55,87,63,8,9,2,Doctor
12,Arts,English,Design,Creativity,60,97,44,84,2,7,1,Graphic Designer
11,Arts,History,Writing,Writing,57,78,99,41,7,3,9,Journalist
11,Commerce,Economics,Finance,Analysis,77,69,80,88,9,1,9,Financial Analyst
11,Arts,English,Writing,Writing,80,65,80,67,10,8,1,Journalist
11,Science,Mathematics,Engineering,Mathematics,73,75,61,76,3,10,9,Engineer
12,Commerce,Economics,Finance,Analysis,63,48,79,57,9,6,7,Chartered Accountant
12,Commerce,Accountancy,Finance,Analysis,55,46,55,78,10,2,9,Chartered Accountant
12,Commerce,Economics,Finance,Analysis,67,51,100,68,8,8,9,Financial Analyst
12,Science,Mathematics,Programming,Problem Solving,57,42,41,97,1,10,10,Software Engineer
11,Science,Computer Science,Technology,Programming,84,70,86,57,4,1,5,Data Scientist
11,Commerce,Economics,Finance,Mathematics,63,41,48,40,8,1,1,Chartered Accountant
12,Commerce,Business Studies,Business,Leadership,67,58,98,78,4,5,3,Business Manager
12,Arts,English,Design,Creativity,60,94,74,72,3,10,2,Graphic Designer
11,Science,Computer Science,Technology,Analysis,86,95,93,91,8,7,6,Data Scientist
11,Commerce,Economics,Finance,Mathematics,57,44,43,41,3,7,2,Chartered Accountant
12,Science,Mathematics,Engineering,Mathematics,80,53,49,57,4,10,3,Engineer
12,Commerce,Economics,Finance,Mathematics,65,98,55,40,1,4,3,Chartered Accountant
12,Science,Biology,Healthcare,Communication,90,95,62,68,7,8,8,Doctor
11,Science,Computer Science,Programming,Problem Solving,96,95,89,41,1,9,9,Software Engineer
12,Commerce,Business Studies,Business,Leadership,61,57,63,57,9,10,9,Business Manager
11,Arts,History,Government,Research,75,94,66,91,10,2,5,Civil Services
12,Arts,Political Science,Government,Leadership,93,100,64,97,9,2,2,Civil Services
12,Science,Mathematics,Artificial Intelligence,Analysis,74,78,99,78,8,8,1,Data Scientist
11,Science,Physics,Engineering,Mathematics,69,69,66,49,10,10,2,Engineer
11,Science,Mathematics,Technology,Problem Solving,63,61,89,60,8,3,2,Software Engineer
12,Arts,History,Writing,Writing,60,46,77,56,7,9,1,Journalist
12,Arts,Political Science,Government,Research,97,43,57,99,1,6,9,Civil Services
11,Commerce,Mathematics,Finance,Analysis,55,78,96,50,8,2,4,Financial Analyst
11,Science,Mathematics,Technology,Programming,57,63,55,80,1,4,5,Software Engineer
11,Commerce,Business Studies,Business,Leadership,75,54,86,62,3,8,5,Business Manager
11,Arts,Political Science,Government,Research,81,68,52,71,6,1,5,Civil Services
11,Arts,History,Government,Research,77,69,92,54,8,4,8,Civil Services
11,Science,Mathematics,Technology,Problem Solving,76,42,50,56,1,9,10,Software Engineer
11,Science,Biology,Healthcare,Communication,92,69,45,40,10,2,7,Doctor
12,Arts,History,Government,Research,66,90,52,46,2,8,1,Civil Services
11,Science,Mathematics,Engineering,Mathematics,72,86,40,52,7,10,3,Engineer
11,Commerce,Economics,Finance,Analysis,61,96,68,96,6,1,7,Financial Analyst
11,Arts,English,Design,Creativity,92,93,80,55,7,8,6,Graphic Designer
11,Commerce,Economics,Finance,Analysis,80,75,98,66,4,5,5,Chartered Accountant
11,Arts,English,Design,Creativity,67,89,98,68,8,2,9,Graphic Designer
12,Science,Chemistry,Healthcare,Communication,88,46,86,48,9,1,2,Doctor
12,Commerce,Accountancy,Finance,Mathematics,55,44,87,84,9,7,6,Chartered Accountant
11,Commerce,Business Studies,Management,Communication,58,95,64,42,8,3,1,Business Manager
11,Commerce,Accountancy,Finance,Mathematics,78,84,53,86,4,8,10,Chartered Accountant
12,Commerce,Mathematics,Finance,Analysis,72,94,41,43,2,8,3,Financial Analyst
12,Science,Physics,Engineering,Mathematics,55,47,50,91,3,5,5,Engineer
11,Science,Computer Science,Artificial Intelligence,Programming,72,76,68,53,6,1,8,Data Scientist
12,Arts,English,Design,Creativity,56,48,61,63,10,7,4,Graphic Designer
11,Arts,English,Design,Creativity,89,58,62,59,7,6,9,Graphic Designer
11,Commerce,Accountancy,Finance,Analysis,78,40,75,73,1,9,5,Chartered Accountant
12,Commerce,Mathematics,Finance,Analysis,94,41,46,40,10,5,3,Financial Analyst
11,Commerce,Accountancy,Finance,Mathematics,90,81,83,72,4,7,8,Chartered Accountant
11,Science,Computer Science,Programming,Problem Solving,95,90,44,63,7,8,4,Software Engineer
11,Arts,History,Government,Leadership,82,85,56,93,5,6,10,Civil Services
11,Commerce,Economics,Finance,Analysis,100,85,43,47,9,5,2,Financial Analyst
12,Commerce,Business Studies,Business,Communication,84,96,65,68,1,2,7,Business Manager
11,Commerce,Accountancy,Finance,Mathematics,94,79,70,50,6,4,2,Chartered Accountant
11,Science,Chemistry,Healthcare,Communication,92,99,52,99,3,2,10,Doctor
11,Arts,English,Design,Creativity,68,85,72,99,2,2,4,Graphic Designer
11,Science,Computer Science,Artificial Intelligence,Programming,100,45,75,48,5,5,3,Data Scientist
11,Science,Mathematics,Technology,Programming,72,62,42,54,9,5,10,Software Engineer
11,Science,Physics,Engineering,Mathematics,68,45,95,72,1,4,3,Engineer
12,Science,Mathematics,Engineering,Mathematics,90,94,87,53,9,4,6,Engineer
12,Commerce,Business Studies,Business,Communication,62,86,95,55,6,7,4,Business Manager
12,Arts,History,Writing,Writing,58,100,67,95,1,5,3,Journalist
12,Science,Mathematics,Programming,Programming,82,92,85,92,8,7,6,Software Engineer
11,Science,Physics,Engineering,Mathematics,87,73,86,94,1,4,7,Engineer
11,Science,Chemistry,Healthcare,Research,60,96,87,51,10,7,10,Doctor
12,Arts,English,Design,Creativity,79,70,59,59,4,3,4,Graphic Designer
11,Science,Mathematics,Technology,Programming,81,48,63,43,8,7,8,Data Scientist
12,Science,Physics,Engineering,Mathematics,73,55,54,49,9,7,5,Engineer
12,Science,Computer Science,Programming,Programming,55,92,52,63,7,7,7,Software Engineer
12,Commerce,Mathematics,Finance,Analysis,85,87,40,98,3,1,6,Financial Analyst
12,Science,Mathematics,Engineering,Problem Solving,86,77,88,89,6,1,8,Engineer
11,Arts,History,Writing,Communication,62,84,44,61,1,8,3,Journalist
11,Commerce,Economics,Finance,Mathematics,59,58,99,81,1,3,5,Chartered Accountant
11,Commerce,Economics,Finance,Mathematics,94,74,92,98,4,7,5,Chartered Accountant
11,Science,Computer Science,Programming,Problem Solving,75,88,72,77,9,5,2,Software Engineer
12,Commerce,Business Studies,Management,Communication,92,73,100,98,4,5,4,Business Manager
11,Commerce,Accountancy,Finance,Mathematics,70,78,85,60,2,3,6,Chartered Accountant
11,Commerce,Economics,Finance,Mathematics,100,53,63,91,2,5,9,Financial Analyst
11,Commerce,Mathematics,Finance,Mathematics,94,76,60,96,5,10,5,Financial Analyst
11,Science,Mathematics,Technology,Programming,87,98,57,54,8,7,10,Software Engineer
12,Commerce,Accountancy,Finance,Analysis,59,65,54,63,1,1,1,Chartered Accountant
12,Science,Mathematics,Engineering,Mathematics,74,41,44,47,8,7,1,Engineer
12,Science,Computer Science,Artificial Intelligence,Analysis,65,99,44,46,5,2,7,Data Scientist
11,Science,Mathematics,Technology,Programming,87,98,53,74,3,7,10,Data Scientist
11,Commerce,Economics,Finance,Analysis,64,54,88,47,10,4,5,Financial Analyst
12,Science,Physics,Engineering,Mathematics,67,42,92,49,9,10,6,Engineer
11,Commerce,Mathematics,Finance,Mathematics,99,62,79,51,4,6,7,Financial Analyst
12,Commerce,Economics,Finance,Mathematics,88,52,64,59,2,7,5,Financial Analyst
12,Arts,English,Design,Creativity,67,95,82,64,10,7,5,Graphic Designer
11,Arts,Political Science,Government,Leadership,82,98,45,50,9,3,6,Civil Services
11,Science,Computer Science,Technology,Programming,69,60,64,94,6,9,3,Software Engineer
12,Science,Computer Science,Technology,Programming,65,44,65,45,2,2,7,Software Engineer
11,Science,Mathematics,Technology,Programming,75,88,100,64,2,8,6,Data Scientist
11,Commerce,Accountancy,Finance,Mathematics,91,69,45,48,6,5,7,Chartered Accountant
11,Commerce,Accountancy,Finance,Analysis,66,42,65,40,1,1,1,Chartered Accountant
11,Science,Physics,Engineering,Problem Solving,57,60,59,80,1,5,7,Engineer
11,Commerce,Mathematics,Finance,Mathematics,97,73,88,63,10,7,9,Financial Analyst
12,Commerce,Economics,Finance,Analysis,100,90,84,73,1,6,5,Financial Analyst
11,Arts,English,Design,Creativity,74,55,88,59,2,7,9,Graphic Designer
12,Science,Mathematics,Artificial Intelligence,Analysis,59,64,47,67,5,9,10,Data Scientist
11,Commerce,Business Studies,Business,Communication,64,47,42,54,1,5,1,Business Manager
11,Science,Chemistry,Healthcare,Communication,82,71,94,57,9,3,6,Doctor
12,Arts,Political Science,Government,Research,59,89,73,100,4,4,7,Civil Services
12,Science,Computer Science,Programming,Programming,79,65,74,59,4,1,6,Software Engineer
11,Science,Mathematics,Programming,Problem Solving,82,67,45,93,10,8,4,Software Engineer
12,Arts,Political Science,Government,Leadership,61,69,87,68,3,7,1,Civil Services
11,Arts,English,Design,Creativity,67,65,84,91,2,5,2,Graphic Designer
11,Commerce,Economics,Finance,Mathematics,95,69,93,80,5,7,2,Chartered Accountant
12,Commerce,Accountancy,Finance,Analysis,65,54,41,93,4,7,3,Chartered Accountant
12,Commerce,Business Studies,Business,Leadership,59,90,58,96,6,4,4,Business Manager
11,Science,Computer Science,Programming,Programming,97,53,91,60,5,2,1,Software Engineer
11,Commerce,Business Studies,Business,Leadership,65,89,75,89,9,9,7,Business Manager
12,Science,Mathematics,Engineering,Mathematics,84,69,91,69,6,9,3,Engineer
12,Commerce,Economics,Finance,Mathematics,56,44,60,71,9,10,6,Financial Analyst
11,Arts,History,Writing,Writing,65,100,46,76,10,9,7,Journalist
11,Science,Mathematics,Technology,Analysis,100,83,41,96,1,3,8,Data Scientist
11,Commerce,Economics,Finance,Analysis,88,59,53,56,6,8,10,Chartered Accountant
12,Science,Mathematics,Engineering,Mathematics,66,95,99,58,7,8,3,Engineer
11,Arts,English,Writing,Communication,88,62,42,52,5,8,6,Journalist
11,Commerce,Business Studies,Business,Leadership,81,57,43,60,4,4,6,Business Manager
12,Arts,History,Government,Research,57,73,76,64,10,2,7,Civil Services
11,Commerce,Mathematics,Finance,Mathematics,79,98,42,76,6,1,2,Financial Analyst
11,Commerce,Mathematics,Finance,Mathematics,61,76,75,53,2,1,9,Financial Analyst
12,Arts,History,Government,Research,59,97,72,94,8,9,2,Civil Services
11,Arts,English,Design,Creativity,65,76,88,52,4,3,8,Graphic Designer
11,Arts,History,Government,Research,62,73,91,63,7,1,9,Civil Services
12,Science,Chemistry,Healthcare,Research,69,86,83,40,8,7,9,Doctor
12,Commerce,Mathematics,Finance,Analysis,85,81,43,51,9,7,4,Financial Analyst
11,Commerce,Economics,Finance,Mathematics,69,65,68,41,4,8,4,Financial Analyst
11,Commerce,Business Studies,Management,Leadership,70,51,100,48,2,9,7,Business Manager
12,Arts,English,Writing,Communication,81,65,95,57,6,3,1,Journalist
11,Science,Mathematics,Technology,Programming,58,55,78,97,6,10,6,Data Scientist
11,Science,Computer Science,Technology,Programming,65,76,97,75,9,6,5,Data Scientist
11,Arts,History,Government,Research,89,64,95,89,6,4,9,Civil Services
11,Commerce,Business Studies,Management,Leadership,94,52,69,74,10,3,1,Business Manager
11,Science,Chemistry,Healthcare,Communication,99,62,70,94,9,7,6,Doctor
12,Commerce,Business Studies,Business,Communication,74,43,62,51,10,1,10,Business Manager
12,Arts,English,Design,Creativity,84,77,56,45,9,10,8,Graphic Designer
11,Commerce,Business Studies,Management,Communication,80,50,70,81,4,5,3,Business Manager
12,Commerce,Business Studies,Business,Communication,93,82,57,98,7,3,7,Business Manager
11,Science,Physics,Engineering,Mathematics,71,60,87,95,7,9,7,Engineer
12,Science,Computer Science,Programming,Problem Solving,68,77,98,63,2,5,5,Software Engineer
12,Science,Physics,Engineering,Problem Solving,94,97,49,61,6,9,8,Engineer
11,Arts,History,Writing,Communication,62,95,61,100,5,3,8,Journalist
12,Science,Mathematics,Programming,Problem Solving,62,81,99,59,2,7,4,Software Engineer
12,Commerce,Business Studies,Management,Leadership,67,75,95,86,7,7,4,Business Manager
11,Commerce,Mathematics,Finance,Analysis,67,96,67,100,2,2,4,Financial Analyst
11,Commerce,Business Studies,Management,Communication,98,57,54,60,1,10,10,Business Manager
12,Science,Physics,Engineering,Problem Solving,75,52,47,76,10,4,5,Engineer
11,Arts,English,Design,Creativity,71,71,77,92,10,5,3,Graphic Designer
12,Commerce,Accountancy,Finance,Mathematics,69,45,66,55,8,9,8,Chartered Accountant
11,Arts,English,Design,Creativity,81,45,73,78,2,10,1,Graphic Designer
12,Science,Physics,Engineering,Problem Solving,65,98,56,90,9,2,9,Engineer
12,Science,Physics,Engineering,Mathematics,69,66,56,62,2,2,9,Engineer
11,Arts,Political Science,Government,Leadership,99,68,73,78,4,6,9,Civil Services
11,Commerce,Economics,Finance,Analysis,98,53,72,56,4,8,8,Chartered Accountant
12,Commerce,Business Studies,Business,Communication,94,89,53,46,6,1,7,Business Manager
12,Arts,English,Writing,Communication,65,71,43,95,3,2,4,Journalist
12,Science,Biology,Healthcare,Research,62,69,68,75,9,1,6,Doctor
11,Science,Computer Science,Programming,Programming,79,73,45,78,7,4,4,Software Engineer
12,Arts,Political Science,Government,Research,89,94,90,43,6,6,10,Civil Services
11,Commerce,Economics,Finance,Analysis,56,83,66,45,9,5,1,Financial Analyst
11,Science,Chemistry,Healthcare,Research,63,96,49,58,3,6,8,Doctor
12,Commerce,Economics,Finance,Analysis,79,82,46,51,1,9,4,Chartered Accountant
11,Science,Biology,Healthcare,Research,82,86,91,76,8,3,6,Doctor
12,Commerce,Economics,Finance,Analysis,88,49,99,97,7,1,2,Chartered Accountant
12,Commerce,Economics,Finance,Analysis,65,48,83,43,2,4,2,Financial Analyst
12,Commerce,Business Studies,Management,Communication,57,60,97,70,1,10,3,Business Manager
11,Arts,English,Writing,Communication,95,52,92,56,9,7,5,Journalist
12,Arts,English,Design,Creativity,61,73,91,57,9,7,4,Graphic Designer
12,Science,Chemistry,Healthcare,Communication,90,67,79,62,9,7,10,Doctor
12,Arts,English,Design,Creativity,82,45,71,50,8,6,2,Graphic Designer
11,Science,Biology,Healthcare,Research,71,100,70,77,8,1,7,Doctor
12,Science,Computer Science,Technology,Programming,77,51,96,56,3,1,10,Software Engineer
11,Commerce,Accountancy,Finance,Analysis,81,99,51,77,6,2,1,Chartered Accountant
11,Science,Physics,Engineering,Mathematics,85,68,61,40,6,1,10,Engineer
12,Science,Biology,Healthcare,Research,69,86,100,69,5,2,10,Doctor
12,Commerce,Mathematics,Finance,Analysis,65,45,77,67,9,4,3,Financial Analyst
12,Commerce,Business Studies,Management,Leadership,90,48,47,56,1,3,3,Business Manager
12,Arts,History,Government,Leadership,68,92,90,47,8,7,10,Civil Services
11,Commerce,Mathematics,Finance,Analysis,86,68,62,77,5,4,8,Financial Analyst
12,Science,Physics,Engineering,Problem Solving,58,67,61,42,3,1,1,Engineer
12,Science,Mathematics,Programming,Programming,61,71,53,59,8,2,6,Software Engineer
12,Commerce,Mathematics,Finance,Analysis,75,46,62,81,7,8,3,Financial Analyst
11,Commerce,Economics,Finance,Mathematics,64,79,61,51,3,10,3,Chartered Accountant
11,Science,Physics,Engineering,Mathematics,61,60,93,84,7,8,10,Engineer
12,Science,Chemistry,Healthcare,Communication,58,87,60,77,3,2,3,Doctor
12,Science,Mathematics,Programming,Programming,88,94,62,84,3,10,8,Software Engineer
11,Science,Physics,Engineering,Mathematics,67,50,68,48,6,2,8,Engineer
12,Science,Mathematics,Engineering,Problem Solving,74,82,67,63,1,2,5,Engineer
11,Science,Mathematics,Engineering,Problem Solving,85,72,93,92,1,9,1,Engineer
12,Arts,Political Science,Government,Research,91,68,77,76,5,8,5,Civil Services
12,Science,Computer Science,Artificial Intelligence,Analysis,91,62,66,60,10,5,2,Data Scientist
11,Arts,Political Science,Government,Leadership,60,52,83,82,3,8,3,Civil Services
11,Science,Mathematics,Engineering,Problem Solving,82,78,74,50,7,2,9,Engineer
11,Science,Chemistry,Healthcare,Communication,69,65,74,50,9,9,3,Doctor
12,Arts,Political Science,Government,Leadership,96,78,86,62,5,10,5,Civil Services
12,Arts,History,Government,Research,79,80,58,89,6,10,3,Civil Services
12,Commerce,Economics,Finance,Analysis,80,70,91,44,1,7,7,Chartered Accountant
12,Science,Chemistry,Healthcare,Research,69,78,94,57,8,4,5,Doctor
12,Commerce,Business Studies,Management,Communication,79,49,55,52,8,2,6,Business Manager
12,Commerce,Business Studies,Business,Communication,63,55,81,98,4,3,2,Business Manager
12,Science,Chemistry,Healthcare,Research,97,72,64,40,1,9,4,Doctor
11,Commerce,Economics,Finance,Analysis,71,94,89,85,4,7,6,Financial Analyst
12,Science,Computer Science,Programming,Programming,58,49,67,98,2,2,3,Software Engineer
11,Commerce,Mathematics,Finance,Mathematics,97,59,53,70,3,2,3,Financial Analyst
11,Commerce,Economics,Finance,Mathematics,100,79,73,56,1,3,10,Financial Analyst
11,Science,Computer Science,Artificial Intelligence,Analysis,82,68,92,42,4,6,8,Data Scientist
12,Arts,History,Government,Leadership,86,85,41,99,8,10,7,Civil Services
12,Arts,History,Writing,Writing,56,81,78,56,4,7,9,Journalist
12,Science,Computer Science,Programming,Problem Solving,69,78,58,53,8,7,10,Software Engineer
12,Arts,English,Writing,Writing,75,97,94,46,3,1,3,Journalist
11,Commerce,Business Studies,Business,Communication,90,79,66,52,3,10,3,Business Manager
12,Science,Biology,Healthcare,Research,76,54,56,82,8,3,3,Doctor
11,Science,Mathematics,Technology,Programming,56,47,58,44,5,9,3,Software Engineer
12,Science,Mathematics,Engineering,Mathematics,93,97,46,43,1,7,4,Engineer
12,Arts,Political Science,Government,Research,86,76,53,59,3,9,2,Civil Services
12,Science,Mathematics,Engineering,Problem Solving,60,89,40,83,7,4,6,Engineer
12,Arts,Political Science,Government,Leadership,83,58,51,65,5,2,10,Civil Services
12,Science,Computer Science,Artificial Intelligence,Analysis,97,94,94,61,5,10,8,Data Scientist
11,Arts,English,Design,Creativity,91,92,63,41,10,4,8,Graphic Designer
11,Science,Computer Science,Technology,Analysis,69,43,64,98,4,6,1,Data Scientist
11,Science,Mathematics,Technology,Programming,96,51,85,98,3,3,3,Data Scientist
12,Science,Mathematics,Engineering,Problem Solving,55,87,93,60,4,7,3,Engineer
11,Commerce,Economics,Finance,Analysis,73,74,78,87,2,10,4,Chartered Accountant
11,Science,Mathematics,Technology,Problem Solving,94,47,76,77,4,1,8,Software Engineer
12,Science,Chemistry,Healthcare,Communication,71,44,66,46,9,5,3,Doctor
12,Arts,History,Government,Research,67,79,53,93,3,1,9,Civil Services
11,Science,Computer Science,Technology,Problem Solving,80,53,57,47,9,9,2,Software Engineer
12,Commerce,Economics,Finance,Analysis,85,71,43,70,5,6,2,Financial Analyst
11,Commerce,Economics,Finance,Mathematics,82,70,100,84,3,3,3,Financial Analyst
11,Science,Mathematics,Technology,Programming,81,81,86,82,2,4,1,Data Scientist
11,Arts,English,Design,Creativity,63,46,92,86,1,9,4,Graphic Designer
12,Science,Mathematics,Engineering,Mathematics,62,52,79,40,4,1,9,Engineer
12,Commerce,Economics,Finance,Mathematics,65,79,87,44,4,1,4,Chartered Accountant
11,Science,Chemistry,Healthcare,Communication,72,95,40,46,3,10,10,Doctor
11,Science,Biology,Healthcare,Communication,70,40,84,98,3,10,2,Doctor
12,Arts,English,Writing,Writing,91,86,74,66,8,5,8,Journalist
12,Commerce,Economics,Finance,Analysis,56,95,44,100,1,4,5,Financial Analyst
11,Science,Biology,Healthcare,Communication,66,97,89,94,2,4,6,Doctor
12,Commerce,Accountancy,Finance,Analysis,76,54,98,86,2,10,1,Chartered Accountant
11,Commerce,Accountancy,Finance,Analysis,72,100,57,57,1,6,6,Chartered Accountant
12,Science,Computer Science,Technology,Problem Solving,61,92,56,72,3,2,7,Software Engineer
12,Science,Mathematics,Programming,Programming,58,77,60,70,4,1,9,Software Engineer
12,Science,Chemistry,Healthcare,Research,82,73,85,68,1,10,1,Doctor
12,Commerce,Economics,Finance,Analysis,73,96,80,91,1,1,3,Chartered Accountant
11,Science,Chemistry,Healthcare,Communication,96,59,69,41,7,9,3,Doctor
12,Science,Physics,Engineering,Mathematics,66,93,61,88,7,1,6,Engineer
12,Science,Chemistry,Healthcare,Research,93,84,53,88,7,2,7,Doctor
11,Commerce,Mathematics,Finance,Mathematics,55,47,64,92,10,5,7,Financial Analyst
12,Arts,History,Writing,Communication,57,69,74,71,9,1,10,Journalist
12,Science,Mathematics,Engineering,Mathematics,62,71,40,82,1,6,6,Engineer
11,Commerce,Accountancy,Finance,Analysis,89,44,65,48,2,1,2,Chartered Accountant
12,Arts,Political Science,Government,Research,59,64,74,96,3,5,2,Civil Services
11,Commerce,Economics,Finance,Mathematics,75,67,52,88,3,9,1,Chartered Accountant
11,Science,Computer Science,Technology,Analysis,96,88,97,69,10,7,7,Data Scientist
11,Science,Physics,Engineering,Problem Solving,68,83,44,64,6,6,8,Engineer
12,Science,Biology,Healthcare,Communication,96,98,73,47,5,10,9,Doctor
12,Arts,English,Writing,Communication,82,60,60,66,2,4,4,Journalist
11,Science,Biology,Healthcare,Research,99,55,77,70,4,4,3,Doctor
11,Science,Physics,Engineering,Mathematics,86,69,76,53,6,6,10,Engineer
11,Arts,English,Design,Creativity,78,77,54,97,3,3,9,Graphic Designer
12,Commerce,Economics,Finance,Analysis,74,71,92,45,8,2,9,Financial Analyst
12,Arts,English,Design,Creativity,78,57,87,65,4,7,4,Graphic Designer
11,Science,Biology,Healthcare,Communication,94,67,67,80,5,4,9,Doctor
12,Commerce,Economics,Finance,Analysis,65,68,96,78,5,10,9,Financial Analyst
11,Commerce,Business Studies,Management,Communication,90,83,97,74,4,8,7,Business Manager
11,Commerce,Mathematics,Finance,Analysis,73,70,96,69,2,9,5,Financial Analyst
11,Arts,Political Science,Government,Research,97,50,81,57,3,9,4,Civil Services
12,Commerce,Mathematics,Finance,Analysis,81,40,64,92,1,6,5,Financial Analyst
12,Commerce,Economics,Finance,Analysis,95,73,46,76,4,5,5,Chartered Accountant
12,Science,Physics,Engineering,Problem Solving,62,91,85,70,3,3,8,Engineer
12,Commerce,Economics,Finance,Mathematics,79,79,59,61,4,6,1,Financial Analyst
12,Commerce,Economics,Finance,Mathematics,55,64,88,62,7,4,3,Financial Analyst
11,Arts,History,Writing,Writing,60,94,91,69,1,4,7,Journalist
11,Science,Computer Science,Artificial Intelligence,Programming,69,64,58,75,6,5,7,Data Scientist
12,Science,Chemistry,Healthcare,Research,98,68,80,62,7,8,8,Doctor
11,Arts,History,Writing,Writing,80,92,56,82,5,4,1,Journalist
12,Arts,Political Science,Government,Leadership,82,82,67,43,4,1,5,Civil Services
12,Science,Mathematics,Programming,Problem Solving,78,42,94,76,5,1,2,Software Engineer
12,Commerce,Business Studies,Management,Communication,63,75,58,48,9,2,5,Business Manager
12,Science,Chemistry,Healthcare,Communication,67,44,40,77,7,4,5,Doctor
11,Commerce,Business Studies,Business,Leadership,95,68,74,46,5,3,8,Business Manager
11,Science,Computer Science,Artificial Intelligence,Analysis,99,41,91,47,9,5,1,Data Scientist
11,Science,Mathematics,Engineering,Mathematics,99,52,61,93,2,7,3,Engineer
11,Science,Computer Science,Technology,Analysis,70,49,78,92,9,1,5,Data Scientist
11,Arts,English,Writing,Communication,71,86,54,62,3,1,8,Journalist
12,Commerce,Accountancy,Finance,Mathematics,70,71,99,91,4,10,4,Chartered Accountant
11,Science,Biology,Healthcare,Research,84,57,92,44,5,6,7,Doctor
12,Science,Computer Science,Technology,Programming,87,40,45,41,3,9,3,Data Scientist
11,Commerce,Accountancy,Finance,Mathematics,64,85,100,79,5,10,6,Chartered Accountant
12,Science,Computer Science,Programming,Programming,77,82,57,86,10,2,5,Software Engineer
12,Science,Physics,Engineering,Problem Solving,75,63,69,96,1,3,6,Engineer
12,Science,Mathematics,Engineering,Problem Solving,97,60,82,51,1,6,5,Engineer
12,Arts,English,Design,Creativity,92,81,62,70,4,3,2,Graphic Designer
12,Science,Physics,Engineering,Mathematics,55,72,66,55,10,8,2,Engineer
12,Science,Mathematics,Engineering,Mathematics,69,61,61,64,10,5,4,Engineer
11,Science,Computer Science,Technology,Problem Solving,68,70,71,80,6,4,3,Software Engineer
11,Arts,English,Design,Creativity,82,89,88,80,5,3,5,Graphic Designer
11,Arts,English,Writing,Writing,91,68,64,44,8,5,10,Journalist
12,Science,Chemistry,Healthcare,Research,67,40,60,41,4,9,7,Doctor
11,Arts,English,Writing,Writing,98,86,64,57,9,5,3,Journalist
12,Arts,English,Writing,Writing,87,71,48,96,1,9,4,Journalist
11,Science,Mathematics,Engineering,Mathematics,95,72,93,95,10,8,2,Engineer
11,Science,Computer Science,Technology,Programming,81,88,61,66,4,7,10,Data Scientist
12,Arts,History,Government,Research,56,90,41,67,7,8,3,Civil Services
11,Science,Chemistry,Healthcare,Communication,93,84,44,51,7,4,2,Doctor
11,Science,Computer Science,Programming,Programming,61,53,59,42,1,7,2,Software Engineer
11,Commerce,Economics,Finance,Mathematics,80,72,87,62,4,10,4,Financial Analyst
12,Science,Physics,Engineering,Problem Solving,74,98,61,62,1,10,1,Engineer
12,Science,Biology,Healthcare,Research,69,98,40,62,8,6,9,Doctor
11,Science,Chemistry,Healthcare,Communication,80,84,68,85,9,5,3,Doctor
11,Arts,History,Government,Research,70,98,68,81,8,5,7,Civil Services
12,Commerce,Mathematics,Finance,Mathematics,71,81,59,51,7,5,9,Financial Analyst
11,Commerce,Business Studies,Management,Leadership,60,42,49,87,9,10,4,Business Manager
12,Arts,History,Writing,Communication,93,91,55,59,10,8,3,Journalist
12,Science,Computer Science,Technology,Analysis,87,52,94,94,8,5,8,Data Scientist
12,Science,Computer Science,Technology,Programming,90,51,87,67,4,2,4,Software Engineer
12,Arts,English,Writing,Communication,72,61,64,67,1,9,3,Journalist
12,Arts,History,Government,Leadership,87,76,45,84,2,8,9,Civil Services
12,Science,Chemistry,Healthcare,Research,81,49,85,74,2,3,9,Doctor
11,Science,Mathematics,Artificial Intelligence,Programming,60,68,62,90,9,1,9,Data Scientist
11,Science,Biology,Healthcare,Communication,86,83,92,65,2,6,6,Doctor
11,Commerce,Economics,Finance,Analysis,75,89,54,73,2,5,4,Financial Analyst
11,Commerce,Economics,Finance,Analysis,57,58,83,50,5,9,5,Chartered Accountant
11,Arts,History,Government,Leadership,81,83,46,69,10,2,6,Civil Services
12,Commerce,Accountancy,Finance,Mathematics,79,49,44,60,3,5,1,Chartered Accountant
12,Arts,History,Writing,Writing,93,69,48,45,5,6,6,Journalist
11,Science,Chemistry,Healthcare,Communication,71,66,88,84,10,10,5,Doctor
12,Arts,English,Writing,Writing,69,77,44,99,5,4,7,Journalist
12,Arts,History,Writing,Writing,99,90,95,68,5,4,8,Journalist
11,Science,Mathematics,Engineering,Mathematics,83,69,44,94,5,2,1,Engineer
12,Commerce,Accountancy,Finance,Analysis,63,57,80,79,6,8,4,Chartered Accountant
11,Arts,Political Science,Government,Leadership,85,70,67,79,8,10,1,Civil Services
11,Science,Mathematics,Technology,Programming,73,64,84,91,7,1,2,Software Engineer
11,Commerce,Business Studies,Business,Leadership,99,48,77,98,9,1,2,Business Manager
11,Arts,History,Government,Leadership,77,85,66,55,8,5,5,Civil Services
11,Commerce,Accountancy,Finance,Mathematics,61,87,60,83,4,10,2,Chartered Accountant
12,Science,Biology,Healthcare,Research,89,76,59,99,7,1,3,Doctor
12,Science,Computer Science,Programming,Programming,60,63,52,52,6,4,6,Software Engineer
11,Arts,English,Writing,Writing,89,56,89,97,7,10,7,Journalist
11,Arts,English,Design,Creativity,85,66,53,52,8,4,1,Graphic Designer
11,Science,Mathematics,Artificial Intelligence,Analysis,97,41,87,77,5,7,1,Data Scientist
11,Arts,Political Science,Government,Leadership,61,69,91,52,2,1,10,Civil Services
11,Science,Computer Science,Technology,Programming,57,95,93,97,8,2,1,Data Scientist
11,Commerce,Mathematics,Finance,Analysis,57,68,49,99,9,6,6,Financial Analyst
11,Science,Physics,Engineering,Mathematics,76,68,83,82,9,3,2,Engineer
12,Arts,English,Writing,Writing,55,49,88,65,7,9,2,Journalist
12,Arts,English,Design,Creativity,92,87,90,88,10,9,9,Graphic Designer
12,Commerce,Business Studies,Management,Leadership,93,63,64,67,1,8,6,Business Manager
11,Commerce,Business Studies,Business,Leadership,61,95,67,45,6,3,7,Business Manager
12,Commerce,Business Studies,Management,Communication,86,47,82,79,6,2,1,Business Manager
11,Commerce,Economics,Finance,Mathematics,90,80,100,72,3,5,6,Chartered Accountant
11,Science,Mathematics,Engineering,Problem Solving,99,86,97,93,2,3,2,Engineer
11,Science,Mathematics,Technology,Analysis,76,60,74,65,6,10,1,Data Scientist
12,Commerce,Economics,Finance,Mathematics,79,49,57,49,4,5,10,Financial Analyst
11,Science,Computer Science,Technology,Analysis,72,67,88,91,5,10,3,Data Scientist
12,Commerce,Economics,Finance,Mathematics,55,61,66,80,8,4,8,Financial Analyst
12,Science,Biology,Healthcare,Communication,67,94,46,59,5,4,1,Doctor
12,Arts,English,Design,Creativity,61,43,61,81,2,2,8,Graphic Designer
12,Arts,History,Writing,Writing,98,61,71,55,9,6,3,Journalist
11,Commerce,Mathematics,Finance,Analysis,94,43,95,89,5,5,4,Financial Analyst
12,Science,Computer Science,Programming,Problem Solving,90,91,46,73,3,6,3,Software Engineer
11,Commerce,Economics,Finance,Analysis,93,57,65,86,10,3,3,Chartered Accountant
11,Arts,English,Design,Creativity,84,73,61,55,4,10,4,Graphic Designer
11,Commerce,Business Studies,Business,Leadership,65,52,43,51,7,10,7,Business Manager
12,Arts,History,Writing,Writing,97,95,100,67,2,3,5,Journalist
12,Science,Biology,Healthcare,Research,84,44,40,66,5,5,8,Doctor
11,Arts,History,Writing,Writing,78,88,68,78,2,10,3,Journalist
12,Science,Chemistry,Healthcare,Communication,98,90,60,95,1,9,8,Doctor
11,Arts,History,Government,Research,89,42,64,51,5,3,4,Civil Services
11,Science,Biology,Healthcare,Research,59,74,67,88,1,10,6,Doctor
12,Science,Computer Science,Technology,Problem Solving,60,42,71,61,5,1,7,Software Engineer
11,Arts,Political Science,Government,Research,98,69,59,62,8,8,9,Civil Services
11,Science,Physics,Engineering,Mathematics,87,84,40,73,1,6,4,Engineer
11,Science,Mathematics,Technology,Programming,63,74,92,68,10,2,10,Software Engineer
11,Commerce,Accountancy,Finance,Analysis,91,50,87,89,10,10,9,Chartered Accountant
11,Arts,History,Writing,Writing,63,89,76,91,1,5,4,Journalist
11,Science,Computer Science,Artificial Intelligence,Programming,99,91,95,80,2,10,1,Data Scientist
12,Science,Biology,Healthcare,Communication,73,80,94,81,3,6,10,Doctor
12,Science,Mathematics,Technology,Problem Solving,76,96,82,53,10,4,7,Software Engineer
12,Arts,History,Government,Leadership,83,86,51,53,9,7,10,Civil Services
11,Science,Computer Science,Technology,Problem Solving,93,46,67,73,1,5,7,Software Engineer
11,Arts,English,Design,Creativity,74,65,41,47,5,6,9,Graphic Designer
12,Commerce,Business Studies,Management,Leadership,60,41,95,73,4,6,1,Business Manager
11,Commerce,Mathematics,Finance,Analysis,84,80,87,64,4,7,6,Financial Analyst
11,Science,Biology,Healthcare,Research,88,65,88,75,4,2,7,Doctor
11,Science,Mathematics,Technology,Problem Solving,57,80,65,77,7,3,3,Software Engineer
11,Arts,English,Writing,Writing,91,44,44,89,6,7,9,Journalist
11,Commerce,Business Studies,Management,Communication,94,66,87,55,10,3,4,Business Manager
11,Commerce,Economics,Finance,Analysis,97,70,84,58,6,3,4,Financial Analyst
12,Science,Biology,Healthcare,Communication,66,55,45,46,7,1,3,Doctor
11,Science,Chemistry,Healthcare,Communication,98,89,58,60,9,4,6,Doctor
12,Commerce,Mathematics,Finance,Mathematics,71,53,100,83,9,10,1,Financial Analyst
12,Science,Computer Science,Artificial Intelligence,Programming,76,67,84,65,3,2,6,Data Scientist
12,Science,Biology,Healthcare,Research,94,94,71,51,2,6,4,Doctor
11,Commerce,Business Studies,Management,Communication,61,52,93,78,2,10,3,Business Manager
11,Commerce,Accountancy,Finance,Mathematics,84,100,78,90,8,4,9,Chartered Accountant
11,Commerce,Accountancy,Finance,Analysis,97,57,99,59,3,10,8,Chartered Accountant
12,Science,Biology,Healthcare,Research,74,48,85,89,5,6,8,Doctor
11,Arts,Political Science,Government,Leadership,75,42,79,55,9,2,8,Civil Services
11,Science,Computer Science,Technology,Programming,93,68,42,68,1,9,3,Software Engineer
12,Science,Mathematics,Engineering,Mathematics,80,45,91,99,7,1,7,Engineer
11,Science,Chemistry,Healthcare,Communication,85,99,76,80,1,10,4,Doctor
11,Science,Chemistry,Healthcare,Communication,65,50,76,54,3,8,10,Doctor
12,Science,Chemistry,Healthcare,Communication,61,41,51,58,9,8,5,Doctor
12,Commerce,Business Studies,Business,Leadership,62,47,90,47,6,8,9,Business Manager
11,Commerce,Economics,Finance,Mathematics,97,81,43,91,8,5,1,Financial Analyst
12,Commerce,Accountancy,Finance,Analysis,60,55,98,55,8,4,8,Chartered Accountant
11,Commerce,Economics,Finance,Mathematics,58,69,42,67,5,6,9,Chartered Accountant
12,Science,Mathematics,Programming,Problem Solving,94,62,80,69,7,1,5,Software Engineer
12,Science,Computer Science,Artificial Intelligence,Analysis,99,55,71,80,9,6,10,Data Scientist
11,Science,Mathematics,Technology,Analysis,82,85,82,78,7,8,8,Data Scientist
12,Arts,History,Government,Research,67,40,59,87,7,9,2,Civil Services
11,Science,Physics,Engineering,Problem Solving,85,95,47,96,9,5,6,Engineer
12,Arts,History,Government,Research,78,43,95,51,6,9,9,Civil Services
11,Science,Mathematics,Technology,Problem Solving,59,54,77,90,5,5,1,Software Engineer
12,Arts,English,Design,Creativity,60,54,93,81,1,10,2,Graphic Designer
11,Science,Physics,Engineering,Problem Solving,60,84,55,99,5,2,3,Engineer
12,Science,Computer Science,Technology,Programming,99,92,56,94,6,9,9,Software Engineer
11,Science,Physics,Engineering,Mathematics,58,85,62,56,5,3,1,Engineer
11,Commerce,Economics,Finance,Analysis,94,88,64,69,9,4,1,Financial Analyst
11,Science,Chemistry,Healthcare,Research,99,41,83,96,5,5,8,Doctor
12,Commerce,Accountancy,Finance,Mathematics,76,91,49,98,8,7,7,Chartered Accountant
12,Arts,English,Writing,Communication,61,57,41,66,6,6,5,Journalist
11,Commerce,Mathematics,Finance,Analysis,58,43,46,62,9,4,3,Financial Analyst
12,Arts,History,Government,Leadership,67,78,85,69,9,2,5,Civil Services
12,Science,Physics,Engineering,Mathematics,85,97,87,92,10,5,7,Engineer
11,Arts,English,Design,Creativity,67,75,84,40,1,10,7,Graphic Designer
12,Commerce,Business Studies,Management,Communication,67,72,87,55,8,9,8,Business Manager
12,Commerce,Economics,Finance,Analysis,70,88,56,46,1,2,9,Chartered Accountant
12,Commerce,Business Studies,Business,Communication,87,64,49,58,10,6,3,Business Manager
12,Commerce,Business Studies,Business,Communication,93,60,69,46,5,7,5,Business Manager
12,Science,Computer Science,Artificial Intelligence,Analysis,93,80,78,49,5,2,2,Data Scientist
12,Science,Computer Science,Artificial Intelligence,Programming,93,88,57,50,5,1,3,Data Scientist
12,Arts,English,Design,Creativity,72,95,84,95,1,4,3,Graphic Designer
12,Arts,English,Writing,Writing,100,45,60,85,2,1,10,Journalist
11,Science,Physics,Engineering,Mathematics,84,87,76,99,7,10,10,Engineer
12,Commerce,Mathematics,Finance,Analysis,65,89,72,46,2,8,4,Financial Analyst
12,Science,Mathematics,Engineering,Mathematics,75,41,49,100,4,9,2,Engineer
12,Arts,History,Government,Leadership,70,61,96,67,9,4,10,Civil Services
12,Commerce,Business Studies,Management,Leadership,98,40,95,93,5,9,1,Business Manager
12,Commerce,Economics,Finance,Analysis,78,73,67,91,4,7,1,Chartered Accountant
12,Science,Biology,Healthcare,Communication,93,54,66,79,1,4,2,Doctor
11,Science,Biology,Healthcare,Research,81,64,49,87,5,3,2,Doctor
12,Commerce,Business Studies,Management,Communication,72,56,57,54,2,3,10,Business Manager
12,Arts,English,Design,Creativity,78,41,90,45,6,4,9,Graphic Designer
12,Science,Biology,Healthcare,Research,70,85,78,95,3,4,2,Doctor
12,Science,Mathematics,Programming,Problem Solving,94,44,42,98,2,5,10,Software Engineer
11,Arts,Political Science,Government,Leadership,77,57,41,44,5,6,3,Civil Services
11,Science,Mathematics,Engineering,Problem Solving,94,90,53,95,5,5,9,Engineer
12,Commerce,Economics,Finance,Mathematics,99,69,93,51,10,4,8,Financial Analyst
12,Arts,English,Design,Creativity,95,64,86,58,3,5,1,Graphic Designer
12,Science,Physics,Engineering,Problem Solving,64,43,40,74,4,6,9,Engineer
11,Science,Chemistry,Healthcare,Research,74,57,89,74,2,9,6,Doctor
11,Commerce,Accountancy,Finance,Analysis,92,55,99,68,10,5,10,Chartered Accountant
12,Science,Physics,Engineering,Mathematics,72,62,72,68,5,10,8,Engineer
12,Arts,History,Writing,Writing,99,49,68,92,10,7,1,Journalist
12,Science,Mathematics,Engineering,Problem Solving,84,64,55,76,5,2,10,Engineer
11,Science,Mathematics,Engineering,Mathematics,75,78,58,57,2,1,4,Engineer
11,Commerce,Economics,Finance,Mathematics,80,45,76,99,2,4,8,Financial Analyst
11,Science,Chemistry,Healthcare,Communication,59,80,92,85,6,8,10,Doctor
12,Science,Biology,Healthcare,Research,91,100,56,48,1,1,4,Doctor
