name,age,stream,math_score,science_score,english_score,computer_score,attendance,family_income,study_hours,financial_problem,mental_stress,internet_access,parental_support,recommended_career,dropout_risk
Student_1,17,Science,62,69,75,71,76,High,8,Yes,Low,No,High,Graphic Designer,Medium
Student_2,18,Commerce,78,37,90,97,65,Medium,9,Yes,Medium,No,Medium,Software Engineer,Medium
Student_3,17,Arts,46,62,79,98,93,Medium,4,No,High,Yes,Low,Teacher,Medium
Student_4,19,Arts,94,68,62,45,93,Low,6,Yes,Low,No,Medium,Mechanical Engineer,Medium
Student_5,20,Science,46,60,90,44,78,Low,8,Yes,High,Yes,Low,Mechanical Engineer,Medium
Student_6,17,Commerce,70,42,52,71,64,Medium,6,No,High,No,High,Business Manager,Medium
Student_7,22,Commerce,90,73,83,64,99,High,4,Yes,Medium,No,High,Business Manager,Medium
Student_8,18,Arts,61,90,44,81,95,Low,7,Yes,High,No,High,Doctor,Medium
Student_9,21,Science,62,88,85,48,58,High,1,Yes,Low,Yes,Low,Doctor,High
Student_10,22,Commerce,99,68,62,78,42,Low,1,No,High,No,Low,Data Scientist,High
Student_11,16,Science,51,45,83,82,88,Low,10,No,High,No,High,Graphic Designer,Medium
Student_12,18,Commerce,64,36,73,55,91,High,6,Yes,High,No,Medium,Business Manager,Medium
Student_13,22,Science,87,61,91,39,93,Low,1,Yes,High,Yes,Low,Mechanical Engineer,High
Student_14,18,Arts,59,54,94,55,74,Low,5,Yes,Medium,No,Low,Teacher,Medium
Student_15,16,Commerce,85,44,64,39,59,High,10,Yes,Low,No,Medium,Business Manager,Medium
Student_16,18,Science,66,38,89,35,81,Low,2,No,Medium,No,Medium,Mechanical Engineer,Medium
Student_17,16,Commerce,50,86,63,36,40,Medium,6,No,Medium,Yes,Medium,Doctor,Low
Student_18,18,Science,35,52,79,31,82,Medium,1,Yes,Low,No,Medium,Mechanical Engineer,Medium
Student_19,18,Science,37,97,85,93,47,Low,3,Yes,High,Yes,Low,Doctor,High
Student_20,22,Arts,51,44,86,70,58,Low,1,Yes,Low,No,Low,Lawyer,High
Student_21,22,Commerce,88,42,50,61,43,Medium,6,Yes,High,No,Low,Business Manager,High
Student_22,18,Commerce,74,91,71,32,92,Low,6,Yes,High,Yes,High,Doctor,Medium
Student_23,21,Commerce,73,49,77,45,95,High,3,Yes,High,No,Medium,Business Manager,Medium
Student_24,20,Science,64,75,84,80,87,Low,4,No,Low,Yes,Medium,Graphic Designer,Low
Student_25,21,Science,46,94,46,61,57,Low,3,Yes,High,Yes,Medium,Doctor,High
Student_26,17,Science,90,86,43,42,57,Low,8,Yes,Low,Yes,Medium,Doctor,Medium
Student_27,19,Arts,96,88,61,34,67,Medium,4,Yes,Medium,Yes,Low,Doctor,Medium
Student_28,18,Commerce,45,64,72,60,56,Low,1,No,Medium,Yes,High,Business Manager,Medium
Student_29,17,Science,89,80,84,49,51,Medium,8,No,Low,No,Medium,Mechanical Engineer,Medium
Student_30,18,Commerce,55,62,68,98,58,Low,4,Yes,Medium,Yes,High,Business Manager,Medium
Student_31,16,Science,37,56,78,56,66,Low,10,No,Medium,Yes,Low,Mechanical Engineer,Low
Student_32,20,Commerce,52,56,88,37,44,High,1,No,Medium,No,Low,Business Manager,High
Student_33,18,Commerce,44,77,43,97,59,Medium,10,Yes,Low,No,High,Business Manager,Medium
Student_34,16,Commerce,65,76,65,38,40,Medium,9,Yes,High,No,Medium,Business Manager,High
Student_35,17,Commerce,48,78,42,47,45,High,2,No,High,No,Medium,Business Manager,High
Student_36,18,Arts,59,37,81,97,98,Medium,9,No,Medium,Yes,High,Lawyer,Low
Student_37,17,Science,43,43,90,64,42,High,3,Yes,High,Yes,High,Mechanical Engineer,High
Student_38,20,Science,80,90,67,71,40,Medium,6,Yes,Medium,No,Medium,Doctor,Medium
Student_39,19,Commerce,68,92,76,94,42,Medium,2,No,Medium,Yes,Medium,Doctor,Medium
Student_40,18,Science,51,75,58,82,77,Medium,9,Yes,High,No,High,Graphic Designer,Medium
Student_41,22,Arts,79,51,66,85,93,High,7,No,High,Yes,Medium,Data Scientist,Low
Student_42,22,Science,57,38,93,40,42,Medium,9,No,Medium,Yes,High,Mechanical Engineer,Low
Student_43,20,Commerce,98,60,92,68,94,Medium,3,No,High,Yes,Low,Business Manager,Medium
Student_44,18,Science,75,62,83,100,66,Medium,1,No,High,No,Medium,Data Scientist,Medium
Student_45,17,Commerce,62,92,60,63,42,Low,2,Yes,Low,No,Low,Doctor,High
Student_46,16,Commerce,56,88,81,84,50,High,8,No,Low,No,High,Doctor,Medium
Student_47,21,Arts,95,56,44,59,58,High,1,Yes,High,Yes,Low,Mechanical Engineer,High
Student_48,20,Commerce,69,53,37,31,63,Low,5,Yes,Low,Yes,Low,Business Manager,Medium
Student_49,17,Commerce,98,84,72,76,41,Medium,3,No,Medium,No,Low,Software Engineer,Medium
Student_50,21,Arts,50,82,97,67,83,High,10,No,Low,Yes,High,Doctor,Low
Student_51,20,Commerce,96,37,82,36,85,Low,7,No,Low,No,Low,Business Manager,Low
Student_52,16,Commerce,97,83,49,43,88,High,10,Yes,Medium,No,High,Doctor,Medium
Student_53,21,Science,64,39,84,32,85,Medium,10,Yes,Low,Yes,Low,Mechanical Engineer,Medium
Student_54,20,Arts,71,48,61,84,64,Low,6,No,Low,Yes,Low,Software Engineer,Low
Student_55,16,Science,69,82,63,90,46,High,8,Yes,High,No,Low,Doctor,High
Student_56,21,Commerce,99,47,53,91,82,Low,5,Yes,High,No,High,Data Scientist,Medium
Student_57,16,Arts,57,46,49,71,60,High,6,Yes,Low,No,Medium,Graphic Designer,Medium
Student_58,16,Commerce,64,63,86,98,73,Medium,4,Yes,Medium,No,High,Business Manager,Medium
Student_59,20,Science,100,55,64,72,52,High,2,No,High,No,High,Graphic Designer,High
Student_60,19,Arts,39,54,55,64,46,Medium,1,No,High,Yes,High,Mechanical Engineer,High
Student_61,17,Science,65,63,60,47,83,Medium,8,Yes,High,Yes,Medium,Mechanical Engineer,Medium
Student_62,19,Commerce,38,45,53,85,100,High,2,Yes,Medium,Yes,Low,Business Manager,Medium
Student_63,17,Arts,46,60,40,80,52,Low,3,No,High,Yes,Medium,Graphic Designer,Medium
Student_64,18,Science,64,85,51,64,49,Medium,6,Yes,Low,Yes,Low,Doctor,Medium
Student_65,16,Science,41,71,38,38,54,Low,7,No,High,Yes,Low,Mechanical Engineer,Medium
Student_66,16,Commerce,99,91,44,98,55,Medium,7,No,High,No,High,Data Scientist,Medium
Student_67,20,Commerce,84,44,60,69,46,High,7,Yes,Medium,Yes,High,Business Manager,Medium
Student_68,16,Science,92,100,63,98,42,Low,6,Yes,High,Yes,Medium,Software Engineer,High
Student_69,17,Science,92,73,62,88,82,Medium,1,Yes,High,No,Low,Data Scientist,High
Student_70,19,Arts,59,59,62,91,71,Medium,6,No,Low,No,High,Graphic Designer,Low
Student_71,21,Commerce,78,41,61,64,60,Low,10,Yes,Medium,Yes,High,Business Manager,Low
Student_72,21,Commerce,97,58,97,94,48,Medium,10,Yes,High,Yes,High,Software Engineer,High
Student_73,22,Arts,41,57,59,97,99,Low,9,Yes,Low,Yes,Low,Graphic Designer,Medium
Student_74,17,Arts,40,93,93,57,85,High,9,No,Low,No,High,Doctor,Low
Student_75,22,Arts,57,46,70,35,42,Medium,8,Yes,High,Yes,Medium,Mechanical Engineer,High
Student_76,19,Arts,57,45,61,58,40,Low,5,Yes,Medium,Yes,Medium,Mechanical Engineer,Medium
Student_77,20,Science,55,90,88,37,44,High,8,Yes,Medium,Yes,Medium,Doctor,Medium
Student_78,17,Science,85,37,91,94,85,High,8,No,Low,No,Medium,Data Scientist,Low
Student_79,17,Commerce,67,96,53,60,72,Medium,9,Yes,Low,No,Medium,Doctor,Medium
Student_80,20,Commerce,63,74,63,93,75,Medium,10,No,Low,No,High,Business Manager,Low
Student_81,20,Commerce,36,55,68,64,80,High,8,Yes,Low,No,Low,Business Manager,Medium
Student_82,22,Arts,60,43,50,35,73,High,8,Yes,Medium,Yes,Medium,Mechanical Engineer,Low
Student_83,21,Arts,35,63,84,50,56,Low,6,No,Low,No,High,Teacher,Medium
Student_84,22,Science,62,88,78,68,70,Medium,3,No,Medium,Yes,Medium,Doctor,Low
Student_85,19,Commerce,36,56,68,95,78,Medium,8,Yes,Low,No,Medium,Business Manager,Medium
Student_86,18,Science,89,45,52,32,47,Low,1,Yes,Medium,Yes,Low,Mechanical Engineer,High
Student_87,22,Science,89,60,37,98,80,Medium,5,No,High,No,Medium,Software Engineer,Medium
Student_88,19,Commerce,89,98,39,30,84,High,1,Yes,Medium,Yes,Medium,Doctor,Medium
Student_89,16,Commerce,45,97,95,68,56,High,5,No,High,Yes,Low,Doctor,Medium
Student_90,20,Arts,43,72,89,36,45,High,7,No,Medium,No,Medium,Teacher,Medium
Student_91,21,Science,61,74,94,78,98,Medium,10,No,High,Yes,Medium,Graphic Designer,Low
Student_92,22,Arts,77,41,47,55,51,High,6,No,Medium,Yes,Medium,Mechanical Engineer,Low
Student_93,20,Science,50,60,72,48,40,Low,1,Yes,High,Yes,Medium,Mechanical Engineer,High
Student_94,18,Arts,97,74,63,97,82,High,8,No,Medium,Yes,High,Software Engineer,Low
Student_95,17,Science,87,59,62,75,74,Low,6,No,High,Yes,Medium,Graphic Designer,Low
Student_96,17,Science,40,69,66,86,78,High,6,No,Low,Yes,High,Graphic Designer,Low
Student_97,22,Arts,44,36,73,63,56,High,4,Yes,High,Yes,Low,Mechanical Engineer,High
Student_98,17,Commerce,89,82,92,32,94,Medium,3,Yes,Medium,Yes,High,Doctor,Low
Student_99,19,Science,37,47,44,70,90,Low,3,Yes,Medium,Yes,High,Mechanical Engineer,Low
Student_100,18,Commerce,81,64,71,83,80,Medium,4,No,Medium,No,Medium,Software Engineer,Low
Student_101,21,Commerce,85,74,73,69,92,High,3,No,High,No,Medium,Business Manager,Medium
Student_102,22,Science,42,73,47,45,79,High,8,No,Medium,No,Low,Mechanical Engineer,Low
Student_103,21,Commerce,91,84,60,70,48,Low,4,Yes,Low,No,Low,Doctor,High
Student_104,18,Science,88,81,42,45,90,Medium,5,No,Low,Yes,Low,Doctor,Low
Student_105,17,Arts,99,70,52,32,76,High,9,No,Low,Yes,High,Mechanical Engineer,Low
Student_106,20,Arts,61,46,74,37,63,Low,5,No,Medium,No,Low,Mechanical Engineer,Low
Student_107,16,Science,78,98,71,93,48,Low,1,No,High,Yes,Low,Data Scientist,High
Student_108,19,Science,46,81,79,76,95,High,9,Yes,Low,Yes,Low,Doctor,Medium
Student_109,19,Science,72,35,53,30,42,Low,4,No,High,Yes,High,Mechanical Engineer,Medium
Student_110,17,Science,38,43,39,76,45,Medium,8,No,High,Yes,Medium,Graphic Designer,Medium
Student_111,18,Arts,93,79,80,37,51,Low,8,No,High,No,High,Teacher,Medium
Student_112,17,Arts,56,42,52,73,73,Medium,2,Yes,Low,No,High,Graphic Designer,Medium
Student_113,20,Commerce,69,55,97,38,69,Medium,2,Yes,Medium,No,Medium,Business Manager,Medium
Student_114,17,Science,70,93,35,36,57,High,5,Yes,High,Yes,High,Doctor,High
Student_115,19,Science,45,79,69,53,40,Low,2,No,Low,No,Low,Mechanical Engineer,High
Student_116,21,Science,94,47,90,52,65,High,2,Yes,Low,No,High,Mechanical Engineer,Medium
Student_117,19,Arts,51,95,89,88,75,Low,9,Yes,Medium,Yes,Medium,Doctor,Low
Student_118,19,Science,47,66,90,58,55,Medium,8,Yes,High,No,Medium,Mechanical Engineer,High
Student_119,18,Commerce,89,78,85,98,77,Low,8,No,Medium,Yes,Low,Data Scientist,Low
Student_120,18,Arts,47,61,62,36,73,High,10,No,Medium,No,High,Mechanical Engineer,Low
Student_121,21,Arts,89,78,63,59,58,Medium,2,No,Low,No,Medium,Mechanical Engineer,Medium
Student_122,18,Science,57,48,98,63,87,Low,3,Yes,High,Yes,Medium,Mechanical Engineer,Medium
Student_123,17,Arts,51,99,40,78,53,High,8,No,High,Yes,High,Doctor,Medium
Student_124,19,Commerce,87,97,49,39,67,Medium,6,No,Medium,No,Low,Doctor,Low
Student_125,19,Commerce,78,98,71,43,70,Medium,6,Yes,Low,No,Medium,Doctor,Medium
Student_126,20,Science,39,72,90,80,88,High,1,Yes,Medium,Yes,High,Graphic Designer,Medium
Student_127,19,Commerce,88,65,57,68,62,Medium,7,No,Medium,Yes,High,Business Manager,Low
Student_128,19,Commerce,55,81,58,53,55,High,10,No,Medium,No,Low,Doctor,Medium
Student_129,17,Science,89,64,53,72,87,High,6,Yes,Low,Yes,High,Graphic Designer,Low
Student_130,16,Science,62,59,89,79,48,Low,2,Yes,Low,No,Medium,Graphic Designer,High
Student_131,16,Commerce,97,91,94,55,70,Low,1,Yes,Low,No,Medium,Doctor,Medium
Student_132,22,Commerce,55,86,84,54,42,Low,7,Yes,Low,No,Medium,Doctor,Medium
Student_133,22,Commerce,50,49,59,42,58,Medium,7,Yes,Medium,No,Medium,Business Manager,Medium
Student_134,18,Arts,47,72,96,96,84,High,1,Yes,Medium,No,High,Lawyer,Medium
Student_135,21,Commerce,76,79,48,75,67,Medium,10,No,High,No,Medium,Business Manager,Medium
Student_136,22,Arts,87,56,59,44,59,Low,7,Yes,Medium,No,High,Mechanical Engineer,Medium
Student_137,16,Arts,66,40,40,99,71,Low,4,No,Medium,Yes,Low,Graphic Designer,Low
Student_138,18,Science,58,75,94,76,43,Medium,1,No,Medium,No,Medium,Graphic Designer,Medium
Student_139,19,Arts,98,70,95,50,98,Medium,7,No,Medium,Yes,Low,Lawyer,Low
Student_140,19,Commerce,63,81,94,74,76,Medium,8,No,High,No,Low,Doctor,Medium
Student_141,16,Arts,90,97,96,57,93,High,3,No,Low,Yes,High,Doctor,Low
Student_142,20,Science,43,91,72,55,58,Medium,3,No,High,Yes,Medium,Doctor,Medium
Student_143,20,Science,75,54,61,45,86,High,1,Yes,High,Yes,Low,Mechanical Engineer,High
Student_144,20,Commerce,87,58,51,53,69,Medium,9,No,Low,Yes,Medium,Business Manager,Low
Student_145,21,Science,50,74,46,37,91,Medium,8,Yes,High,No,High,Mechanical Engineer,Medium
Student_146,17,Arts,85,65,70,78,76,Medium,6,Yes,High,No,Medium,Data Scientist,Medium
Student_147,16,Commerce,84,42,97,32,44,Medium,5,No,Low,No,Low,Business Manager,Medium
Student_148,20,Arts,76,60,87,63,42,High,1,Yes,Medium,No,High,Lawyer,High
Student_149,18,Arts,100,65,71,31,98,Medium,9,Yes,Medium,No,High,Mechanical Engineer,Medium
Student_150,21,Commerce,36,51,45,59,97,Medium,4,Yes,High,No,Low,Business Manager,High
Student_151,21,Science,72,76,57,40,83,Low,3,No,Low,Yes,High,Mechanical Engineer,Low
Student_152,21,Commerce,46,92,59,89,96,Low,2,Yes,High,Yes,Medium,Doctor,High
Student_153,18,Arts,68,74,87,73,68,Medium,1,Yes,Medium,No,Medium,Lawyer,Medium
Student_154,21,Arts,92,40,80,83,71,High,10,Yes,High,No,Medium,Software Engineer,Medium
Student_155,20,Science,91,57,94,31,81,High,6,Yes,Low,No,High,Mechanical Engineer,Medium
Student_156,20,Science,50,50,80,33,49,Medium,8,Yes,Medium,No,Medium,Mechanical Engineer,Medium
Student_157,21,Commerce,35,83,65,87,54,Medium,4,No,Low,Yes,Low,Doctor,Medium
Student_158,18,Commerce,87,61,96,70,85,Low,4,No,Medium,Yes,High,Business Manager,Low
Student_159,16,Arts,100,96,49,34,52,Medium,2,Yes,Medium,Yes,Low,Doctor,High
Student_160,21,Science,77,61,83,37,87,High,1,Yes,Medium,Yes,Low,Mechanical Engineer,Medium
Student_161,18,Commerce,94,88,94,50,77,High,7,Yes,Low,Yes,Low,Doctor,Medium
Student_162,20,Commerce,39,85,80,96,89,High,7,Yes,High,Yes,Low,Doctor,Medium
Student_163,16,Science,88,75,78,81,57,Low,2,Yes,High,No,Low,Data Scientist,High
Student_164,18,Science,84,84,70,45,55,High,1,Yes,Low,Yes,Medium,Doctor,High
Student_165,18,Commerce,74,52,49,96,49,High,1,Yes,Medium,Yes,Low,Software Engineer,High
Student_166,19,Arts,77,69,41,76,71,Low,3,No,Low,Yes,Low,Software Engineer,Low
Student_167,17,Arts,47,89,60,93,82,High,6,Yes,Medium,Yes,Low,Doctor,Medium
Student_168,19,Commerce,66,65,55,62,73,High,6,No,High,No,Medium,Business Manager,Medium
Student_169,19,Arts,55,77,57,77,64,Medium,5,No,Medium,No,Low,Graphic Designer,Low
Student_170,20,Commerce,59,92,46,31,55,Medium,6,No,Medium,Yes,High,Doctor,Low
Student_171,22,Arts,96,81,50,34,55,High,8,Yes,Low,No,High,Doctor,Medium
Student_172,17,Arts,41,42,94,87,52,Low,7,Yes,Medium,No,High,Teacher,Medium
Student_173,19,Science,85,96,87,48,90,High,2,No,Medium,No,Medium,Doctor,Medium
Student_174,22,Science,61,63,36,73,65,High,2,No,Low,Yes,High,Graphic Designer,Low
Student_175,17,Science,46,98,36,80,92,High,7,Yes,Medium,Yes,Low,Doctor,Medium
Student_176,16,Commerce,82,86,91,96,61,High,2,No,Low,Yes,High,Software Engineer,Low
Student_177,22,Commerce,89,53,50,72,100,High,2,Yes,High,Yes,High,Business Manager,High
Student_178,20,Commerce,62,88,92,67,95,Low,10,Yes,High,Yes,Low,Doctor,Medium
Student_179,20,Science,43,85,74,94,45,High,7,Yes,Medium,No,High,Doctor,Medium
Student_180,20,Science,40,36,78,78,73,High,3,Yes,High,Yes,Low,Graphic Designer,Medium
Student_181,19,Science,98,58,39,63,66,Medium,10,Yes,Medium,Yes,High,Mechanical Engineer,Low
Student_182,22,Commerce,50,69,38,75,100,Medium,1,No,High,No,High,Business Manager,Medium
Student_183,19,Commerce,86,49,93,44,80,Medium,9,Yes,High,No,Medium,Business Manager,Medium
Student_184,20,Science,51,90,90,42,88,Low,6,No,High,Yes,High,Doctor,Low
Student_185,22,Science,72,88,56,96,40,Low,8,No,Low,No,High,Software Engineer,Medium
Student_186,20,Science,43,88,78,31,63,High,10,No,High,No,High,Doctor,Medium
Student_187,21,Commerce,63,85,78,44,69,High,1,No,High,Yes,High,Doctor,Medium
Student_188,21,Commerce,47,57,96,67,63,Medium,1,No,High,No,Medium,Business Manager,Medium
Student_189,18,Commerce,97,44,100,94,74,Medium,1,Yes,Low,Yes,High,Data Scientist,Medium
Student_190,18,Science,44,65,75,79,68,High,3,Yes,Low,No,Low,Graphic Designer,Medium
Student_191,22,Science,39,79,94,53,78,Medium,6,No,Medium,No,Low,Mechanical Engineer,Low
Student_192,21,Arts,49,75,51,93,51,Low,8,No,Low,No,High,Graphic Designer,Medium
Student_193,22,Arts,65,67,48,92,44,Medium,4,No,High,Yes,High,Graphic Designer,Medium
Student_194,21,Commerce,57,36,62,60,87,Low,9,No,Low,No,Low,Business Manager,Low
Student_195,18,Science,97,78,40,43,59,Low,7,No,Low,No,Low,Mechanical Engineer,Medium
Student_196,18,Science,55,68,69,96,40,Low,1,Yes,High,No,Low,Graphic Designer,High
Student_197,22,Commerce,38,90,85,41,100,Medium,4,No,High,Yes,High,Doctor,Low
Student_198,18,Commerce,40,59,88,85,62,Low,3,Yes,Medium,No,Low,Business Manager,Medium
Student_199,22,Arts,72,45,84,98,49,Medium,10,Yes,High,No,High,Data Scientist,High
Student_200,17,Science,59,77,53,76,77,Medium,6,Yes,Medium,Yes,Medium,Graphic Designer,Low
Student_201,20,Commerce,96,44,81,73,92,Low,6,Yes,Medium,No,High,Business Manager,Medium
Student_202,21,Commerce,49,99,75,51,49,High,10,No,Low,Yes,Low,Doctor,Medium
Student_203,22,Commerce,37,87,37,70,75,High,9,No,Medium,No,Medium,Doctor,Low
Student_204,17,Arts,48,94,38,97,53,Low,8,Yes,Medium,Yes,High,Doctor,Medium
Student_205,19,Arts,80,66,42,73,78,High,10,Yes,Low,Yes,Medium,Graphic Designer,Low
Student_206,18,Commerce,74,83,97,44,53,High,3,No,Medium,No,Medium,Doctor,Medium
Student_207,19,Commerce,64,52,48,99,47,High,4,Yes,Low,Yes,Low,Business Manager,Medium
Student_208,21,Commerce,58,50,80,36,54,Medium,6,No,Medium,No,High,Business Manager,Medium
Student_209,17,Science,43,36,95,42,92,High,9,No,Low,No,High,Mechanical Engineer,Low
Student_210,20,Arts,73,55,57,54,89,Low,8,Yes,Low,No,Medium,Mechanical Engineer,Medium
Student_211,19,Commerce,49,97,39,92,73,Low,2,Yes,High,Yes,Low,Doctor,High
Student_212,21,Commerce,83,63,67,47,82,High,3,No,Medium,No,Low,Business Manager,Low
Student_213,16,Science,56,83,98,92,65,Low,5,Yes,Low,Yes,Low,Doctor,Medium
Student_214,17,Arts,83,85,48,50,55,Medium,3,No,High,No,High,Doctor,Medium
Student_215,22,Commerce,74,47,39,57,73,Medium,5,Yes,Low,Yes,High,Business Manager,Low
Student_216,17,Arts,89,69,84,59,78,Medium,9,No,Low,No,Medium,Lawyer,Low
Student_217,19,Arts,74,85,98,47,96,Medium,7,Yes,Medium,No,Medium,Doctor,Medium
Student_218,16,Arts,76,57,54,52,66,Medium,9,No,Low,Yes,Low,Mechanical Engineer,Low
Student_219,19,Science,61,56,83,70,59,Low,9,No,Medium,No,Low,Mechanical Engineer,Medium
Student_220,16,Arts,94,69,46,54,68,Medium,6,No,High,No,High,Mechanical Engineer,Medium
Student_221,17,Arts,71,75,82,42,58,Medium,8,Yes,Medium,No,High,Lawyer,Medium
Student_222,22,Arts,54,38,86,38,52,Low,10,Yes,High,No,Low,Teacher,High
Student_223,20,Arts,64,48,41,86,56,Medium,9,No,Medium,Yes,High,Graphic Designer,Low
Student_224,19,Commerce,86,100,80,75,59,Low,8,No,High,No,Medium,Doctor,Medium
Student_225,19,Arts,72,56,55,62,61,Low,4,No,High,No,High,Mechanical Engineer,Medium
Student_226,22,Commerce,72,66,44,89,95,Medium,7,Yes,Medium,No,Medium,Data Scientist,Medium
Student_227,18,Science,86,59,100,48,40,High,4,Yes,Low,No,Medium,Mechanical Engineer,Medium
Student_228,16,Science,50,60,55,97,44,Medium,4,Yes,Low,Yes,Medium,Graphic Designer,Medium
Student_229,17,Commerce,42,36,95,40,67,Medium,7,Yes,Low,No,Medium,Business Manager,Medium
Student_230,22,Commerce,83,41,45,100,79,High,7,No,Medium,Yes,Low,Software Engineer,Low
Student_231,16,Science,58,100,81,67,88,Low,3,No,Medium,No,Low,Doctor,Low
Student_232,17,Commerce,88,52,88,36,97,Low,5,No,Low,Yes,Medium,Business Manager,Low
Student_233,19,Commerce,49,63,86,33,82,Low,8,Yes,High,Yes,Medium,Business Manager,Medium
Student_234,18,Science,86,97,68,49,83,Medium,3,Yes,High,No,Low,Doctor,High
Student_235,17,Science,60,68,86,73,41,Low,8,No,Medium,Yes,Low,Graphic Designer,Medium
Student_236,16,Arts,92,77,93,100,77,Medium,2,No,Medium,Yes,Medium,Data Scientist,Low
Student_237,22,Science,94,37,85,40,54,High,1,Yes,Low,No,Low,Mechanical Engineer,High
Student_238,18,Science,45,65,43,71,78,Low,4,No,Low,Yes,Medium,Graphic Designer,Low
Student_239,20,Arts,85,95,91,87,53,Low,3,Yes,High,Yes,Low,Data Scientist,High
Student_240,17,Arts,78,67,99,92,83,Low,6,No,Low,No,High,Software Engineer,Low
Student_241,20,Commerce,52,72,35,33,75,Low,10,Yes,High,No,Medium,Business Manager,Medium
Student_242,21,Commerce,74,71,95,37,97,High,2,No,Medium,Yes,Low,Business Manager,Medium
Student_243,20,Science,48,39,83,79,60,Low,9,Yes,High,Yes,High,Graphic Designer,Medium
Student_244,18,Arts,78,89,65,82,66,High,4,Yes,Medium,Yes,Low,Software Engineer,Medium
Student_245,18,Commerce,40,42,41,40,60,Medium,2,Yes,High,No,High,Business Manager,High
Student_246,21,Arts,69,59,86,42,98,Medium,4,No,Low,Yes,High,Teacher,Low
Student_247,19,Arts,36,63,85,52,72,High,5,No,Medium,No,Low,Lawyer,Low
Student_248,18,Commerce,68,36,75,57,81,High,5,No,Low,Yes,Low,Business Manager,Low
Student_249,16,Commerce,86,85,97,93,53,Low,1,Yes,Low,No,Low,Software Engineer,High
Student_250,20,Science,70,77,100,81,69,High,9,No,High,Yes,Medium,Graphic Designer,Low
Student_251,22,Commerce,60,37,87,63,96,High,5,Yes,Low,Yes,Low,Business Manager,Medium
Student_252,20,Arts,83,63,84,58,85,Medium,4,Yes,Medium,No,Low,Teacher,Medium
Student_253,16,Arts,79,80,40,98,97,High,6,Yes,Medium,Yes,High,Data Scientist,Low
Student_254,19,Science,45,54,53,84,42,Low,8,Yes,Low,Yes,Low,Graphic Designer,Medium
Student_255,18,Commerce,90,44,80,91,77,Low,6,No,Low,No,Low,Data Scientist,Low
Student_256,16,Commerce,71,60,46,34,45,Low,6,No,Medium,Yes,Medium,Business Manager,Low
Student_257,16,Commerce,49,66,50,69,91,High,1,No,Medium,No,Medium,Business Manager,Medium
Student_258,17,Commerce,89,75,86,44,86,Low,5,No,Medium,No,Medium,Business Manager,Low
Student_259,20,Science,40,52,81,65,52,Low,8,Yes,Medium,Yes,High,Mechanical Engineer,Medium
Student_260,20,Arts,83,45,55,57,85,High,9,No,Medium,No,High,Mechanical Engineer,Low
Student_261,17,Science,84,61,40,65,59,High,4,Yes,Medium,Yes,High,Mechanical Engineer,Medium
Student_262,22,Science,40,46,74,58,86,High,4,Yes,Medium,No,Low,Mechanical Engineer,Medium
Student_263,16,Commerce,79,93,82,58,95,High,7,No,Medium,No,Low,Doctor,Low
Student_264,22,Science,55,74,68,88,63,Low,6,Yes,Low,Yes,Medium,Graphic Designer,Low
Student_265,17,Arts,36,42,47,82,73,Low,8,No,Low,No,Low,Graphic Designer,Low
Student_266,21,Arts,77,58,88,36,74,Medium,7,No,High,No,Medium,Teacher,Medium
Student_267,22,Arts,55,72,73,55,68,High,7,No,Medium,No,Medium,Mechanical Engineer,Low
Student_268,19,Science,94,99,71,64,86,Medium,4,Yes,High,No,High,Doctor,Medium
Student_269,16,Arts,63,49,45,90,91,Low,6,Yes,Medium,No,Low,Graphic Designer,Medium
Student_270,20,Arts,75,73,77,31,79,Medium,4,Yes,Medium,Yes,Medium,Lawyer,Low
Student_271,21,Science,94,40,84,80,44,High,6,Yes,Medium,No,High,Software Engineer,Medium
Student_272,22,Science,74,78,73,74,52,Medium,7,No,Medium,Yes,High,Graphic Designer,Low
Student_273,19,Science,36,70,79,38,49,High,5,Yes,High,No,Medium,Mechanical Engineer,High
Student_274,17,Arts,89,39,37,40,71,Low,8,No,Low,No,Medium,Mechanical Engineer,Low
Student_275,21,Arts,79,51,69,74,89,Medium,9,No,High,Yes,High,Graphic Designer,Low
Student_276,21,Arts,37,66,59,69,52,High,6,Yes,Medium,No,Medium,Mechanical Engineer,Medium
Student_277,22,Commerce,81,97,79,62,99,Low,3,No,High,No,Medium,Doctor,Medium
Student_278,17,Science,85,44,62,79,50,Low,7,No,High,Yes,Medium,Software Engineer,Medium
Student_279,18,Commerce,42,53,65,83,79,Low,3,No,Low,Yes,Low,Business Manager,Low
Student_280,16,Arts,74,41,69,50,41,Medium,7,Yes,High,No,Low,Mechanical Engineer,High
Student_281,18,Arts,70,87,48,41,73,Low,8,Yes,High,Yes,High,Doctor,Medium
Student_282,20,Commerce,64,47,58,45,79,High,6,No,Medium,No,Medium,Business Manager,Low
Student_283,21,Science,69,48,55,74,75,High,2,No,Low,Yes,Medium,Graphic Designer,Low
Student_284,19,Commerce,95,95,69,33,77,Medium,9,Yes,High,No,Low,Doctor,High
Student_285,16,Commerce,63,77,89,81,62,Medium,9,No,Medium,No,High,Business Manager,Low
Student_286,22,Arts,66,80,65,95,100,Low,8,No,High,Yes,Medium,Graphic Designer,Low
Student_287,18,Science,57,100,47,89,89,Low,8,No,High,Yes,Medium,Doctor,Low
Student_288,22,Commerce,84,50,78,69,79,Low,4,No,Low,Yes,Low,Business Manager,Low
Student_289,22,Arts,37,81,72,66,60,Medium,4,Yes,High,No,Medium,Doctor,Medium
Student_290,19,Commerce,80,72,50,61,99,Medium,10,No,Medium,Yes,High,Business Manager,Low
Student_291,16,Science,95,88,72,53,88,High,2,Yes,Medium,No,Low,Doctor,High
Student_292,17,Commerce,62,57,87,53,44,Low,1,No,Medium,No,High,Business Manager,Medium
Student_293,17,Arts,62,92,84,100,47,High,9,Yes,High,No,Low,Doctor,High
Student_294,20,Commerce,72,65,89,70,89,Low,2,Yes,Low,No,High,Business Manager,Medium
Student_295,19,Commerce,62,38,56,73,68,High,4,No,Low,Yes,Low,Business Manager,Low
Student_296,19,Science,60,36,80,60,58,High,9,Yes,High,No,Low,Mechanical Engineer,High
Student_297,22,Arts,100,37,68,58,92,Low,4,No,High,No,High,Mechanical Engineer,Medium
Student_298,22,Commerce,38,91,99,95,49,Medium,5,Yes,Medium,No,Low,Doctor,High
Student_299,18,Science,84,89,80,40,66,Low,5,Yes,High,No,Low,Doctor,High
Student_300,22,Commerce,61,63,93,76,43,Low,9,Yes,Low,No,Medium,Business Manager,Medium
Student_301,19,Commerce,69,49,51,57,65,Low,7,No,Medium,Yes,Medium,Business Manager,Low
Student_302,18,Science,97,71,52,77,68,Medium,6,Yes,High,Yes,High,Data Scientist,Medium
Student_303,17,Commerce,61,66,81,53,59,Medium,5,No,Medium,Yes,Medium,Business Manager,Low
Student_304,18,Arts,52,70,95,43,52,High,8,No,Low,No,Medium,Teacher,Medium
Student_305,22,Arts,94,98,73,56,47,High,2,Yes,Low,Yes,Low,Doctor,High
Student_306,21,Science,92,61,100,86,86,Medium,8,Yes,High,No,High,Data Scientist,Medium
Student_307,22,Commerce,49,93,42,34,85,Low,3,No,Low,Yes,High,Doctor,Low
Student_308,17,Commerce,57,52,65,80,76,Low,3,No,Medium,No,Low,Business Manager,Low
Student_309,19,Commerce,42,50,96,74,69,High,1,Yes,High,Yes,High,Business Manager,High
Student_310,19,Arts,94,43,52,57,46,High,9,No,Medium,Yes,Medium,Mechanical Engineer,Low
Student_311,18,Science,67,49,39,46,46,Low,7,Yes,Medium,Yes,Low,Mechanical Engineer,Medium
Student_312,16,Commerce,79,46,45,50,53,Medium,3,Yes,Low,Yes,Medium,Business Manager,Medium
Student_313,22,Science,90,75,85,48,58,Low,1,Yes,Low,Yes,Low,Mechanical Engineer,High
Student_314,21,Commerce,46,39,60,51,71,High,7,Yes,High,Yes,Low,Business Manager,Medium
Student_315,20,Arts,100,48,48,44,69,High,6,No,Medium,No,Medium,Mechanical Engineer,Low
Student_316,16,Arts,91,89,39,53,75,Low,5,No,Low,No,Medium,Doctor,Low
Student_317,22,Science,98,55,58,75,46,High,2,No,Low,No,Low,Graphic Designer,High
Student_318,21,Commerce,85,76,48,97,100,High,3,Yes,Low,Yes,High,Software Engineer,Low
Student_319,20,Arts,86,93,77,53,43,High,1,Yes,Low,No,Low,Doctor,High
Student_320,21,Science,83,68,93,90,92,Low,8,No,Medium,No,Low,Software Engineer,Low
Student_321,16,Commerce,85,80,88,82,77,High,4,Yes,Medium,No,High,Software Engineer,Medium
Student_322,20,Commerce,49,56,99,98,66,Medium,7,No,Medium,Yes,Medium,Business Manager,Low
Student_323,22,Arts,89,88,80,62,50,High,10,No,Low,No,High,Doctor,Medium
Student_324,18,Science,86,51,41,89,48,High,4,Yes,Medium,Yes,Low,Data Scientist,Medium
Student_325,17,Commerce,61,41,96,75,82,High,8,No,Low,Yes,Low,Business Manager,Low
Student_326,22,Arts,43,100,87,77,56,Medium,8,No,Low,No,Low,Doctor,Medium
Student_327,20,Commerce,51,56,87,46,83,High,4,Yes,High,Yes,Low,Business Manager,Medium
Student_328,18,Commerce,38,55,82,89,88,High,6,No,Medium,No,Medium,Business Manager,Low
Student_329,16,Science,75,87,48,62,79,Low,2,Yes,Medium,No,Medium,Doctor,Medium
Student_330,18,Commerce,97,91,52,80,57,Medium,9,No,Medium,Yes,Low,Data Scientist,Medium
Student_331,20,Arts,50,81,48,81,45,High,9,No,Low,Yes,Low,Doctor,Medium
Student_332,20,Science,93,38,66,71,68,High,7,Yes,Medium,No,Low,Graphic Designer,Medium
Student_333,16,Arts,61,70,93,38,44,Medium,9,Yes,High,Yes,Medium,Teacher,High
Student_334,17,Commerce,79,61,45,59,49,Low,8,Yes,Low,Yes,Low,Business Manager,Medium
Student_335,17,Science,47,99,43,87,42,High,8,No,High,Yes,Low,Doctor,Medium
Student_336,22,Arts,37,76,57,67,74,High,8,No,Medium,No,High,Mechanical Engineer,Low
Student_337,20,Arts,93,62,97,43,73,Medium,9,Yes,High,No,High,Lawyer,Medium
Student_338,16,Arts,93,66,84,56,40,High,6,Yes,Low,No,Low,Teacher,High
Student_339,20,Arts,48,88,84,56,85,Low,5,No,Low,Yes,Medium,Doctor,Low
Student_340,22,Arts,82,95,86,58,94,Medium,9,No,Medium,No,High,Doctor,Low
Student_341,17,Arts,81,85,93,96,61,Low,6,No,High,No,Medium,Software Engineer,Medium
Student_342,20,Arts,60,99,69,40,64,Low,10,Yes,High,Yes,Medium,Doctor,Medium
Student_343,21,Commerce,36,81,87,75,70,Low,4,Yes,Medium,Yes,Low,Doctor,Medium
Student_344,19,Arts,91,49,72,34,56,Low,3,No,Medium,No,Medium,Mechanical Engineer,Medium
Student_345,16,Commerce,50,62,100,38,88,Medium,1,Yes,Low,No,High,Business Manager,Medium
Student_346,22,Arts,45,99,85,58,84,High,8,No,High,No,High,Doctor,Medium
Student_347,18,Commerce,88,90,89,89,96,Medium,2,Yes,Low,No,High,Data Scientist,Medium
Student_348,16,Commerce,41,67,82,83,73,Low,3,No,Medium,Yes,Medium,Business Manager,Low
Student_349,16,Science,81,95,74,48,62,High,8,No,Medium,Yes,Low,Doctor,Low
Student_350,16,Science,50,54,54,34,62,Medium,9,No,High,No,Medium,Mechanical Engineer,Medium
Student_351,19,Arts,38,60,78,92,99,Medium,3,No,Low,No,Low,Teacher,Low
Student_352,17,Arts,54,98,50,48,79,Low,7,Yes,Low,Yes,Medium,Doctor,Low
Student_353,18,Commerce,57,63,97,61,52,Low,8,No,High,Yes,Low,Business Manager,Medium
Student_354,21,Commerce,96,76,74,93,99,High,9,No,High,Yes,Medium,Software Engineer,Low
Student_355,18,Arts,99,38,49,70,94,High,3,No,Low,Yes,Medium,Mechanical Engineer,Low
Student_356,17,Commerce,57,90,92,47,59,Medium,7,No,Low,Yes,Low,Doctor,Medium
Student_357,20,Arts,85,35,74,58,56,High,4,No,Low,Yes,Low,Mechanical Engineer,Medium
Student_358,19,Arts,64,37,90,44,63,High,8,Yes,Low,No,High,Teacher,Medium
Student_359,22,Commerce,90,41,86,88,47,High,6,No,Medium,Yes,High,Software Engineer,Low
Student_360,22,Science,56,55,83,31,56,High,3,No,Medium,Yes,Medium,Mechanical Engineer,Low
Student_361,20,Commerce,43,68,48,66,79,High,8,Yes,High,Yes,Low,Business Manager,Medium
Student_362,18,Commerce,73,74,46,76,53,Low,2,Yes,Low,No,Low,Data Scientist,High
Student_363,18,Commerce,40,85,100,75,50,High,4,No,Medium,No,High,Doctor,Medium
Student_364,20,Arts,35,61,54,88,85,Medium,3,Yes,Medium,No,Medium,Graphic Designer,Medium
Student_365,22,Arts,82,70,99,65,95,Medium,2,Yes,Medium,Yes,Low,Teacher,Medium
Student_366,19,Arts,47,64,93,87,64,Medium,9,Yes,Medium,Yes,Low,Lawyer,Medium
Student_367,18,Arts,58,81,90,79,82,High,8,Yes,High,No,Low,Doctor,High
Student_368,21,Commerce,55,77,73,31,90,High,4,Yes,Medium,Yes,Low,Business Manager,Medium
Student_369,22,Arts,40,81,57,37,90,Low,5,Yes,Low,Yes,High,Doctor,Low
Student_370,18,Commerce,61,39,90,58,44,Low,3,No,High,No,High,Business Manager,Medium
Student_371,20,Arts,90,51,49,75,88,Low,4,Yes,High,No,Low,Graphic Designer,High
Student_372,16,Science,89,52,72,48,43,High,10,No,Low,Yes,Medium,Mechanical Engineer,Low
Student_373,19,Arts,70,50,57,61,67,Medium,8,Yes,High,Yes,Medium,Mechanical Engineer,Medium
Student_374,16,Arts,69,94,74,86,68,Medium,10,Yes,Medium,No,High,Doctor,Medium
Student_375,19,Arts,96,41,51,52,85,High,6,Yes,Low,No,High,Mechanical Engineer,Medium
Student_376,20,Commerce,94,47,57,74,58,High,4,Yes,Medium,Yes,Medium,Business Manager,Medium
Student_377,22,Commerce,79,98,67,34,86,Low,10,No,Low,Yes,High,Doctor,Low
Student_378,17,Commerce,67,77,58,54,46,Low,1,Yes,Medium,No,Low,Business Manager,High
Student_379,21,Commerce,57,92,55,54,71,High,7,Yes,Low,No,High,Doctor,Medium
Student_380,18,Science,62,89,37,96,94,Medium,9,No,High,No,Medium,Doctor,Medium
Student_381,21,Commerce,74,86,96,55,74,Medium,5,No,Medium,Yes,Low,Doctor,Low
Student_382,22,Science,80,100,40,57,68,Low,7,Yes,Low,No,Low,Doctor,Medium
Student_383,16,Science,78,56,37,41,94,Medium,7,No,Medium,No,Low,Mechanical Engineer,Low
Student_384,22,Science,92,94,88,89,68,High,8,Yes,Low,No,High,Software Engineer,Medium
Student_385,16,Commerce,76,53,59,83,47,High,2,No,Low,Yes,Medium,Data Scientist,Medium
Student_386,21,Arts,73,43,36,90,80,Low,10,Yes,Low,No,High,Data Scientist,Medium
Student_387,19,Science,83,42,80,34,96,Low,4,Yes,Low,Yes,Low,Mechanical Engineer,Medium
Student_388,22,Commerce,91,95,82,40,80,High,2,Yes,Low,No,Medium,Doctor,Medium
Student_389,22,Science,75,67,71,74,96,Low,3,Yes,High,No,Medium,Graphic Designer,Medium
Student_390,19,Science,56,55,68,76,64,Medium,2,No,Low,Yes,Medium,Graphic Designer,Low
Student_391,17,Arts,98,40,83,45,55,Low,7,Yes,High,Yes,Low,Teacher,High
Student_392,21,Commerce,53,77,60,49,56,Low,8,No,Low,Yes,High,Business Manager,Low
Student_393,21,Commerce,75,93,62,67,83,High,9,No,Low,Yes,Medium,Doctor,Low
Student_394,17,Commerce,90,72,55,78,45,Low,3,Yes,Medium,Yes,Low,Data Scientist,Medium
Student_395,16,Arts,81,50,91,62,54,High,6,No,High,Yes,Medium,Lawyer,Medium
Student_396,22,Arts,38,50,92,63,77,High,1,No,Low,No,Low,Lawyer,Medium
Student_397,18,Commerce,84,46,79,97,59,High,1,Yes,Medium,Yes,Medium,Software Engineer,High
Student_398,22,Commerce,38,43,35,58,41,Low,6,No,Medium,No,High,Business Manager,Medium
Student_399,21,Arts,71,46,69,60,72,High,9,No,Medium,Yes,Medium,Mechanical Engineer,Low
Student_400,22,Commerce,83,50,67,100,81,High,5,Yes,High,No,High,Software Engineer,Medium
Student_401,17,Science,49,60,51,41,76,High,7,Yes,Medium,Yes,High,Mechanical Engineer,Low
Student_402,22,Arts,50,90,56,36,78,Low,10,No,Medium,Yes,Medium,Doctor,Low
Student_403,16,Commerce,46,74,75,100,42,High,3,Yes,Low,No,High,Business Manager,Medium
Student_404,22,Commerce,54,89,44,75,99,High,7,No,Low,Yes,High,Doctor,Low
Student_405,21,Arts,93,35,89,40,41,Low,5,No,Medium,No,Low,Teacher,Medium
Student_406,21,Arts,53,47,97,62,65,Low,5,No,Medium,Yes,Low,Lawyer,Low
Student_407,16,Science,53,97,87,82,78,Medium,5,No,High,Yes,Low,Doctor,Medium
Student_408,18,Science,98,45,94,43,48,Medium,6,Yes,Low,Yes,Medium,Mechanical Engineer,Medium
Student_409,18,Arts,36,94,52,96,59,High,4,No,Medium,No,High,Doctor,Medium
Student_410,17,Arts,50,91,66,63,61,High,1,No,High,Yes,Medium,Doctor,Medium
Student_411,17,Commerce,100,50,69,47,65,Medium,8,Yes,Low,No,Medium,Business Manager,Medium
Student_412,21,Commerce,68,62,52,68,68,Low,7,Yes,Low,No,High,Business Manager,Medium
Student_413,16,Arts,46,90,58,91,53,Medium,10,Yes,High,No,Low,Doctor,High
Student_414,21,Arts,79,86,97,53,64,Medium,7,No,Low,Yes,Low,Doctor,Low
Student_415,18,Commerce,67,67,41,61,80,Low,10,Yes,Low,Yes,Medium,Business Manager,Low
Student_416,20,Science,75,44,98,59,50,High,7,Yes,High,No,High,Mechanical Engineer,High
Student_417,20,Commerce,56,60,82,64,75,High,7,Yes,Medium,Yes,High,Business Manager,Low
Student_418,20,Commerce,47,61,47,40,69,High,10,No,High,Yes,Medium,Business Manager,Low
Student_419,17,Commerce,48,70,87,91,52,Low,1,Yes,High,Yes,High,Business Manager,High
Student_420,18,Arts,91,42,99,58,98,Low,5,No,High,No,Medium,Lawyer,Medium
Student_421,18,Commerce,85,55,46,63,86,High,7,No,Low,Yes,Low,Business Manager,Low
Student_422,19,Science,62,53,40,51,44,High,6,Yes,Medium,Yes,Medium,Mechanical Engineer,Medium
Student_423,16,Commerce,36,41,66,37,78,Low,8,No,High,No,Low,Business Manager,Medium
Student_424,17,Commerce,61,65,77,39,75,High,7,Yes,Medium,Yes,Medium,Business Manager,Low
Student_425,22,Arts,44,37,100,74,96,High,2,No,Low,Yes,Low,Teacher,Medium
Student_426,19,Arts,88,74,35,98,65,Medium,2,No,Low,No,Low,Software Engineer,Medium
Student_427,19,Science,85,77,84,31,60,High,4,No,Low,No,High,Mechanical Engineer,Low
Student_428,17,Science,82,67,94,92,67,High,7,Yes,High,Yes,Medium,Software Engineer,Medium
Student_429,22,Commerce,64,52,92,67,53,High,8,No,High,Yes,Low,Business Manager,Medium
Student_430,21,Science,70,78,81,81,98,Medium,6,No,Medium,Yes,Medium,Graphic Designer,Low
Student_431,22,Science,89,70,40,53,71,Low,6,Yes,High,Yes,High,Mechanical Engineer,Medium
Student_432,18,Commerce,64,51,54,44,86,Medium,8,Yes,Medium,Yes,Low,Business Manager,Medium
Student_433,22,Arts,57,63,54,41,74,High,4,No,High,No,Medium,Mechanical Engineer,Medium
Student_434,20,Commerce,69,35,92,87,42,Medium,3,Yes,High,No,High,Business Manager,High
Student_435,19,Arts,99,97,95,74,85,Medium,7,No,High,Yes,Medium,Doctor,Low
Student_436,22,Commerce,41,91,100,71,77,High,4,Yes,Low,Yes,Medium,Doctor,Low
Student_437,20,Commerce,81,77,65,74,78,High,1,No,Medium,No,Low,Business Manager,Medium
Student_438,20,Commerce,84,54,72,53,61,Medium,4,No,Low,No,Medium,Business Manager,Low
Student_439,17,Arts,47,53,95,95,44,Low,4,Yes,Low,No,Medium,Lawyer,Medium
Student_440,19,Science,54,79,60,61,62,High,6,Yes,Medium,Yes,High,Mechanical Engineer,Low
Student_441,19,Commerce,81,45,52,86,76,Low,6,Yes,Medium,Yes,High,Software Engineer,Low
Student_442,17,Arts,91,43,63,43,51,High,2,No,High,Yes,Low,Mechanical Engineer,High
Student_443,18,Science,75,92,59,92,68,High,10,No,High,No,Low,Software Engineer,Medium
Student_444,17,Science,78,47,44,64,98,High,10,No,Low,No,High,Mechanical Engineer,Low
Student_445,16,Arts,35,95,46,86,41,Medium,7,No,Low,No,Low,Doctor,Medium
Student_446,18,Commerce,58,84,93,35,98,Medium,7,Yes,Low,Yes,Medium,Doctor,Low
Student_447,18,Commerce,35,94,39,96,53,High,1,No,Medium,No,High,Doctor,Medium
Student_448,21,Science,76,73,70,39,58,Medium,5,Yes,Low,Yes,High,Mechanical Engineer,Medium
Student_449,20,Arts,38,64,83,97,44,Medium,5,No,Low,No,Medium,Lawyer,Medium
Student_450,17,Commerce,87,47,70,45,59,Low,4,Yes,Low,Yes,Medium,Business Manager,Medium
Student_451,21,Arts,63,73,87,81,99,Medium,1,No,High,No,Low,Teacher,High
Student_452,17,Commerce,81,92,81,39,70,Low,5,No,High,No,Medium,Doctor,Medium
Student_453,17,Science,68,37,46,48,75,High,9,Yes,Medium,Yes,Low,Mechanical Engineer,Medium
Student_454,16,Arts,48,65,48,68,92,Low,5,No,Medium,No,High,Mechanical Engineer,Low
Student_455,19,Arts,46,78,89,74,47,High,10,Yes,Low,No,Medium,Teacher,Medium
Student_456,20,Arts,85,60,58,51,47,Low,9,Yes,High,No,High,Mechanical Engineer,High
Student_457,19,Science,93,46,81,78,93,High,6,Yes,High,No,Medium,Data Scientist,Medium
Student_458,18,Science,42,57,36,69,43,High,9,Yes,Low,No,Medium,Mechanical Engineer,Medium
Student_459,16,Science,90,60,94,84,83,High,3,No,Low,Yes,Medium,Software Engineer,Low
Student_460,21,Commerce,35,47,52,91,44,High,6,No,High,Yes,Medium,Business Manager,Medium
Student_461,22,Science,54,96,75,91,41,High,6,Yes,Low,Yes,Low,Doctor,Medium
Student_462,17,Arts,57,55,97,41,69,Medium,1,No,Low,Yes,Low,Teacher,Medium
Student_463,19,Commerce,50,42,44,70,69,Medium,8,No,Low,Yes,Low,Business Manager,Low
Student_464,18,Arts,41,40,78,66,88,Medium,9,No,Medium,Yes,Low,Teacher,Low
Student_465,21,Science,100,75,85,57,78,Medium,5,No,Low,No,Low,Mechanical Engineer,Low
Student_466,19,Commerce,92,38,100,81,58,Low,6,Yes,Medium,No,High,Data Scientist,Medium
Student_467,20,Science,88,60,97,39,47,High,9,Yes,Low,No,Medium,Mechanical Engineer,Medium
Student_468,22,Commerce,83,61,70,65,45,High,3,No,High,No,Medium,Business Manager,Medium
Student_469,22,Commerce,96,52,69,88,68,Low,7,No,High,No,Medium,Software Engineer,Medium
Student_470,21,Commerce,92,95,87,64,66,Low,6,No,Medium,Yes,Low,Doctor,Low
Student_471,17,Science,48,39,92,57,50,Medium,7,Yes,High,Yes,High,Mechanical Engineer,High
Student_472,22,Science,74,79,40,59,99,Medium,7,Yes,High,Yes,Medium,Mechanical Engineer,Medium
Student_473,19,Commerce,65,68,40,59,83,Medium,7,No,Medium,No,High,Business Manager,Low
Student_474,16,Arts,74,54,57,46,73,High,3,Yes,Medium,Yes,High,Mechanical Engineer,Low
Student_475,18,Science,73,70,57,70,46,Low,2,Yes,High,No,Medium,Mechanical Engineer,High
Student_476,18,Science,47,47,99,93,96,Low,3,No,High,Yes,Low,Graphic Designer,Medium
Student_477,21,Commerce,91,66,81,53,90,Low,3,Yes,Medium,Yes,Low,Business Manager,Medium
Student_478,21,Arts,58,80,71,70,96,High,7,Yes,High,Yes,High,Mechanical Engineer,Medium
Student_479,19,Arts,59,43,76,51,42,Low,2,Yes,Medium,Yes,High,Lawyer,High
Student_480,17,Science,84,96,45,100,73,Low,3,No,High,Yes,Low,Data Scientist,Medium
Student_481,22,Commerce,71,85,91,30,61,Low,10,No,Low,No,Low,Doctor,Low
Student_482,16,Commerce,38,53,76,90,50,Medium,6,No,Low,No,Low,Business Manager,Medium
Student_483,18,Commerce,61,46,52,79,79,High,3,No,High,Yes,Medium,Business Manager,Low
Student_484,16,Commerce,89,88,89,65,76,High,7,Yes,High,No,High,Doctor,Medium
Student_485,17,Commerce,66,50,41,76,94,Medium,9,No,High,No,Medium,Business Manager,Medium
Student_486,16,Arts,51,74,98,53,73,Low,3,Yes,High,Yes,High,Lawyer,Medium
Student_487,21,Arts,61,84,78,57,63,Low,6,No,Low,No,Medium,Doctor,Low
Student_488,17,Commerce,62,72,79,58,79,Medium,10,Yes,High,Yes,Medium,Business Manager,Medium
Student_489,20,Arts,84,40,64,60,59,Low,3,Yes,High,No,High,Mechanical Engineer,High
Student_490,21,Science,95,70,46,86,91,Low,7,Yes,Medium,No,Low,Software Engineer,Medium
Student_491,17,Arts,99,66,37,37,58,Medium,9,No,High,No,Medium,Mechanical Engineer,Medium
Student_492,18,Science,94,77,79,36,55,High,9,Yes,High,Yes,High,Mechanical Engineer,High
Student_493,21,Arts,88,54,80,79,99,Low,6,Yes,Medium,Yes,High,Software Engineer,Low
Student_494,21,Science,46,49,35,92,88,Low,3,No,High,Yes,Medium,Graphic Designer,Low
Student_495,22,Commerce,73,45,62,55,56,High,7,No,Low,No,Medium,Business Manager,Medium
Student_496,22,Arts,60,61,38,71,68,Low,5,Yes,Medium,Yes,High,Graphic Designer,Low
Student_497,16,Arts,38,79,91,61,65,High,9,No,Medium,No,Medium,Teacher,Low
Student_498,18,Arts,43,94,78,63,98,Medium,1,Yes,Medium,Yes,Medium,Doctor,Medium
Student_499,16,Commerce,38,56,52,90,82,High,7,Yes,Low,No,Low,Business Manager,Medium
Student_500,22,Commerce,52,80,55,43,59,Medium,9,No,Low,No,High,Business Manager,Medium
Student_501,22,Commerce,91,89,76,40,48,Medium,2,Yes,Medium,Yes,Medium,Doctor,High
Student_502,19,Commerce,78,76,61,97,44,Low,9,No,Low,No,Low,Software Engineer,Medium
Student_503,21,Commerce,61,58,59,64,58,Medium,4,Yes,Medium,Yes,Medium,Business Manager,Medium
Student_504,16,Science,58,68,51,61,41,High,9,Yes,Medium,No,Low,Mechanical Engineer,High
Student_505,19,Commerce,94,51,84,76,48,Low,7,Yes,Medium,No,High,Software Engineer,Medium
Student_506,16,Commerce,61,84,54,65,62,Medium,3,No,Medium,No,Medium,Doctor,Low
Student_507,16,Commerce,98,70,96,51,41,High,7,No,High,No,Medium,Business Manager,Medium
Student_508,16,Science,50,48,75,52,62,Medium,3,Yes,High,Yes,Medium,Mechanical Engineer,Medium
Student_509,21,Commerce,85,54,49,80,57,High,7,Yes,Low,No,High,Data Scientist,Medium
Student_510,19,Science,68,64,45,36,85,Low,8,Yes,Medium,Yes,High,Mechanical Engineer,Low
Student_511,19,Science,55,76,83,49,100,High,8,Yes,Low,No,High,Mechanical Engineer,Medium
Student_512,20,Commerce,47,82,37,30,41,High,6,Yes,Low,Yes,High,Doctor,Medium
Student_513,21,Commerce,87,70,71,50,53,High,5,No,Low,No,Low,Business Manager,Medium
Student_514,22,Science,64,55,70,96,67,High,1,Yes,Medium,Yes,Medium,Graphic Designer,Medium
Student_515,21,Commerce,62,61,68,39,93,Medium,5,Yes,Low,Yes,Low,Business Manager,Medium
Student_516,16,Arts,100,54,70,85,68,High,2,No,Medium,No,Low,Software Engineer,Medium
Student_517,20,Science,51,50,80,57,53,High,4,Yes,Medium,No,Low,Mechanical Engineer,High
Student_518,16,Science,75,89,79,38,62,Medium,8,No,Medium,No,Low,Doctor,Low
Student_519,20,Commerce,58,85,42,38,59,Medium,1,No,Low,Yes,Medium,Doctor,Medium
Student_520,19,Arts,66,92,91,41,76,Low,9,No,High,Yes,High,Doctor,Low
Student_521,17,Commerce,87,95,43,86,85,Low,10,Yes,Low,Yes,High,Data Scientist,Low
Student_522,20,Science,70,93,84,72,72,Low,3,Yes,Medium,No,Medium,Doctor,Medium
Student_523,19,Science,76,35,46,76,77,High,9,No,Medium,Yes,Low,Software Engineer,Low
Student_524,16,Commerce,97,92,64,39,46,Low,1,No,Low,No,Medium,Doctor,Medium
Student_525,18,Science,70,88,66,81,53,High,4,No,Medium,No,High,Doctor,Medium
Student_526,19,Commerce,72,94,76,62,67,Low,7,Yes,Low,Yes,Medium,Doctor,Low
Student_527,22,Arts,57,49,78,75,55,Low,3,No,Medium,No,Medium,Teacher,Medium
Student_528,18,Commerce,76,39,38,90,92,Low,2,No,Low,No,High,Data Scientist,Medium
Student_529,16,Arts,61,81,36,40,51,High,4,Yes,Medium,No,Medium,Doctor,Medium
Student_530,19,Commerce,81,100,74,71,100,High,8,Yes,Low,No,High,Doctor,Medium
Student_531,22,Science,83,63,64,64,43,Low,1,Yes,Medium,Yes,Low,Mechanical Engineer,High
Student_532,16,Arts,51,53,53,96,42,Medium,6,No,Low,No,High,Graphic Designer,Medium
Student_533,16,Arts,88,41,78,40,89,Medium,5,Yes,Medium,No,Medium,Teacher,Medium
Student_534,21,Science,39,46,86,54,99,High,7,Yes,High,No,Medium,Mechanical Engineer,Medium
Student_535,17,Science,37,37,48,57,99,High,2,No,High,Yes,High,Mechanical Engineer,Medium
Student_536,18,Arts,66,51,53,90,85,Low,10,Yes,Medium,No,Low,Graphic Designer,Medium
Student_537,18,Science,72,91,76,41,88,High,2,Yes,Low,Yes,Low,Doctor,Medium
Student_538,16,Arts,85,90,84,47,46,High,2,No,Low,No,Low,Doctor,High
Student_539,17,Arts,81,52,66,91,47,Medium,4,No,Low,No,Low,Data Scientist,Medium
Student_540,19,Science,83,69,77,35,47,Medium,4,Yes,High,No,Medium,Mechanical Engineer,High
Student_541,20,Commerce,92,70,91,63,60,Medium,8,Yes,Medium,Yes,Low,Business Manager,Medium
Student_542,18,Arts,36,59,86,79,78,Low,1,No,Medium,Yes,Low,Teacher,Medium
Student_543,16,Science,36,86,38,88,92,High,4,Yes,High,No,High,Doctor,Medium
Student_544,21,Science,93,92,62,45,73,Medium,6,Yes,Medium,Yes,Medium,Doctor,Low
Student_545,19,Commerce,68,57,73,80,87,Medium,8,No,High,Yes,Medium,Business Manager,Low
Student_546,18,Arts,40,66,60,69,55,Low,8,Yes,Medium,No,Low,Mechanical Engineer,High
Student_547,17,Arts,94,60,98,65,88,Medium,1,No,Medium,No,Medium,Lawyer,Medium
Student_548,16,Arts,97,98,56,61,83,Low,2,No,Medium,No,High,Doctor,Medium
Student_549,18,Commerce,75,36,96,30,84,Medium,1,No,High,Yes,Medium,Business Manager,Medium
Student_550,22,Commerce,41,93,65,89,47,Medium,10,No,Low,No,Low,Doctor,Medium
Student_551,21,Arts,86,47,39,51,64,High,10,Yes,High,No,Low,Mechanical Engineer,High
Student_552,17,Science,53,55,100,85,78,Medium,6,No,Low,Yes,Low,Graphic Designer,Low
Student_553,18,Commerce,37,76,80,50,64,Medium,9,No,Low,No,Medium,Business Manager,Low
Student_554,21,Commerce,73,63,78,60,68,Medium,8,Yes,Low,No,Medium,Business Manager,Medium
Student_555,20,Science,88,79,75,57,91,Medium,4,Yes,Medium,Yes,Medium,Mechanical Engineer,Low
Student_556,18,Arts,35,42,64,42,63,High,10,Yes,Low,No,Low,Mechanical Engineer,Medium
Student_557,20,Arts,53,97,69,64,74,Medium,10,No,Low,No,Medium,Doctor,Low
Student_558,21,Commerce,62,83,99,64,92,Low,9,No,High,No,Low,Doctor,Medium
Student_559,21,Science,45,48,91,42,70,Low,8,Yes,Low,No,High,Mechanical Engineer,Medium
Student_560,18,Arts,98,39,62,36,41,Low,3,No,High,Yes,Medium,Mechanical Engineer,Medium
Student_561,18,Commerce,64,79,67,76,95,Medium,1,No,Low,Yes,Low,Business Manager,Medium
Student_562,19,Science,90,36,79,51,88,High,10,Yes,Medium,Yes,Low,Mechanical Engineer,Medium
Student_563,19,Commerce,87,76,43,36,84,Low,7,Yes,Medium,No,Medium,Business Manager,Medium
Student_564,20,Science,99,80,97,96,85,Low,2,Yes,High,Yes,High,Data Scientist,High
Student_565,18,Commerce,39,64,78,72,46,High,10,No,High,Yes,Medium,Business Manager,Medium
Student_566,17,Science,90,56,99,69,49,Medium,2,Yes,Medium,No,Low,Mechanical Engineer,High
Student_567,19,Science,91,83,41,42,45,Low,6,Yes,Low,Yes,Low,Doctor,Medium
Student_568,17,Science,57,91,46,57,90,Medium,6,Yes,High,Yes,High,Doctor,Medium
Student_569,20,Science,87,90,53,59,67,Medium,5,No,Medium,Yes,Medium,Doctor,Low
Student_570,18,Arts,63,46,41,93,93,Low,3,Yes,High,Yes,High,Graphic Designer,Medium
Student_571,16,Commerce,87,80,43,55,42,Low,3,No,Medium,Yes,Low,Business Manager,Medium
Student_572,19,Commerce,57,57,97,45,99,Low,7,Yes,Low,No,High,Business Manager,Medium
Student_573,18,Commerce,94,76,99,73,67,Low,5,No,Medium,Yes,Medium,Business Manager,Low
Student_574,17,Commerce,46,41,82,62,60,High,2,No,Medium,No,Medium,Business Manager,Medium
Student_575,21,Arts,45,53,100,39,87,Medium,1,Yes,Low,No,Medium,Teacher,Medium
Student_576,22,Arts,89,93,35,69,40,Medium,9,Yes,High,No,High,Doctor,High
Student_577,22,Commerce,100,46,53,91,68,Low,4,No,Low,Yes,High,Data Scientist,Low
Student_578,16,Commerce,68,72,37,41,70,Low,2,No,Medium,No,Medium,Business Manager,Medium
Student_579,20,Commerce,66,73,70,40,41,High,4,No,Low,No,High,Business Manager,Medium
Student_580,19,Commerce,53,79,41,78,83,Low,8,Yes,High,Yes,Low,Business Manager,Medium
Student_581,17,Science,44,68,65,67,53,Medium,7,Yes,Medium,Yes,High,Mechanical Engineer,Medium
Student_582,20,Arts,86,100,89,53,85,High,4,No,Medium,Yes,High,Doctor,Low
Student_583,16,Science,90,75,53,71,55,Low,8,No,High,Yes,High,Graphic Designer,Medium
Student_584,20,Science,93,73,47,98,70,High,8,No,High,No,Medium,Data Scientist,Medium
Student_585,21,Commerce,69,100,62,83,99,Medium,7,No,High,No,High,Doctor,Medium
Student_586,17,Arts,94,82,53,95,98,Medium,8,Yes,Low,Yes,High,Software Engineer,Low
Student_587,19,Arts,58,90,73,84,41,High,9,Yes,High,Yes,Low,Doctor,High
Student_588,20,Science,91,50,98,37,76,High,1,No,High,No,Low,Mechanical Engineer,High
Student_589,18,Science,49,46,94,74,76,High,10,No,Low,Yes,Low,Graphic Designer,Low
Student_590,17,Commerce,80,59,98,86,50,High,1,No,High,No,High,Software Engineer,High
Student_591,18,Arts,61,90,52,95,67,High,7,No,High,No,Low,Doctor,Medium
Student_592,20,Commerce,37,48,70,97,86,High,6,No,Low,No,Medium,Business Manager,Low
Student_593,21,Arts,67,50,35,66,54,Low,6,No,High,No,Low,Mechanical Engineer,High
Student_594,17,Arts,85,88,41,53,85,Low,10,No,Medium,Yes,Low,Doctor,Low
Student_595,22,Commerce,67,60,48,54,73,Medium,6,No,Low,Yes,Medium,Business Manager,Low
Student_596,16,Commerce,56,55,51,94,91,High,5,No,Medium,No,High,Business Manager,Low
Student_597,22,Commerce,48,64,45,96,70,High,4,No,High,Yes,Low,Business Manager,Medium
Student_598,22,Arts,49,40,37,85,43,Low,7,No,Medium,Yes,Medium,Graphic Designer,Low
Student_599,18,Science,52,63,87,65,47,Low,8,Yes,Medium,Yes,Low,Mechanical Engineer,Medium
Student_600,22,Commerce,83,56,95,73,87,Medium,9,Yes,Low,No,Low,Business Manager,Medium
Student_601,20,Arts,69,54,62,97,43,High,2,Yes,Low,Yes,High,Graphic Designer,High
Student_602,16,Commerce,66,77,64,75,74,Medium,4,Yes,Medium,Yes,Medium,Business Manager,Low
Student_603,19,Arts,76,85,94,67,70,Low,8,No,Medium,Yes,Medium,Doctor,Low
Student_604,18,Commerce,95,85,86,47,72,Low,1,Yes,Low,Yes,Low,Doctor,Medium
Student_605,16,Arts,37,97,59,100,91,High,8,Yes,Low,No,High,Doctor,Medium
Student_606,16,Science,84,87,37,86,49,Low,5,Yes,High,No,Medium,Software Engineer,High
Student_607,17,Arts,47,40,98,83,40,Medium,2,No,Low,No,High,Lawyer,Medium
Student_608,17,Commerce,54,52,52,61,59,Low,4,No,High,Yes,High,Business Manager,Medium
Student_609,19,Science,88,53,92,77,75,Low,8,Yes,Medium,Yes,Low,Data Scientist,Medium
Student_610,16,Arts,82,52,78,55,49,High,10,Yes,Low,No,Medium,Teacher,Medium
Student_611,21,Arts,46,79,98,46,96,Low,2,Yes,Low,Yes,Low,Lawyer,Medium
Student_612,19,Science,90,100,58,54,57,Low,10,Yes,High,No,High,Doctor,High
Student_613,18,Arts,73,45,43,68,89,Low,4,Yes,Low,No,Low,Mechanical Engineer,Medium
Student_614,22,Science,76,90,58,41,71,Low,3,Yes,Low,No,Low,Doctor,Medium
Student_615,20,Commerce,40,84,79,32,66,Medium,9,No,Medium,Yes,High,Doctor,Low
Student_616,16,Science,94,44,36,70,61,High,6,No,High,Yes,High,Mechanical Engineer,Low
Student_617,22,Commerce,59,82,73,76,64,Medium,7,No,Low,No,Low,Doctor,Low
Student_618,18,Arts,75,75,97,53,59,Medium,5,Yes,High,Yes,Low,Lawyer,High
Student_619,17,Science,75,85,49,46,40,Low,9,Yes,High,Yes,Medium,Doctor,High
Student_620,21,Arts,59,43,67,73,50,Low,8,No,Low,No,Medium,Graphic Designer,Medium
Student_621,16,Arts,50,35,62,59,70,High,2,No,High,No,Low,Mechanical Engineer,High
Student_622,22,Science,88,39,38,49,100,Medium,2,Yes,High,Yes,Low,Mechanical Engineer,High
Student_623,20,Science,96,61,58,62,70,High,3,No,Medium,Yes,Medium,Mechanical Engineer,Low
Student_624,16,Commerce,52,41,36,83,51,High,5,No,High,Yes,Low,Business Manager,Medium
Student_625,18,Commerce,84,43,37,32,45,Medium,2,No,Low,Yes,High,Business Manager,Medium
Student_626,19,Science,99,42,87,50,54,Low,6,Yes,Medium,No,Medium,Mechanical Engineer,Medium
Student_627,16,Commerce,76,36,95,91,43,Low,1,No,Low,No,High,Data Scientist,Medium
Student_628,20,Arts,74,76,76,89,93,Low,8,No,Low,No,Medium,Software Engineer,Low
Student_629,17,Science,44,60,94,88,82,Medium,10,Yes,Low,Yes,Medium,Graphic Designer,Low
Student_630,19,Commerce,47,91,54,32,59,Low,4,No,Low,No,Low,Doctor,Medium
Student_631,20,Commerce,98,72,37,48,60,Low,10,No,High,No,High,Business Manager,Medium
Student_632,19,Arts,79,87,64,67,57,Medium,9,Yes,Low,Yes,High,Doctor,Medium
Student_633,21,Commerce,55,45,87,77,91,Low,4,No,Medium,No,Medium,Business Manager,Low
Student_634,22,Commerce,84,87,57,80,71,Low,1,Yes,Medium,Yes,High,Software Engineer,Medium
Student_635,22,Science,50,74,94,32,84,Low,1,Yes,Low,No,High,Mechanical Engineer,Medium
Student_636,22,Science,46,35,49,92,47,Low,5,No,High,No,Medium,Graphic Designer,Medium
Student_637,22,Arts,70,88,42,41,73,Medium,4,No,Medium,No,High,Doctor,Low
Student_638,20,Science,55,100,78,37,53,High,2,No,Medium,No,Low,Doctor,High
Student_639,22,Commerce,47,44,47,100,49,Low,6,No,Medium,No,Medium,Business Manager,Medium
Student_640,20,Science,61,90,71,36,67,Medium,7,No,Medium,Yes,Low,Doctor,Low
Student_641,16,Arts,99,37,61,58,76,High,2,No,Medium,Yes,Medium,Mechanical Engineer,Low
Student_642,20,Commerce,57,46,37,74,57,High,1,Yes,Medium,No,Medium,Business Manager,High
Student_643,19,Arts,44,41,68,64,42,Medium,6,Yes,Low,No,Low,Mechanical Engineer,High
Student_644,20,Science,76,94,41,66,81,Medium,8,No,High,No,High,Doctor,Medium
Student_645,22,Arts,50,70,72,91,73,Medium,2,Yes,Medium,No,High,Graphic Designer,Medium
Student_646,16,Arts,95,97,51,77,65,High,2,Yes,Low,Yes,Low,Data Scientist,Medium
Student_647,16,Commerce,37,82,56,53,61,Low,5,Yes,Low,Yes,Low,Doctor,Medium
Student_648,20,Science,88,48,71,60,40,High,1,No,Low,No,High,Mechanical Engineer,Medium
Student_649,21,Science,94,56,97,50,91,High,7,Yes,Medium,Yes,High,Mechanical Engineer,Low
Student_650,19,Science,45,39,89,81,98,Medium,10,Yes,High,No,Medium,Graphic Designer,Medium
Student_651,22,Commerce,89,39,60,89,81,High,1,Yes,Low,No,High,Data Scientist,Medium
Student_652,16,Arts,77,67,46,62,46,Medium,7,Yes,Medium,Yes,High,Mechanical Engineer,Medium
Student_653,21,Arts,75,78,53,86,64,Medium,6,No,Low,Yes,Medium,Data Scientist,Low
Student_654,16,Arts,47,52,63,94,51,Low,6,No,High,Yes,Low,Graphic Designer,Medium
Student_655,22,Arts,86,62,79,89,88,High,6,No,High,Yes,High,Data Scientist,Low
Student_656,16,Arts,95,89,73,100,66,High,1,Yes,High,Yes,Low,Software Engineer,High
Student_657,20,Science,36,40,73,90,72,Medium,4,No,Medium,Yes,Low,Graphic Designer,Low
Student_658,22,Commerce,75,83,52,53,66,High,10,No,Low,No,Medium,Doctor,Low
Student_659,22,Science,60,84,43,31,79,Low,3,No,High,Yes,Medium,Doctor,Low
Student_660,21,Arts,76,48,84,85,55,High,2,Yes,Medium,No,Medium,Data Scientist,High
Student_661,22,Commerce,43,83,47,71,43,Low,3,Yes,Low,Yes,High,Doctor,Medium
Student_662,20,Arts,39,38,100,83,55,High,6,No,High,Yes,High,Teacher,Medium
Student_663,17,Science,67,95,74,39,60,High,2,No,Medium,No,Medium,Doctor,Medium
Student_664,18,Arts,43,44,35,70,40,Low,10,Yes,High,No,Low,Mechanical Engineer,High
Student_665,16,Science,96,78,79,38,52,Medium,6,Yes,Low,Yes,Medium,Mechanical Engineer,Medium
Student_666,17,Science,72,50,74,88,94,High,2,No,Medium,No,Medium,Software Engineer,Medium
Student_667,16,Commerce,48,51,55,84,52,Medium,5,Yes,Medium,No,Low,Business Manager,High
Student_668,22,Commerce,89,76,69,39,96,High,8,Yes,Medium,No,High,Business Manager,Medium
Student_669,16,Science,53,35,52,82,43,Low,1,Yes,Medium,Yes,Low,Graphic Designer,High
Student_670,19,Science,60,49,60,84,79,Medium,5,Yes,Medium,No,Low,Graphic Designer,Medium
Student_671,20,Commerce,83,36,61,34,50,Medium,10,Yes,Medium,Yes,Low,Business Manager,Medium
Student_672,20,Arts,78,36,98,37,76,Medium,1,Yes,Low,No,Medium,Lawyer,Medium
Student_673,19,Arts,50,97,39,48,44,High,3,No,Medium,No,High,Doctor,Medium
Student_674,18,Arts,84,58,76,65,89,Medium,10,No,Medium,Yes,Low,Lawyer,Low
Student_675,17,Arts,37,49,95,77,43,High,6,No,Low,No,Low,Lawyer,Medium
Student_676,16,Arts,37,51,46,81,56,Low,4,No,High,Yes,Low,Graphic Designer,Medium
Student_677,20,Commerce,58,44,80,88,81,Low,4,Yes,High,Yes,High,Business Manager,Medium
Student_678,22,Arts,68,41,48,69,77,High,9,No,High,No,High,Mechanical Engineer,Medium
Student_679,17,Commerce,79,66,41,37,74,Low,3,Yes,Low,Yes,Low,Business Manager,Medium
Student_680,19,Science,53,89,55,33,56,Medium,2,Yes,High,Yes,Medium,Doctor,High
Student_681,17,Science,49,72,43,97,53,Medium,7,Yes,Low,Yes,Low,Graphic Designer,Medium
Student_682,21,Science,57,66,51,60,90,High,2,Yes,Low,Yes,Medium,Mechanical Engineer,Medium
Student_683,22,Arts,42,53,82,59,72,High,6,Yes,High,No,High,Lawyer,Medium
Student_684,17,Arts,70,95,59,45,47,Medium,2,No,Medium,Yes,Medium,Doctor,Medium
Student_685,20,Arts,71,64,76,60,57,High,7,No,Low,No,Medium,Teacher,Medium
Student_686,20,Arts,68,53,50,35,49,Low,4,Yes,Medium,No,High,Mechanical Engineer,Medium
Student_687,17,Commerce,93,88,59,83,50,High,2,Yes,Medium,No,Medium,Data Scientist,High
Student_688,18,Commerce,85,81,77,51,42,Low,10,No,Low,Yes,Low,Doctor,Medium
Student_689,18,Arts,54,47,93,84,93,Low,4,Yes,Low,No,Low,Teacher,Medium
Student_690,20,Science,85,93,87,45,65,Low,2,Yes,High,No,High,Doctor,High
Student_691,20,Science,47,57,81,69,65,High,4,No,High,Yes,Low,Mechanical Engineer,Medium
Student_692,20,Arts,36,82,89,55,71,Low,1,No,Low,No,Low,Doctor,Medium
Student_693,22,Arts,82,74,38,61,99,Low,9,No,High,No,High,Mechanical Engineer,Medium
Student_694,18,Science,51,51,72,57,56,High,10,No,High,No,High,Mechanical Engineer,Medium
Student_695,17,Arts,100,81,39,56,98,Medium,8,No,Low,Yes,Low,Doctor,Low
Student_696,19,Arts,73,39,72,68,54,Low,5,No,High,Yes,Medium,Mechanical Engineer,Medium
Student_697,18,Commerce,48,72,78,32,96,High,2,No,High,Yes,Low,Business Manager,Medium
Student_698,16,Arts,86,35,72,71,77,Medium,4,Yes,Medium,Yes,Medium,Graphic Designer,Low
Student_699,21,Arts,48,48,87,45,61,High,9,Yes,High,No,Medium,Teacher,Medium
Student_700,17,Arts,74,57,95,47,98,High,2,No,High,No,Medium,Teacher,Medium
Student_701,17,Commerce,100,42,47,59,55,Low,5,No,Low,Yes,Medium,Business Manager,Low
Student_702,22,Science,80,94,41,37,79,Medium,3,Yes,High,No,Medium,Doctor,Medium
Student_703,21,Arts,66,36,60,40,43,High,7,Yes,High,No,Low,Mechanical Engineer,High
Student_704,18,Arts,96,58,41,73,65,High,2,No,High,Yes,Medium,Graphic Designer,Medium
Student_705,20,Science,89,58,72,92,85,High,9,Yes,Low,No,High,Software Engineer,Medium
Student_706,22,Science,96,68,64,85,96,Medium,9,No,High,No,Low,Software Engineer,Medium
Student_707,22,Science,88,92,63,86,73,Medium,3,No,Low,Yes,Low,Data Scientist,Low
Student_708,20,Arts,51,84,52,91,63,High,7,No,Medium,Yes,High,Doctor,Low
Student_709,18,Science,65,39,89,88,79,Low,3,No,High,No,Low,Graphic Designer,Medium
Student_710,19,Science,35,82,100,86,82,Low,8,Yes,Low,Yes,High,Doctor,Low
Student_711,22,Science,37,50,51,32,73,High,7,Yes,Medium,No,Medium,Mechanical Engineer,Medium
Student_712,20,Commerce,58,74,67,51,54,Medium,5,No,High,No,Medium,Business Manager,Medium
Student_713,21,Arts,57,66,50,68,98,Medium,4,No,High,Yes,High,Mechanical Engineer,Low
Student_714,18,Arts,93,69,70,38,47,Medium,2,No,Low,Yes,Medium,Mechanical Engineer,Medium
Student_715,18,Commerce,64,57,69,30,51,Medium,2,No,Medium,Yes,High,Business Manager,Medium
Student_716,18,Science,66,61,51,37,100,Low,2,Yes,High,Yes,Low,Mechanical Engineer,High
Student_717,18,Arts,67,58,79,86,61,High,7,No,High,Yes,High,Lawyer,Low
Student_718,18,Arts,55,44,69,83,65,Low,10,No,Low,Yes,High,Graphic Designer,Low
Student_719,16,Science,63,38,86,31,45,Medium,4,No,Medium,No,High,Mechanical Engineer,Medium
Student_720,17,Commerce,85,47,51,49,92,High,4,Yes,High,No,Medium,Business Manager,Medium
Student_721,18,Commerce,45,35,65,84,61,High,4,No,High,Yes,Medium,Business Manager,Low
Student_722,18,Science,36,62,48,41,68,Low,4,Yes,High,Yes,Low,Mechanical Engineer,Medium
Student_723,16,Science,37,74,60,99,86,High,7,No,High,Yes,High,Graphic Designer,Low
Student_724,18,Arts,72,52,66,100,73,Low,5,No,Low,No,Low,Software Engineer,Low
Student_725,18,Science,54,44,99,41,93,High,4,No,High,Yes,High,Mechanical Engineer,Low
Student_726,20,Commerce,44,66,35,71,70,Low,8,No,Medium,Yes,High,Business Manager,Low
Student_727,22,Arts,56,76,73,97,48,Medium,2,Yes,Medium,Yes,High,Graphic Designer,High
Student_728,20,Arts,49,38,50,45,88,Medium,1,Yes,High,No,Medium,Mechanical Engineer,High
Student_729,22,Science,81,66,82,44,83,Low,3,Yes,Medium,No,Medium,Mechanical Engineer,Medium
Student_730,20,Arts,77,58,85,83,81,Medium,8,No,Low,Yes,Low,Data Scientist,Low
Student_731,19,Commerce,53,62,78,68,58,Low,1,No,Low,Yes,High,Business Manager,Medium
Student_732,20,Science,84,68,54,32,95,High,10,Yes,High,No,High,Mechanical Engineer,Medium
Student_733,16,Commerce,53,86,96,38,52,High,9,No,Medium,No,Low,Doctor,Medium
Student_734,16,Commerce,39,54,90,66,40,High,8,No,Medium,Yes,Medium,Business Manager,Low
Student_735,17,Science,88,98,74,90,65,Medium,7,Yes,High,No,Low,Software Engineer,High
Student_736,16,Commerce,80,43,85,100,56,High,2,Yes,Medium,No,High,Software Engineer,High
Student_737,18,Commerce,56,69,70,86,93,Medium,6,No,Low,No,Low,Business Manager,Low
Student_738,22,Arts,47,68,63,72,68,High,2,No,Low,No,Low,Graphic Designer,Medium
Student_739,18,Arts,67,40,36,91,54,Medium,5,Yes,Low,No,Low,Graphic Designer,High
Student_740,16,Arts,99,84,98,92,64,High,10,Yes,Medium,No,High,Software Engineer,Medium
Student_741,18,Science,38,54,83,91,82,Medium,7,Yes,High,No,High,Graphic Designer,Medium
Student_742,19,Arts,41,51,64,73,55,Low,4,Yes,High,No,High,Graphic Designer,High
Student_743,17,Commerce,53,76,46,75,85,High,2,No,Low,No,Medium,Business Manager,Medium
Student_744,18,Arts,77,46,43,83,42,Medium,2,No,Low,Yes,High,Data Scientist,Medium
Student_745,19,Arts,51,87,96,64,70,Medium,5,Yes,Medium,No,Medium,Doctor,Medium
Student_746,20,Commerce,89,88,40,79,51,Low,2,No,Medium,No,Medium,Software Engineer,Medium
Student_747,22,Science,87,64,100,79,63,Low,5,Yes,Low,Yes,Medium,Software Engineer,Low
Student_748,22,Arts,45,44,48,60,68,Medium,5,Yes,Low,No,Medium,Mechanical Engineer,Medium
Student_749,17,Commerce,86,54,80,97,62,High,9,No,Medium,No,Low,Software Engineer,Low
Student_750,19,Arts,71,91,47,60,81,Low,6,No,High,No,Medium,Doctor,Medium
Student_751,19,Commerce,92,36,40,74,81,Medium,10,No,Medium,No,Medium,Business Manager,Low
Student_752,18,Arts,46,96,54,31,86,High,6,No,Medium,No,High,Doctor,Low
Student_753,20,Science,92,73,92,37,77,Low,5,Yes,High,No,High,Mechanical Engineer,Medium
Student_754,18,Science,95,79,50,92,49,Medium,10,No,Medium,No,High,Software Engineer,Medium
Student_755,18,Commerce,67,57,59,77,69,Medium,7,No,Medium,No,Medium,Business Manager,Low
Student_756,19,Science,49,80,67,91,77,High,7,Yes,Medium,No,High,Graphic Designer,Medium
Student_757,19,Commerce,52,57,97,48,79,Low,4,Yes,Medium,No,Medium,Business Manager,Medium
Student_758,18,Arts,80,79,88,67,79,High,9,Yes,Low,No,Medium,Teacher,Medium
Student_759,21,Science,37,45,90,51,55,Medium,4,Yes,Medium,Yes,Medium,Mechanical Engineer,Medium
Student_760,20,Science,74,55,57,49,60,Medium,8,Yes,High,No,Medium,Mechanical Engineer,Medium
Student_761,22,Commerce,76,91,98,69,77,Medium,5,Yes,Medium,No,Medium,Doctor,Medium
Student_762,22,Commerce,60,50,42,48,66,Low,6,Yes,Low,No,High,Business Manager,Medium
Student_763,20,Science,38,89,60,81,61,Low,5,Yes,Medium,No,High,Doctor,Medium
Student_764,18,Science,100,48,95,71,51,Low,8,Yes,High,No,Medium,Graphic Designer,High
Student_765,19,Arts,100,36,97,94,42,Low,3,No,Medium,No,Low,Software Engineer,Medium
Student_766,20,Science,65,90,93,76,79,Medium,4,No,Medium,No,High,Doctor,Low
Student_767,19,Arts,51,82,88,99,72,Medium,9,Yes,Low,Yes,Low,Doctor,Medium
Student_768,22,Science,74,53,59,64,86,Low,9,No,Low,Yes,High,Mechanical Engineer,Low
Student_769,16,Science,68,72,89,38,91,Low,1,No,High,Yes,Low,Mechanical Engineer,Medium
Student_770,18,Commerce,73,43,39,47,52,Low,2,Yes,Low,Yes,High,Business Manager,High
Student_771,21,Arts,36,69,53,78,52,Low,4,No,High,No,High,Graphic Designer,Medium
Student_772,22,Arts,69,36,71,54,71,Low,2,Yes,Low,Yes,Medium,Mechanical Engineer,Medium
Student_773,22,Commerce,74,60,97,84,69,High,1,No,High,No,Low,Software Engineer,High
Student_774,18,Science,87,65,52,82,90,Low,8,No,High,Yes,Medium,Software Engineer,Low
Student_775,17,Commerce,85,73,63,31,100,Low,5,Yes,High,No,High,Business Manager,Medium
Student_776,21,Science,93,60,70,32,53,Medium,8,Yes,High,Yes,Medium,Mechanical Engineer,High
Student_777,16,Arts,86,62,65,68,76,Low,10,No,Medium,No,Medium,Mechanical Engineer,Low
Student_778,20,Arts,65,80,41,84,66,High,4,No,Low,Yes,High,Graphic Designer,Low
Student_779,21,Arts,88,98,36,64,54,High,10,Yes,Medium,No,High,Doctor,Medium
Student_780,16,Arts,45,77,36,36,45,High,6,Yes,Low,Yes,Low,Mechanical Engineer,Medium
Student_781,17,Commerce,58,55,50,42,67,Low,7,Yes,Medium,Yes,Medium,Business Manager,Low
Student_782,21,Science,59,72,87,59,52,Medium,4,No,Low,No,Low,Mechanical Engineer,Medium
Student_783,21,Commerce,67,72,64,72,81,Medium,8,No,Low,No,High,Business Manager,Low
Student_784,20,Arts,35,77,86,70,52,Low,6,Yes,High,No,Low,Teacher,High
Student_785,18,Commerce,67,55,77,45,73,Medium,10,Yes,Medium,Yes,High,Business Manager,Low
Student_786,19,Commerce,60,70,94,61,100,Medium,9,No,High,No,Low,Business Manager,Medium
Student_787,18,Commerce,42,53,67,94,65,Low,3,No,Low,Yes,High,Business Manager,Low
Student_788,22,Science,65,62,97,39,43,High,9,No,High,No,Medium,Mechanical Engineer,Medium
Student_789,22,Commerce,89,41,71,69,90,Medium,3,No,Low,No,Low,Business Manager,Low
Student_790,19,Science,43,65,41,67,72,High,2,Yes,Low,No,Medium,Mechanical Engineer,Medium
Student_791,16,Science,65,100,73,47,40,Medium,7,No,Medium,No,Low,Doctor,Medium
Student_792,20,Arts,40,98,98,71,48,Low,7,No,Medium,No,Low,Doctor,Medium
Student_793,17,Arts,63,69,73,35,97,High,5,No,Low,Yes,High,Mechanical Engineer,Low
Student_794,18,Science,62,92,80,67,67,High,10,No,Low,No,High,Doctor,Low
Student_795,16,Commerce,86,86,84,85,90,Low,8,Yes,Low,Yes,High,Data Scientist,Low
Student_796,22,Commerce,75,48,38,34,48,Medium,5,No,Medium,Yes,High,Business Manager,Low
Student_797,17,Science,77,83,80,56,100,Medium,1,Yes,High,Yes,Medium,Doctor,High
Student_798,19,Commerce,47,85,47,97,83,High,3,Yes,High,Yes,Medium,Doctor,Medium
Student_799,16,Arts,90,99,87,69,82,Low,2,Yes,Medium,Yes,Medium,Doctor,Medium
Student_800,18,Science,92,97,53,46,74,Medium,3,Yes,Medium,Yes,Low,Doctor,Medium
Student_801,21,Arts,40,54,56,63,91,Low,6,No,Medium,Yes,High,Mechanical Engineer,Low
Student_802,20,Arts,46,35,43,86,77,Low,1,Yes,High,No,High,Graphic Designer,High
Student_803,17,Commerce,35,94,77,92,52,High,4,No,Medium,No,High,Doctor,Medium
Student_804,21,Arts,37,59,47,88,58,Low,3,No,Medium,No,High,Graphic Designer,Medium
Student_805,18,Commerce,60,86,86,77,90,Medium,10,No,Low,Yes,High,Doctor,Low
Student_806,19,Science,60,92,89,70,45,Low,3,Yes,Medium,No,High,Doctor,Medium
Student_807,19,Arts,70,41,83,90,73,High,2,Yes,High,No,Medium,Teacher,High
Student_808,20,Science,46,57,78,97,76,High,10,Yes,High,Yes,High,Graphic Designer,Medium
Student_809,21,Arts,95,86,59,69,64,Medium,6,Yes,Medium,No,Low,Doctor,Medium
Student_810,21,Arts,82,83,81,96,96,Low,3,Yes,High,Yes,Medium,Data Scientist,Medium
Student_811,17,Science,64,85,54,44,69,Low,9,No,Low,No,High,Doctor,Low
Student_812,18,Science,76,39,91,73,89,Low,1,No,Low,No,Medium,Graphic Designer,Medium
Student_813,22,Commerce,76,56,46,72,65,Medium,6,No,Low,Yes,Low,Business Manager,Low
Student_814,17,Science,48,36,38,53,98,Medium,10,No,Low,Yes,Medium,Mechanical Engineer,Low
Student_815,21,Science,59,97,41,58,47,Low,7,Yes,Medium,No,Medium,Doctor,Medium
Student_816,16,Arts,91,78,88,93,48,High,4,Yes,High,No,Medium,Software Engineer,High
Student_817,22,Arts,60,37,49,74,78,High,3,Yes,Low,Yes,Low,Graphic Designer,Medium
Student_818,20,Arts,93,63,100,80,77,Low,9,No,Low,No,Medium,Software Engineer,Low
Student_819,16,Science,36,74,63,66,70,High,1,Yes,Medium,Yes,Low,Mechanical Engineer,Medium
Student_820,18,Science,39,56,97,73,42,Medium,5,No,Low,No,High,Graphic Designer,Medium
Student_821,21,Commerce,45,95,68,37,51,High,6,Yes,High,No,Medium,Doctor,High
Student_822,21,Arts,37,76,60,52,46,Medium,3,Yes,High,Yes,High,Mechanical Engineer,High
Student_823,18,Science,57,72,68,56,58,High,1,No,Medium,Yes,Low,Mechanical Engineer,Medium
Student_824,22,Commerce,75,51,71,86,70,Medium,6,No,Medium,No,Medium,Software Engineer,Low
Student_825,19,Commerce,75,64,39,94,63,Low,9,No,Medium,No,Low,Software Engineer,Low
Student_826,21,Arts,40,84,43,88,76,High,7,Yes,Low,Yes,Low,Doctor,Medium
Student_827,17,Arts,76,94,82,96,53,Low,7,Yes,Low,No,Medium,Software Engineer,Medium
Student_828,18,Arts,69,100,57,54,56,Low,6,Yes,High,No,Low,Doctor,High
Student_829,16,Arts,64,65,63,31,53,High,8,No,Low,No,Medium,Mechanical Engineer,Medium
Student_830,21,Commerce,95,39,54,66,86,Medium,9,No,Medium,Yes,Medium,Business Manager,Low
Student_831,20,Science,67,93,56,66,83,High,6,Yes,Medium,Yes,High,Doctor,Low
Student_832,21,Commerce,74,41,37,46,52,Low,7,Yes,High,No,Low,Business Manager,High
Student_833,20,Commerce,53,70,38,44,49,High,3,No,High,No,Medium,Business Manager,Medium
Student_834,17,Science,41,54,97,73,75,Low,5,Yes,Low,Yes,Low,Graphic Designer,Medium
Student_835,21,Arts,56,48,59,79,81,Medium,9,No,Low,No,High,Graphic Designer,Low
Student_836,16,Commerce,41,46,67,55,69,Low,2,Yes,Low,Yes,Medium,Business Manager,Medium
Student_837,21,Science,84,67,64,61,67,High,10,No,Medium,No,High,Mechanical Engineer,Low
Student_838,22,Arts,81,37,66,100,98,High,4,Yes,Medium,Yes,High,Software Engineer,Low
Student_839,22,Science,83,55,82,64,77,High,9,Yes,Low,No,Medium,Mechanical Engineer,Medium
Student_840,16,Arts,91,89,40,75,97,Medium,2,No,High,No,Low,Doctor,High
Student_841,21,Science,35,74,49,48,57,Low,6,No,Low,Yes,High,Mechanical Engineer,Low
Student_842,21,Science,65,86,90,70,78,Medium,2,No,Medium,Yes,Low,Doctor,Medium
Student_843,19,Arts,47,79,59,89,50,High,8,No,High,No,High,Graphic Designer,Medium
Student_844,18,Science,46,48,51,55,54,High,5,No,High,Yes,Medium,Mechanical Engineer,Medium
Student_845,19,Arts,39,56,99,79,49,High,3,No,High,Yes,Medium,Teacher,Medium
Student_846,22,Commerce,81,50,59,69,86,Medium,6,No,Medium,Yes,Low,Business Manager,Low
Student_847,18,Arts,73,43,100,44,90,Low,4,Yes,Medium,No,Medium,Teacher,Medium
Student_848,20,Science,72,98,79,45,60,Low,4,No,High,Yes,High,Doctor,Low
Student_849,20,Arts,55,97,45,79,91,Medium,5,Yes,Low,Yes,Medium,Doctor,Low
Student_850,22,Arts,53,70,50,90,93,Low,8,Yes,Medium,No,High,Graphic Designer,Medium
Student_851,19,Arts,57,36,59,47,56,High,9,Yes,High,No,Low,Mechanical Engineer,High
Student_852,17,Science,100,87,41,58,86,High,6,Yes,High,Yes,Low,Doctor,Medium
Student_853,16,Arts,97,90,42,91,74,High,8,Yes,Medium,Yes,High,Data Scientist,Low
Student_854,19,Arts,66,51,42,33,80,High,10,No,Low,Yes,High,Mechanical Engineer,Low
Student_855,18,Commerce,98,82,84,75,60,Medium,5,No,Low,Yes,High,Doctor,Low
Student_856,17,Science,64,98,86,70,87,High,10,No,Medium,No,Low,Doctor,Low
Student_857,17,Science,37,73,98,90,86,Medium,5,Yes,Medium,Yes,High,Graphic Designer,Low
Student_858,19,Commerce,38,80,67,66,87,High,3,Yes,Low,Yes,Low,Business Manager,Medium
Student_859,16,Commerce,89,90,97,71,83,High,9,Yes,High,Yes,Medium,Doctor,Medium
Student_860,20,Science,59,60,95,34,78,Low,9,No,Medium,Yes,Medium,Mechanical Engineer,Low
Student_861,17,Commerce,82,45,76,42,97,Low,9,Yes,High,Yes,Medium,Business Manager,Medium
Student_862,20,Arts,64,39,91,48,63,High,4,Yes,Low,No,Medium,Lawyer,Medium
Student_863,18,Arts,72,53,48,80,67,High,3,Yes,Low,Yes,Low,Data Scientist,Medium
Student_864,22,Science,37,69,85,91,64,Low,10,No,High,Yes,Medium,Graphic Designer,Low
Student_865,21,Arts,88,53,87,38,72,High,10,No,Medium,No,High,Teacher,Low
Student_866,18,Arts,36,72,56,48,80,Low,9,Yes,Medium,Yes,Medium,Mechanical Engineer,Low
Student_867,21,Commerce,74,35,57,43,45,Low,5,Yes,Low,Yes,High,Business Manager,Medium
Student_868,21,Arts,94,88,63,49,43,Medium,9,No,High,No,High,Doctor,Medium
Student_869,16,Science,85,41,48,78,77,Low,2,No,Medium,No,High,Data Scientist,Medium
Student_870,20,Science,81,71,55,45,58,Medium,7,Yes,Low,No,Low,Mechanical Engineer,High
Student_871,17,Commerce,59,65,73,31,51,Medium,6,No,Medium,No,High,Business Manager,Medium
Student_872,21,Science,96,76,64,31,73,High,2,No,High,Yes,High,Mechanical Engineer,Medium
Student_873,19,Commerce,41,67,70,80,41,High,2,No,Medium,Yes,Medium,Business Manager,Medium
Student_874,18,Science,43,100,95,77,54,Medium,7,No,High,Yes,Low,Doctor,Medium
Student_875,17,Science,47,36,52,67,41,Low,10,No,Low,Yes,Medium,Mechanical Engineer,Low
Student_876,17,Arts,53,79,69,90,71,Medium,6,Yes,Low,Yes,High,Graphic Designer,Low
Student_877,19,Science,62,100,100,50,61,High,6,No,Low,No,High,Doctor,Low
Student_878,18,Commerce,73,66,62,53,51,High,5,No,Medium,Yes,Medium,Business Manager,Low
Student_879,21,Commerce,62,52,90,36,64,Medium,10,Yes,High,No,Low,Business Manager,High
Student_880,19,Commerce,90,80,64,83,54,Low,4,No,Medium,No,Low,Data Scientist,Medium
Student_881,20,Commerce,90,51,95,91,100,Low,5,No,Low,No,Medium,Software Engineer,Low
Student_882,20,Science,92,87,87,58,67,Medium,8,Yes,Medium,Yes,Medium,Doctor,Low
Student_883,21,Arts,57,35,59,30,68,Medium,4,Yes,High,No,Medium,Mechanical Engineer,Medium
Student_884,19,Arts,70,39,35,44,79,Medium,2,No,Low,Yes,High,Mechanical Engineer,Low
Student_885,22,Arts,74,42,66,68,67,Medium,2,Yes,Medium,No,Medium,Mechanical Engineer,Medium
Student_886,16,Arts,79,80,66,39,89,Low,8,Yes,High,Yes,Medium,Mechanical Engineer,Medium
Student_887,21,Commerce,61,46,38,98,79,Low,5,Yes,High,No,Low,Business Manager,High
Student_888,20,Arts,82,61,45,81,66,High,8,Yes,High,Yes,High,Data Scientist,Medium
Student_889,16,Commerce,80,82,39,79,96,Low,8,Yes,Low,No,Low,Data Scientist,Medium
Student_890,20,Commerce,84,72,83,72,85,High,3,No,Medium,No,Low,Business Manager,Low
Student_891,17,Commerce,44,82,92,54,57,Medium,4,Yes,Low,No,Medium,Doctor,Medium
Student_892,17,Science,81,52,95,95,89,Medium,5,Yes,Low,No,Medium,Software Engineer,Medium
Student_893,19,Arts,76,84,72,89,93,Medium,1,No,High,No,Low,Data Scientist,High
Student_894,22,Science,83,63,87,77,99,Low,8,No,Medium,Yes,Medium,Software Engineer,Low
Student_895,21,Arts,40,44,66,74,75,Low,9,Yes,Medium,No,Low,Graphic Designer,Medium
Student_896,19,Science,70,74,50,67,58,Low,6,No,High,No,High,Mechanical Engineer,Medium
Student_897,20,Commerce,79,35,78,46,92,Low,6,Yes,Low,Yes,Low,Business Manager,Medium
Student_898,19,Commerce,48,80,72,49,84,Low,9,Yes,Medium,Yes,Medium,Business Manager,Low
Student_899,16,Science,49,50,58,78,100,High,10,Yes,Medium,Yes,High,Graphic Designer,Low
Student_900,18,Arts,57,87,56,79,52,Low,6,Yes,High,No,Medium,Doctor,High
Student_901,19,Science,81,49,73,50,75,Low,3,No,Medium,Yes,Medium,Mechanical Engineer,Low
Student_902,17,Commerce,74,36,46,85,57,Low,6,No,High,Yes,Low,Data Scientist,Medium
Student_903,18,Commerce,52,74,64,79,58,Medium,4,Yes,High,No,High,Business Manager,High
Student_904,21,Arts,45,46,96,86,55,Medium,1,Yes,High,No,Medium,Lawyer,High
Student_905,22,Arts,85,82,63,76,80,High,5,Yes,High,No,Low,Data Scientist,High
Student_906,18,Science,40,47,74,93,84,High,7,No,High,No,Medium,Graphic Designer,Medium
Student_907,17,Science,36,96,52,91,46,High,8,No,High,No,Medium,Doctor,Medium
Student_908,21,Commerce,85,81,100,66,100,Low,6,No,Low,No,High,Doctor,Low
Student_909,17,Commerce,41,88,79,82,87,Medium,6,No,Medium,No,Low,Doctor,Low
Student_910,18,Arts,77,52,52,86,86,Low,3,No,High,Yes,Medium,Data Scientist,Low
Student_911,19,Science,42,64,84,77,98,Low,7,Yes,Medium,No,High,Graphic Designer,Medium
Student_912,20,Arts,46,38,48,55,97,Medium,2,No,Medium,Yes,Low,Mechanical Engineer,Medium
Student_913,17,Arts,47,38,85,94,48,Medium,6,Yes,Low,No,Medium,Lawyer,Medium
Student_914,18,Arts,51,50,48,38,51,Low,10,Yes,Low,Yes,Medium,Mechanical Engineer,Medium
Student_915,22,Arts,80,39,43,47,55,High,2,No,Low,No,High,Mechanical Engineer,Medium
Student_916,19,Arts,63,72,81,56,85,Medium,4,Yes,Medium,No,Medium,Lawyer,Medium
Student_917,22,Commerce,74,47,36,46,50,Medium,4,No,High,No,High,Business Manager,Medium
Student_918,22,Commerce,39,48,72,41,100,Low,4,No,Medium,Yes,Low,Business Manager,Low
Student_919,19,Science,38,98,54,76,57,Low,4,No,High,No,Medium,Doctor,Medium
Student_920,21,Science,86,47,38,92,45,Low,10,Yes,High,No,High,Software Engineer,High
Student_921,22,Science,38,72,71,70,96,Low,8,No,High,No,High,Mechanical Engineer,Medium
Student_922,17,Commerce,77,45,57,58,88,Low,1,No,Medium,No,High,Business Manager,Medium
Student_923,20,Arts,68,60,42,87,96,Low,6,Yes,High,No,Low,Graphic Designer,High
Student_924,17,Arts,77,42,70,72,53,High,7,No,Medium,No,Low,Graphic Designer,Medium
Student_925,16,Commerce,88,38,48,66,87,Low,4,Yes,Medium,No,High,Business Manager,Medium
Student_926,18,Science,40,75,41,82,80,High,10,No,Low,Yes,Low,Graphic Designer,Low
Student_927,22,Commerce,53,89,88,58,71,Low,9,Yes,High,Yes,High,Doctor,Medium
Student_928,19,Science,58,44,58,65,94,High,3,No,Low,No,Medium,Mechanical Engineer,Low
Student_929,17,Arts,76,49,98,58,41,High,3,Yes,Medium,No,High,Lawyer,Medium
Student_930,21,Science,42,70,58,62,52,Medium,6,No,High,No,Medium,Mechanical Engineer,Medium
Student_931,17,Commerce,49,65,81,39,88,High,6,Yes,High,Yes,High,Business Manager,Medium
Student_932,18,Arts,52,51,36,89,50,Low,10,Yes,Low,No,Medium,Graphic Designer,Medium
Student_933,18,Commerce,68,57,66,44,45,Medium,4,No,Medium,No,High,Business Manager,Medium
Student_934,20,Commerce,47,42,83,39,46,Low,9,Yes,Low,Yes,Medium,Business Manager,Medium
Student_935,18,Science,49,37,70,32,71,Low,4,Yes,High,Yes,Low,Mechanical Engineer,Medium
Student_936,22,Science,46,42,67,94,94,Low,2,No,Medium,Yes,Medium,Graphic Designer,Low
Student_937,17,Arts,46,41,65,50,43,Medium,4,No,High,No,Medium,Mechanical Engineer,Medium
Student_938,22,Arts,38,40,98,32,57,Low,6,Yes,Medium,No,Medium,Teacher,Medium
Student_939,22,Commerce,78,90,69,89,50,Low,1,No,Low,Yes,High,Software Engineer,Medium
Student_940,21,Commerce,46,77,94,51,56,Low,9,No,Low,Yes,Low,Business Manager,Medium
Student_941,18,Science,74,53,58,79,46,Medium,6,No,Medium,No,Low,Data Scientist,Medium
Student_942,17,Science,54,53,57,45,47,Medium,4,No,High,Yes,Medium,Mechanical Engineer,Medium
Student_943,22,Arts,80,41,71,52,83,Medium,4,No,Medium,Yes,Low,Mechanical Engineer,Low
Student_944,21,Arts,59,96,51,31,67,Low,6,Yes,Medium,Yes,High,Doctor,Low
Student_945,16,Arts,36,84,67,98,73,Low,6,No,Low,No,Low,Doctor,Low
Student_946,21,Science,83,97,69,53,81,High,9,Yes,Low,Yes,Medium,Doctor,Low
Student_947,19,Commerce,58,86,62,91,57,High,8,Yes,Medium,Yes,Low,Doctor,Medium
Student_948,19,Arts,59,61,70,84,69,High,1,Yes,Low,No,High,Graphic Designer,Medium
Student_949,16,Science,63,68,57,89,45,Low,6,Yes,High,Yes,High,Graphic Designer,High
Student_950,18,Arts,64,73,59,50,75,Low,7,Yes,Medium,No,High,Mechanical Engineer,Medium
Student_951,17,Arts,86,59,67,55,60,High,6,Yes,High,Yes,Low,Mechanical Engineer,Medium
Student_952,16,Arts,57,65,78,49,93,Medium,7,Yes,High,Yes,Low,Teacher,Medium
Student_953,19,Commerce,48,81,86,73,92,Low,9,Yes,High,Yes,Medium,Doctor,Medium
Student_954,20,Science,54,76,35,93,88,Low,9,Yes,Medium,Yes,Low,Graphic Designer,Medium
Student_955,17,Arts,82,60,73,81,99,High,2,No,High,No,Medium,Data Scientist,Medium
Student_956,19,Commerce,83,53,57,88,48,Low,1,Yes,Low,Yes,Low,Software Engineer,High
Student_957,18,Commerce,54,93,97,30,96,High,5,No,Medium,No,Low,Doctor,Low
Student_958,21,Science,61,94,56,100,100,Low,7,No,High,Yes,High,Doctor,Low
Student_959,20,Commerce,79,50,96,39,40,Medium,4,No,Low,Yes,High,Business Manager,Low
Student_960,19,Science,81,39,49,46,72,High,4,Yes,High,Yes,High,Mechanical Engineer,Medium
Student_961,21,Commerce,45,51,64,42,46,High,6,No,Low,Yes,Medium,Business Manager,Low
Student_962,21,Arts,80,87,81,61,68,Low,2,Yes,High,No,Low,Doctor,High
Student_963,17,Commerce,76,83,75,74,84,High,7,Yes,High,Yes,Medium,Doctor,Medium
Student_964,18,Arts,78,54,66,44,46,Low,1,Yes,Medium,Yes,High,Mechanical Engineer,High
Student_965,21,Commerce,83,81,70,42,95,Medium,6,No,High,Yes,High,Doctor,Low
Student_966,20,Science,75,93,75,56,56,Low,8,No,Low,No,High,Doctor,Medium
Student_967,20,Commerce,58,77,66,89,61,High,3,Yes,High,No,High,Business Manager,Medium
Student_968,21,Arts,82,82,74,50,92,Low,1,No,High,No,Medium,Doctor,Medium
Student_969,19,Science,96,90,100,96,57,High,9,Yes,Low,Yes,Low,Data Scientist,Medium
Student_970,16,Commerce,95,67,44,53,52,Low,3,Yes,Medium,No,High,Business Manager,Medium
Student_971,20,Arts,76,76,54,72,60,Low,9,Yes,Low,No,Low,Graphic Designer,Medium
Student_972,20,Science,67,43,35,66,47,Medium,3,No,High,Yes,High,Mechanical Engineer,Medium
Student_973,21,Science,38,56,57,31,45,High,8,No,High,Yes,High,Mechanical Engineer,Medium
Student_974,22,Arts,84,37,67,39,82,Medium,8,No,High,Yes,Low,Mechanical Engineer,Medium
Student_975,18,Arts,52,54,97,65,43,Medium,8,Yes,Medium,No,Low,Lawyer,High
Student_976,19,Commerce,43,60,90,45,90,High,6,No,Medium,No,Low,Business Manager,Low
Student_977,17,Commerce,92,94,98,57,98,Low,9,Yes,Medium,Yes,Low,Doctor,Medium
Student_978,22,Commerce,62,82,51,63,62,Low,2,Yes,Medium,Yes,Low,Doctor,Medium
Student_979,22,Commerce,49,49,95,48,48,High,3,No,Low,No,High,Business Manager,Medium
Student_980,18,Arts,48,35,97,56,91,High,9,No,High,No,Low,Lawyer,Medium
Student_981,18,Science,81,100,77,70,54,Low,8,No,Medium,Yes,Low,Doctor,Medium
Student_982,17,Arts,94,64,35,85,69,Low,6,Yes,High,Yes,Medium,Data Scientist,Medium
Student_983,21,Science,53,72,56,48,88,Low,3,No,Low,No,Low,Mechanical Engineer,Low
Student_984,22,Science,65,88,40,35,80,Medium,3,Yes,High,Yes,Medium,Doctor,Medium
Student_985,21,Arts,62,48,35,57,88,Low,1,Yes,High,No,High,Mechanical Engineer,High
Student_986,20,Arts,65,67,88,52,65,Medium,10,Yes,Low,No,High,Lawyer,Medium
Student_987,21,Science,84,35,41,40,45,High,4,No,Medium,No,Medium,Mechanical Engineer,Medium
Student_988,22,Commerce,65,58,83,94,41,Low,7,No,High,Yes,Medium,Business Manager,Medium
Student_989,21,Arts,88,47,61,61,76,Medium,10,Yes,High,No,High,Mechanical Engineer,Medium
Student_990,17,Science,50,81,70,92,58,Low,2,Yes,Medium,No,Medium,Doctor,High
Student_991,22,Commerce,60,39,59,54,57,Medium,10,Yes,High,No,Medium,Business Manager,High
Student_992,20,Commerce,60,91,85,45,65,Low,7,Yes,Medium,Yes,Low,Doctor,Medium
Student_993,17,Arts,53,52,67,54,77,Low,2,Yes,Medium,Yes,High,Mechanical Engineer,Medium
Student_994,21,Commerce,73,54,90,89,65,Medium,10,No,High,Yes,High,Data Scientist,Low
Student_995,22,Arts,72,53,99,33,59,Low,9,Yes,Low,Yes,Medium,Lawyer,Medium
Student_996,19,Commerce,99,51,52,42,57,High,2,Yes,Medium,Yes,High,Business Manager,High
Student_997,20,Science,46,52,38,86,96,High,5,No,Low,No,Medium,Graphic Designer,Low
Student_998,21,Arts,92,40,68,86,71,Medium,10,Yes,High,Yes,Medium,Software Engineer,Medium
Student_999,16,Science,45,55,48,65,80,Medium,7,Yes,Medium,Yes,Low,Mechanical Engineer,Medium
Student_1000,18,Science,99,91,54,93,51,High,5,Yes,Low,Yes,Low,Data Scientist,Medium
Student_1001,22,Arts,66,43,90,92,85,Medium,9,No,High,No,High,Teacher,Medium
Student_1002,17,Science,82,39,39,75,79,Medium,8,Yes,Low,Yes,Low,Graphic Designer,Medium
Student_1003,22,Science,86,37,72,35,100,Medium,7,No,Low,No,Low,Mechanical Engineer,Low
Student_1004,20,Arts,97,73,91,87,63,Medium,4,No,High,Yes,High,Data Scientist,Low
Student_1005,20,Commerce,69,82,89,33,42,High,6,Yes,Medium,Yes,Low,Doctor,Medium
Student_1006,19,Science,79,96,69,58,43,High,9,Yes,High,Yes,High,Doctor,High
Student_1007,16,Arts,73,60,94,34,43,High,3,Yes,Low,Yes,Low,Teacher,Medium
Student_1008,20,Arts,41,35,37,80,59,High,10,No,High,Yes,High,Graphic Designer,Medium
Student_1009,16,Arts,91,71,40,96,96,High,5,No,Low,No,High,Data Scientist,Low
Student_1010,18,Arts,49,74,35,41,68,High,8,Yes,Medium,No,Medium,Mechanical Engineer,Medium
Student_1011,21,Arts,83,41,59,67,50,High,3,No,High,No,High,Mechanical Engineer,Medium
Student_1012,22,Arts,61,82,84,66,41,Medium,8,Yes,Low,No,High,Doctor,Medium
Student_1013,18,Science,70,38,38,45,40,Low,6,Yes,Low,Yes,High,Mechanical Engineer,Medium
Student_1014,22,Arts,49,94,84,49,84,High,8,Yes,Low,Yes,Low,Doctor,Medium
Student_1015,18,Science,91,43,80,91,99,High,8,Yes,Medium,No,High,Data Scientist,Medium
Student_1016,16,Arts,42,99,61,53,43,High,9,No,Low,No,Medium,Doctor,Medium
Student_1017,18,Science,61,96,42,68,63,High,3,Yes,High,No,Medium,Doctor,Medium
Student_1018,22,Commerce,74,78,44,41,76,Low,8,No,Medium,No,Medium,Business Manager,Low
Student_1019,18,Science,67,93,93,73,60,Medium,6,No,Medium,No,Low,Doctor,Low
Student_1020,19,Commerce,97,79,58,92,45,High,8,No,Low,Yes,Low,Software Engineer,Medium
Student_1021,22,Science,45,58,40,59,74,High,9,No,Medium,No,Low,Mechanical Engineer,Low
Student_1022,19,Science,39,36,47,61,71,Low,2,Yes,High,Yes,High,Mechanical Engineer,High
Student_1023,20,Commerce,39,74,64,82,74,High,6,No,Medium,No,Low,Business Manager,Low
Student_1024,17,Arts,51,75,79,92,63,Low,3,No,High,No,Medium,Lawyer,Medium
Student_1025,18,Arts,84,39,81,35,48,High,9,Yes,High,No,Medium,Lawyer,High
Student_1026,21,Arts,38,72,54,41,79,Low,8,No,Low,Yes,Medium,Mechanical Engineer,Low
Student_1027,18,Science,92,85,43,91,82,High,9,No,High,Yes,Low,Data Scientist,Medium
Student_1028,17,Science,60,49,35,91,90,High,2,No,Low,No,Low,Graphic Designer,Medium
Student_1029,18,Science,48,37,86,100,99,Medium,1,No,Low,Yes,Low,Graphic Designer,Medium
Student_1030,19,Science,89,88,94,94,59,Medium,9,No,Low,Yes,High,Data Scientist,Low
Student_1031,22,Science,94,64,91,85,77,High,10,No,High,Yes,Low,Data Scientist,Medium
Student_1032,21,Commerce,80,93,89,76,89,High,6,No,Medium,Yes,High,Data Scientist,Low
Student_1033,19,Arts,97,53,57,89,49,Low,3,No,Low,No,Low,Data Scientist,Medium
Student_1034,16,Science,54,92,36,57,41,Medium,2,Yes,High,Yes,Medium,Doctor,High
Student_1035,16,Commerce,76,42,45,75,71,High,2,No,Low,No,Medium,Business Manager,Medium
Student_1036,19,Arts,36,44,88,41,43,Medium,1,No,High,No,Low,Teacher,High
Student_1037,20,Commerce,97,86,58,72,98,High,2,Yes,Low,No,High,Doctor,Medium
Student_1038,22,Commerce,46,41,87,32,89,High,7,Yes,Low,No,Medium,Business Manager,Medium
Student_1039,20,Science,93,42,97,83,59,High,1,Yes,Medium,No,High,Software Engineer,High
Student_1040,22,Commerce,48,40,72,89,61,Low,7,No,Medium,Yes,Medium,Business Manager,Low
Student_1041,22,Science,41,92,59,44,84,Low,2,Yes,Low,No,High,Doctor,Medium
Student_1042,16,Commerce,59,80,98,44,87,Medium,6,Yes,High,Yes,Low,Business Manager,Medium
Student_1043,19,Science,85,88,41,35,89,High,8,Yes,Medium,No,Low,Doctor,Medium
Student_1044,22,Science,38,83,87,57,47,Low,7,No,Medium,No,Medium,Doctor,Medium
Student_1045,22,Science,99,37,58,68,88,Low,4,No,High,No,High,Mechanical Engineer,Medium
Student_1046,22,Commerce,100,49,43,77,66,Medium,1,Yes,Low,Yes,High,Software Engineer,Medium
Student_1047,22,Science,37,64,92,99,46,Low,8,Yes,Medium,No,High,Graphic Designer,Medium
Student_1048,20,Arts,88,92,96,33,82,Medium,2,Yes,High,Yes,High,Doctor,High
Student_1049,22,Arts,99,52,35,33,76,Low,8,No,High,Yes,High,Mechanical Engineer,Low
Student_1050,17,Science,41,62,61,66,75,High,9,Yes,High,Yes,Low,Mechanical Engineer,Medium
Student_1051,20,Science,60,64,81,90,59,Medium,4,Yes,High,No,Low,Graphic Designer,High
Student_1052,16,Science,67,73,100,52,53,High,6,No,High,No,Medium,Mechanical Engineer,Medium
Student_1053,21,Arts,61,43,94,48,65,Low,3,No,High,No,Medium,Teacher,Medium
Student_1054,16,Commerce,95,71,64,39,70,Low,5,Yes,High,Yes,Medium,Business Manager,Medium
Student_1055,22,Commerce,42,56,88,32,55,Medium,10,Yes,Medium,Yes,High,Business Manager,Medium
Student_1056,20,Commerce,42,82,67,43,97,Medium,6,No,Medium,Yes,High,Doctor,Low
Student_1057,19,Commerce,46,58,65,93,69,Medium,10,Yes,High,Yes,Medium,Business Manager,Medium
Student_1058,20,Commerce,62,73,51,40,61,High,8,Yes,High,No,High,Business Manager,Medium
Student_1059,20,Arts,86,91,52,61,54,Low,8,Yes,High,Yes,Low,Doctor,High
Student_1060,17,Arts,75,49,92,86,84,Medium,7,No,Medium,Yes,Low,Software Engineer,Low
Student_1061,17,Science,61,92,72,41,85,Medium,5,Yes,Low,No,Low,Doctor,Medium
Student_1062,21,Science,56,92,61,92,84,Low,10,No,Low,Yes,High,Doctor,Low
Student_1063,17,Commerce,67,59,71,75,68,Low,3,Yes,Low,No,High,Business Manager,Medium
Student_1064,16,Arts,71,93,66,37,100,High,5,Yes,Low,Yes,High,Doctor,Low
Student_1065,19,Arts,83,48,58,60,96,Medium,10,No,Low,Yes,Low,Mechanical Engineer,Low
Student_1066,20,Commerce,99,95,59,66,40,Medium,8,Yes,High,No,Medium,Doctor,High
Student_1067,19,Commerce,96,82,67,92,82,Medium,9,Yes,Low,No,Medium,Data Scientist,Medium
Student_1068,20,Science,86,55,93,69,81,Medium,8,Yes,High,Yes,Medium,Mechanical Engineer,Medium
Student_1069,22,Arts,79,56,37,44,70,High,3,Yes,Low,Yes,High,Mechanical Engineer,Low
Student_1070,21,Science,62,63,47,89,46,Medium,4,No,Medium,No,Medium,Graphic Designer,Medium
Student_1071,22,Commerce,94,60,63,41,78,Medium,8,Yes,High,Yes,Low,Business Manager,Medium
Student_1072,17,Commerce,100,85,40,96,100,Medium,6,No,Low,Yes,High,Data Scientist,Low
Student_1073,18,Commerce,67,60,57,81,98,High,7,Yes,Medium,No,Low,Business Manager,Medium
Student_1074,16,Arts,96,57,59,94,66,Low,10,No,Low,No,Medium,Software Engineer,Low
Student_1075,20,Commerce,71,53,68,50,93,Low,10,Yes,Low,Yes,High,Business Manager,Low
Student_1076,20,Science,86,37,61,51,62,Low,8,Yes,Low,No,Medium,Mechanical Engineer,Medium
Student_1077,22,Commerce,51,54,91,89,78,Low,9,No,High,No,Low,Business Manager,Medium
Student_1078,17,Commerce,40,98,48,91,53,Low,2,No,High,Yes,Low,Doctor,High
Student_1079,19,Arts,94,44,92,41,66,High,10,Yes,Medium,No,Low,Teacher,Medium
Student_1080,17,Arts,98,98,69,37,66,High,10,No,Medium,Yes,Low,Doctor,Low
Student_1081,16,Commerce,98,65,89,84,51,High,5,No,Low,No,Medium,Data Scientist,Medium
Student_1082,20,Science,51,44,92,80,87,Low,9,Yes,Low,Yes,Medium,Graphic Designer,Low
Student_1083,20,Commerce,43,55,74,55,72,High,10,Yes,Low,Yes,Low,Business Manager,Medium
Student_1084,21,Commerce,100,52,36,75,71,High,10,No,Medium,Yes,Low,Business Manager,Low
Student_1085,21,Commerce,78,47,71,44,51,Medium,4,No,High,Yes,Low,Business Manager,Medium
Student_1086,20,Science,68,80,46,88,45,High,4,Yes,Medium,No,High,Graphic Designer,Medium
Student_1087,20,Science,93,85,100,31,94,Medium,3,Yes,Medium,No,Medium,Doctor,Medium
Student_1088,16,Science,41,58,68,56,43,High,7,No,Medium,No,Medium,Mechanical Engineer,Medium
Student_1089,21,Science,75,66,36,30,93,Low,2,No,High,No,Medium,Mechanical Engineer,Medium
Student_1090,21,Science,72,67,40,74,51,Low,10,Yes,Low,No,Low,Graphic Designer,High
Student_1091,20,Arts,71,65,71,70,67,High,1,Yes,Medium,Yes,High,Mechanical Engineer,Medium
Student_1092,16,Commerce,69,51,67,60,61,Medium,3,No,Medium,Yes,Low,Business Manager,Low
Student_1093,19,Arts,48,66,94,77,91,Low,1,No,Medium,Yes,Low,Lawyer,Medium
Student_1094,21,Commerce,94,50,97,46,65,Medium,3,Yes,Low,No,Medium,Business Manager,Medium
Student_1095,18,Science,85,49,70,75,99,High,7,No,Low,Yes,High,Graphic Designer,Low
Student_1096,16,Science,52,83,59,46,67,High,8,No,High,No,High,Doctor,Medium
Student_1097,17,Commerce,85,85,69,78,89,Low,7,Yes,Low,No,Low,Data Scientist,Medium
Student_1098,20,Science,35,48,72,40,77,High,3,No,Medium,Yes,High,Mechanical Engineer,Low
Student_1099,18,Arts,87,86,37,91,60,High,2,Yes,High,Yes,Medium,Software Engineer,High
Student_1100,22,Arts,97,76,73,77,52,Medium,3,Yes,Low,Yes,Low,Data Scientist,Medium
Student_1101,17,Commerce,82,74,38,68,73,High,6,Yes,Low,Yes,High,Business Manager,Low
Student_1102,20,Science,38,69,82,40,82,Low,5,No,Medium,Yes,High,Mechanical Engineer,Low
Student_1103,16,Arts,35,90,66,93,62,High,1,Yes,Low,Yes,Low,Doctor,Medium
Student_1104,19,Commerce,100,73,44,98,79,Low,8,No,High,Yes,Low,Software Engineer,Medium
Student_1105,21,Commerce,65,43,56,40,96,High,9,Yes,Low,Yes,High,Business Manager,Low
Student_1106,22,Commerce,43,58,97,63,55,Low,4,Yes,Medium,No,Low,Business Manager,High
Student_1107,20,Science,46,79,96,36,44,Medium,4,Yes,Medium,Yes,High,Mechanical Engineer,Medium
Student_1108,20,Commerce,60,50,52,37,100,Medium,3,No,Low,No,Low,Business Manager,Low
Student_1109,17,Commerce,59,86,83,80,96,High,5,No,Medium,No,Medium,Doctor,Low
Student_1110,17,Commerce,69,50,73,64,100,Medium,4,Yes,Low,Yes,Low,Business Manager,Medium
Student_1111,17,Commerce,77,100,84,62,82,Medium,7,No,High,Yes,Medium,Doctor,Low
Student_1112,20,Arts,65,42,94,42,60,High,6,Yes,High,Yes,Medium,Teacher,Medium
Student_1113,22,Commerce,61,58,96,91,71,Medium,4,No,Low,No,Low,Business Manager,Low
Student_1114,18,Science,50,50,66,35,92,Medium,9,No,Medium,No,Low,Mechanical Engineer,Low
Student_1115,22,Science,65,43,87,52,46,High,5,No,High,Yes,High,Mechanical Engineer,Medium
Student_1116,21,Science,61,90,50,54,47,Low,3,No,Low,Yes,Low,Doctor,Medium
Student_1117,21,Science,68,50,35,90,52,Medium,4,Yes,Medium,Yes,High,Graphic Designer,Medium
Student_1118,21,Arts,99,81,43,45,60,Medium,10,No,Low,Yes,High,Doctor,Low
Student_1119,17,Commerce,76,50,85,74,88,High,8,No,Low,No,Low,Business Manager,Low
Student_1120,19,Science,49,65,86,53,57,High,6,No,High,No,Low,Mechanical Engineer,High
Student_1121,17,Science,39,57,50,37,62,Medium,2,No,High,No,Medium,Mechanical Engineer,Medium
Student_1122,20,Commerce,83,97,47,47,80,Medium,5,No,High,No,High,Doctor,Medium
Student_1123,21,Arts,81,95,66,98,43,Low,7,Yes,High,Yes,Medium,Data Scientist,High
Student_1124,21,Science,63,91,82,76,68,Medium,8,Yes,Low,Yes,High,Doctor,Low
Student_1125,19,Science,61,84,81,79,72,High,2,Yes,Medium,No,Medium,Doctor,Medium
Student_1126,16,Arts,77,71,72,78,44,Low,8,No,High,Yes,High,Software Engineer,Medium
Student_1127,20,Commerce,100,53,51,62,95,Medium,4,No,High,Yes,Low,Business Manager,Medium
Student_1128,16,Science,67,38,55,66,43,High,10,No,Medium,Yes,Medium,Mechanical Engineer,Low
Student_1129,20,Arts,60,44,79,90,75,Low,1,Yes,Low,Yes,Medium,Teacher,Medium
Student_1130,20,Arts,51,47,47,58,44,Low,7,Yes,High,Yes,High,Mechanical Engineer,High
Student_1131,21,Science,96,90,91,53,44,Low,2,Yes,Medium,Yes,Medium,Doctor,High
Student_1132,16,Science,41,100,57,30,47,Medium,6,No,Low,Yes,Medium,Doctor,Low
Student_1133,20,Commerce,89,51,62,75,81,Medium,2,Yes,Medium,Yes,Medium,Business Manager,Medium
Student_1134,22,Science,83,84,69,46,51,Medium,7,Yes,Medium,No,Medium,Doctor,Medium
Student_1135,17,Commerce,89,60,39,61,45,Low,6,No,Medium,Yes,High,Business Manager,Low
Student_1136,19,Science,74,64,99,67,61,High,3,No,High,Yes,Low,Mechanical Engineer,Medium
Student_1137,17,Science,85,52,67,89,84,Medium,3,No,High,No,Low,Software Engineer,Medium
Student_1138,21,Science,58,61,67,89,93,High,1,No,Medium,Yes,Medium,Graphic Designer,Low
Student_1139,19,Commerce,58,44,71,41,86,Medium,7,No,Medium,No,Low,Business Manager,Low
Student_1140,22,Commerce,36,41,58,51,88,High,1,No,High,No,High,Business Manager,Medium
Student_1141,19,Science,81,35,80,78,88,Medium,2,No,Low,No,Medium,Data Scientist,Medium
Student_1142,20,Commerce,45,71,100,65,79,Low,8,No,High,Yes,Medium,Business Manager,Low
Student_1143,16,Science,50,93,61,36,62,Low,5,No,High,No,Low,Doctor,Medium
Student_1144,20,Arts,88,97,73,72,98,High,10,Yes,Medium,No,Low,Doctor,Medium
Student_1145,18,Commerce,62,39,77,65,62,Medium,7,Yes,High,Yes,Medium,Business Manager,Medium
Student_1146,17,Arts,96,82,39,30,90,Low,7,No,High,Yes,High,Doctor,Low
Student_1147,17,Arts,68,69,67,53,94,Medium,1,No,High,Yes,High,Mechanical Engineer,Medium
Student_1148,21,Commerce,82,90,46,50,68,High,7,Yes,High,No,Low,Doctor,High
Student_1149,16,Arts,52,35,83,96,65,Low,1,Yes,Low,No,High,Teacher,Medium
Student_1150,16,Arts,72,60,78,94,97,High,4,Yes,Low,No,Low,Software Engineer,Medium
Student_1151,21,Science,86,71,71,97,45,High,10,No,Low,Yes,Medium,Software Engineer,Low
Student_1152,20,Arts,48,58,38,75,46,High,5,No,High,No,Low,Graphic Designer,High
Student_1153,17,Arts,59,88,46,35,86,Medium,7,Yes,Medium,No,Medium,Doctor,Medium
Student_1154,17,Science,86,58,54,82,40,Low,7,Yes,High,Yes,High,Software Engineer,High
Student_1155,19,Science,55,72,75,43,43,Medium,10,No,Low,No,Medium,Mechanical Engineer,Medium
Student_1156,19,Arts,87,71,49,34,46,Medium,9,No,Medium,No,Low,Mechanical Engineer,Medium
Student_1157,20,Science,92,37,50,100,74,Low,9,No,Medium,No,Low,Software Engineer,Low
Student_1158,16,Science,78,74,88,35,95,Medium,2,Yes,Low,No,Low,Mechanical Engineer,High
Student_1159,21,Commerce,55,35,51,72,74,Medium,2,Yes,Medium,Yes,Low,Business Manager,Medium
Student_1160,20,Commerce,79,63,37,64,96,Medium,2,No,Medium,Yes,Medium,Business Manager,Low
Student_1161,18,Commerce,40,52,95,80,56,Medium,8,No,Medium,Yes,Low,Business Manager,Medium
Student_1162,17,Science,99,79,72,89,52,Low,6,Yes,Low,Yes,Low,Data Scientist,Medium
Student_1163,17,Science,93,53,90,62,81,Low,2,No,High,No,Low,Mechanical Engineer,High
Student_1164,16,Science,67,49,68,77,44,Low,7,No,High,Yes,High,Graphic Designer,Medium
Student_1165,20,Arts,58,57,60,100,85,Low,10,Yes,Medium,Yes,Medium,Graphic Designer,Low
Student_1166,17,Science,56,57,37,36,52,Low,10,No,Medium,Yes,High,Mechanical Engineer,Low
Student_1167,18,Arts,51,100,38,44,40,Low,3,Yes,Low,Yes,Medium,Doctor,Medium
Student_1168,21,Science,94,50,62,93,43,Low,7,No,Medium,Yes,Medium,Data Scientist,Low
Student_1169,16,Commerce,85,51,43,90,56,Medium,2,Yes,Medium,Yes,Low,Data Scientist,High
Student_1170,22,Commerce,80,74,41,74,74,Medium,3,Yes,Low,No,Low,Business Manager,Medium
Student_1171,16,Science,72,81,39,73,95,Medium,7,Yes,High,No,Medium,Doctor,Medium
Student_1172,18,Commerce,88,83,68,75,91,Medium,3,No,High,Yes,Low,Doctor,Medium
Student_1173,21,Arts,53,67,61,33,99,Low,4,No,High,Yes,High,Mechanical Engineer,Low
Student_1174,19,Science,48,83,93,59,45,Low,3,Yes,Low,Yes,Medium,Doctor,Medium
Student_1175,21,Commerce,63,73,87,97,51,High,2,Yes,Medium,Yes,High,Business Manager,High
Student_1176,21,Commerce,71,91,80,100,63,Medium,3,No,Low,Yes,Medium,Data Scientist,Low
Student_1177,18,Commerce,38,62,35,59,70,Medium,10,No,High,Yes,Medium,Business Manager,Low
Student_1178,16,Science,81,91,48,42,58,Low,2,No,Medium,No,Low,Doctor,High
Student_1179,18,Science,91,69,91,78,92,Medium,1,Yes,Medium,No,Medium,Data Scientist,Medium
Student_1180,16,Commerce,75,88,86,52,67,Low,7,No,Medium,No,High,Doctor,Low
Student_1181,17,Science,45,45,56,43,52,Low,6,No,High,No,Low,Mechanical Engineer,High
Student_1182,20,Arts,74,100,92,58,82,Low,2,No,Low,No,Medium,Doctor,Medium
Student_1183,18,Arts,90,88,67,59,79,Medium,9,No,Medium,No,Low,Doctor,Low
Student_1184,21,Arts,67,93,89,72,81,High,2,No,Low,Yes,Medium,Doctor,Low
Student_1185,18,Commerce,50,92,67,85,52,Medium,5,Yes,Low,No,High,Doctor,Medium
Student_1186,20,Science,41,99,85,97,76,Low,4,Yes,Medium,No,Medium,Doctor,Medium
Student_1187,21,Science,35,67,94,55,53,Medium,8,Yes,Medium,No,Low,Mechanical Engineer,High
Student_1188,22,Arts,48,100,57,53,93,Medium,2,No,Low,Yes,High,Doctor,Low
Student_1189,18,Science,61,47,67,48,79,Medium,2,No,Low,Yes,Low,Mechanical Engineer,Medium
Student_1190,18,Commerce,79,97,60,88,61,Low,2,Yes,Medium,Yes,Low,Software Engineer,Medium
Student_1191,19,Commerce,53,48,45,93,59,Medium,1,Yes,Low,Yes,Medium,Business Manager,High
Student_1192,19,Science,73,48,45,80,86,Low,6,Yes,High,No,Medium,Data Scientist,Medium
Student_1193,21,Science,91,56,67,58,57,Low,3,Yes,Low,Yes,Medium,Mechanical Engineer,Medium
Student_1194,21,Commerce,39,60,61,56,56,Medium,10,No,Low,No,Low,Business Manager,Medium
Student_1195,21,Commerce,81,59,96,76,53,Low,5,No,High,Yes,Medium,Software Engineer,Medium
Student_1196,17,Commerce,91,82,35,71,43,High,9,Yes,Low,Yes,Low,Doctor,Medium
Student_1197,17,Arts,35,81,36,69,52,Medium,3,Yes,High,No,Medium,Doctor,High
Student_1198,20,Science,80,42,87,96,95,Medium,1,Yes,Low,Yes,Low,Data Scientist,Medium
Student_1199,22,Arts,61,69,77,90,62,High,4,No,Medium,Yes,High,Lawyer,Low
Student_1200,18,Arts,44,60,70,47,89,Medium,2,No,High,Yes,Medium,Mechanical Engineer,Medium
Student_1201,22,Commerce,91,86,48,30,78,Low,6,No,High,No,Low,Doctor,Medium
Student_1202,21,Commerce,45,37,63,43,94,High,1,No,Low,No,High,Business Manager,Medium
Student_1203,22,Science,90,43,70,38,93,Medium,9,No,Medium,No,Medium,Mechanical Engineer,Low
Student_1204,17,Commerce,39,36,95,34,95,High,10,No,Low,No,Medium,Business Manager,Low
Student_1205,22,Commerce,59,52,56,62,89,High,8,No,Low,No,Medium,Business Manager,Low
Student_1206,19,Science,79,93,78,97,40,Low,3,No,High,No,High,Software Engineer,Medium
Student_1207,18,Science,95,74,94,63,40,High,3,No,Low,No,Medium,Mechanical Engineer,Medium
Student_1208,20,Arts,97,40,98,48,68,High,1,No,Medium,Yes,Medium,Teacher,Low
Student_1209,17,Science,44,86,78,40,52,Medium,5,Yes,Medium,No,High,Doctor,Medium
Student_1210,20,Arts,71,98,41,66,72,Low,5,No,Low,Yes,Medium,Doctor,Low
Student_1211,21,Science,38,77,43,78,46,Medium,9,No,Medium,Yes,High,Graphic Designer,Low
Student_1212,18,Science,76,71,85,79,57,Medium,1,Yes,High,Yes,High,Software Engineer,High
Student_1213,17,Science,46,57,93,36,74,Low,7,No,High,Yes,High,Mechanical Engineer,Low
Student_1214,17,Science,60,93,90,48,78,Low,10,No,Medium,Yes,Low,Doctor,Low
Student_1215,21,Commerce,50,78,83,73,77,Low,8,No,Medium,No,High,Business Manager,Low
Student_1216,20,Arts,84,45,87,35,53,Medium,10,Yes,Low,No,Medium,Lawyer,Medium
Student_1217,19,Arts,37,84,90,56,53,High,7,No,High,Yes,High,Doctor,Medium
Student_1218,17,Arts,81,62,47,36,68,Low,9,Yes,Low,Yes,High,Mechanical Engineer,Low
Student_1219,16,Arts,55,88,53,47,46,Medium,1,Yes,Low,Yes,Low,Doctor,High
Student_1220,22,Commerce,49,76,95,32,80,Medium,4,No,Low,Yes,High,Business Manager,Low
Student_1221,16,Commerce,87,61,81,36,99,Medium,9,No,Medium,No,High,Business Manager,Low
Student_1222,17,Commerce,36,83,47,91,92,Medium,4,Yes,Low,No,Medium,Doctor,Medium
Student_1223,18,Science,64,59,67,96,41,Low,4,Yes,Medium,No,High,Graphic Designer,Medium
Student_1224,17,Arts,39,93,59,40,89,High,5,Yes,Low,No,High,Doctor,Medium
Student_1225,19,Arts,96,97,40,75,99,High,5,No,High,Yes,Low,Doctor,Medium
Student_1226,21,Arts,94,55,54,87,82,High,10,No,Medium,Yes,Low,Data Scientist,Low
Student_1227,21,Commerce,95,96,54,71,100,Low,7,Yes,Medium,Yes,Low,Doctor,Medium
Student_1228,21,Commerce,43,54,51,57,72,Low,7,No,Low,Yes,High,Business Manager,Low
Student_1229,17,Science,89,57,35,86,85,Medium,9,No,High,Yes,High,Software Engineer,Low
Student_1230,21,Commerce,64,74,36,65,52,Medium,9,Yes,Low,No,High,Business Manager,Medium
Student_1231,20,Arts,47,81,56,48,52,High,3,Yes,Low,No,High,Doctor,Medium
Student_1232,16,Commerce,43,57,44,88,79,Low,5,Yes,Low,Yes,High,Business Manager,Low
Student_1233,16,Arts,58,58,66,93,99,High,5,No,Low,No,Low,Graphic Designer,Low
Student_1234,22,Arts,49,35,53,32,70,Medium,1,Yes,Medium,Yes,High,Mechanical Engineer,Medium
Student_1235,21,Arts,99,70,88,67,86,Low,2,No,High,Yes,High,Teacher,Medium
Student_1236,18,Arts,66,65,85,98,88,Medium,6,No,High,Yes,Low,Lawyer,Medium
Student_1237,22,Arts,43,36,40,90,97,Medium,9,No,Medium,Yes,Medium,Graphic Designer,Low
Student_1238,16,Arts,36,47,64,51,94,Medium,1,No,High,No,Low,Mechanical Engineer,High
Student_1239,16,Commerce,95,35,39,30,83,High,4,No,Medium,Yes,High,Business Manager,Low
Student_1240,16,Arts,86,92,43,33,85,Medium,4,No,Low,No,Low,Doctor,Low
Student_1241,16,Science,36,39,77,71,70,High,8,No,Medium,Yes,High,Graphic Designer,Low
Student_1242,17,Commerce,94,67,75,51,69,High,10,Yes,Low,No,Medium,Business Manager,Medium
Student_1243,16,Science,72,79,93,68,82,High,3,No,Low,Yes,Medium,Mechanical Engineer,Low
Student_1244,19,Arts,59,57,49,48,68,Low,8,Yes,High,Yes,Medium,Mechanical Engineer,Medium
Student_1245,16,Arts,82,85,40,53,42,Medium,4,Yes,High,No,Medium,Doctor,High
Student_1246,19,Commerce,85,94,85,40,99,Low,6,Yes,High,No,Medium,Doctor,Medium
Student_1247,16,Science,47,53,70,63,77,High,2,No,Medium,No,Medium,Mechanical Engineer,Medium
Student_1248,18,Science,90,43,53,63,80,Medium,4,No,High,No,Low,Mechanical Engineer,Medium
Student_1249,19,Science,83,58,77,69,54,Medium,6,Yes,Medium,No,High,Mechanical Engineer,Medium
Student_1250,17,Commerce,83,93,66,44,99,High,8,No,Medium,Yes,High,Doctor,Low
Student_1251,17,Science,46,72,57,60,97,Medium,5,Yes,Low,No,Low,Mechanical Engineer,Medium
Student_1252,19,Commerce,65,35,59,100,78,High,1,Yes,High,Yes,Medium,Business Manager,High
Student_1253,22,Science,42,69,61,96,52,Low,1,Yes,Low,No,High,Graphic Designer,High
Student_1254,16,Science,68,80,74,63,65,Low,3,No,Medium,Yes,Medium,Mechanical Engineer,Low
Student_1255,16,Arts,57,94,86,68,96,High,10,No,Medium,No,Medium,Doctor,Low
Student_1256,17,Arts,64,68,85,58,70,Low,8,Yes,Medium,Yes,High,Lawyer,Low
Student_1257,21,Science,98,50,48,100,83,Low,5,Yes,Low,No,Low,Data Scientist,Medium
Student_1258,20,Commerce,93,49,50,80,69,Medium,7,Yes,Low,No,High,Data Scientist,Medium
Student_1259,17,Commerce,71,84,43,33,96,High,4,No,Medium,No,High,Doctor,Low
Student_1260,21,Arts,55,59,61,70,47,High,3,Yes,Medium,No,High,Mechanical Engineer,Medium
Student_1261,16,Commerce,80,79,36,73,83,Medium,3,Yes,Low,Yes,Low,Business Manager,Medium
Student_1262,19,Arts,95,95,63,34,95,High,5,Yes,Low,No,Medium,Doctor,Medium
Student_1263,22,Science,94,83,42,64,82,Medium,2,Yes,Low,No,Low,Doctor,High
Student_1264,19,Arts,58,62,45,31,70,High,3,No,High,No,Low,Mechanical Engineer,Medium
Student_1265,18,Science,71,88,78,49,50,High,2,Yes,High,No,High,Doctor,High
Student_1266,22,Commerce,60,56,42,49,44,High,6,No,Low,No,Low,Business Manager,Medium
Student_1267,20,Commerce,46,60,82,41,82,Low,5,No,Low,Yes,Low,Business Manager,Low
Student_1268,18,Commerce,59,66,70,52,51,Low,2,No,Low,Yes,High,Business Manager,Medium
Student_1269,16,Science,57,100,90,64,85,Medium,3,Yes,High,No,Medium,Doctor,Medium
Student_1270,17,Arts,38,72,38,37,88,Low,5,Yes,Low,No,Low,Mechanical Engineer,Medium
Student_1271,21,Arts,37,40,53,54,95,Low,9,Yes,Low,No,High,Mechanical Engineer,Medium
Student_1272,21,Arts,41,60,66,34,94,Low,10,No,Medium,Yes,High,Mechanical Engineer,Low
Student_1273,21,Commerce,73,84,51,60,69,Medium,4,No,Low,No,Medium,Doctor,Low
Student_1274,16,Science,41,45,67,76,55,High,9,No,Low,Yes,Low,Graphic Designer,Medium
Student_1275,18,Commerce,90,69,53,79,88,High,5,Yes,Medium,Yes,Low,Data Scientist,Medium
Student_1276,20,Arts,87,92,36,47,76,Low,1,No,Medium,No,Medium,Doctor,Medium
Student_1277,21,Arts,93,65,37,82,69,Low,1,Yes,Low,Yes,Medium,Software Engineer,Medium
Student_1278,16,Science,50,35,74,92,84,High,3,No,High,No,High,Graphic Designer,Medium
Student_1279,20,Science,84,91,55,96,89,Medium,3,Yes,High,Yes,Low,Data Scientist,Medium
Student_1280,19,Commerce,55,49,83,61,82,High,8,No,Medium,Yes,Medium,Business Manager,Low
Student_1281,20,Arts,75,71,84,71,100,Medium,10,Yes,Medium,Yes,Low,Teacher,Medium
Student_1282,19,Arts,100,73,73,49,87,Low,6,No,High,Yes,Medium,Mechanical Engineer,Low
Student_1283,21,Science,67,43,40,78,66,High,1,No,Low,No,High,Graphic Designer,Medium
Student_1284,21,Commerce,79,56,52,88,94,Low,8,Yes,High,No,Low,Software Engineer,High
Student_1285,21,Commerce,83,56,49,73,70,High,9,No,High,No,High,Business Manager,Medium
Student_1286,17,Science,50,67,66,72,77,Medium,3,Yes,Low,Yes,Low,Graphic Designer,Medium
Student_1287,19,Science,87,96,44,91,79,High,7,No,High,Yes,Low,Software Engineer,Medium
Student_1288,22,Commerce,43,49,51,66,99,Low,1,Yes,Low,Yes,Medium,Business Manager,Medium
Student_1289,20,Arts,47,58,62,76,49,Low,8,No,Medium,No,High,Graphic Designer,Medium
Student_1290,17,Commerce,44,71,47,94,85,Medium,9,Yes,Low,Yes,High,Business Manager,Low
Student_1291,19,Science,46,88,37,87,62,Medium,9,Yes,Medium,Yes,Medium,Doctor,Low
Student_1292,17,Arts,88,70,94,56,71,Low,6,No,Medium,Yes,Medium,Teacher,Low
Student_1293,21,Arts,50,52,58,86,58,Low,2,Yes,Medium,Yes,Low,Graphic Designer,High
Student_1294,20,Commerce,39,56,85,74,85,Medium,3,Yes,High,No,Medium,Business Manager,Medium
Student_1295,17,Arts,48,95,54,72,61,Low,8,No,High,No,High,Doctor,Medium
Student_1296,19,Commerce,76,44,43,35,59,Medium,4,No,High,No,High,Business Manager,Medium
Student_1297,19,Science,85,53,87,99,92,Low,7,No,High,No,Medium,Data Scientist,Medium
Student_1298,20,Science,58,54,99,43,72,Low,2,No,Medium,No,Medium,Mechanical Engineer,Medium
Student_1299,20,Arts,46,65,49,40,79,Low,2,No,High,Yes,Low,Mechanical Engineer,Medium
Student_1300,20,Science,77,72,89,83,74,Medium,1,Yes,Low,No,Medium,Software Engineer,Medium
Student_1301,17,Arts,97,87,99,69,83,High,1,No,High,Yes,Low,Doctor,Medium
Student_1302,17,Science,93,38,95,40,48,High,2,No,High,Yes,Low,Mechanical Engineer,High
Student_1303,19,Science,63,42,38,84,50,Low,3,No,Medium,No,Low,Graphic Designer,Medium
Student_1304,19,Commerce,79,75,92,64,91,Low,6,No,High,No,High,Business Manager,Medium
Student_1305,19,Science,53,43,59,77,47,Medium,10,No,High,No,Low,Graphic Designer,High
Student_1306,16,Commerce,79,39,37,54,77,Low,4,Yes,High,No,Medium,Business Manager,Medium
Student_1307,19,Science,95,35,42,92,71,Low,5,Yes,High,Yes,High,Data Scientist,Medium
Student_1308,19,Commerce,69,88,49,69,72,High,7,No,Low,No,Medium,Doctor,Low
Student_1309,18,Science,43,37,62,56,56,Medium,5,Yes,High,Yes,Medium,Mechanical Engineer,High
Student_1310,16,Science,87,63,95,68,47,Low,2,No,Low,No,Low,Mechanical Engineer,High
Student_1311,16,Arts,98,38,93,48,77,Medium,8,No,Medium,No,High,Teacher,Low
Student_1312,17,Arts,64,57,47,47,62,High,7,Yes,Medium,Yes,Low,Mechanical Engineer,Medium
Student_1313,17,Commerce,47,62,86,79,80,Medium,3,Yes,Medium,Yes,Low,Business Manager,Medium
Student_1314,18,Science,49,66,47,59,55,Medium,7,Yes,Medium,Yes,Low,Mechanical Engineer,Medium
Student_1315,17,Science,87,71,49,99,88,High,9,No,Medium,No,Medium,Data Scientist,Low
Student_1316,20,Science,53,87,48,85,78,Medium,9,No,Low,Yes,Low,Doctor,Low
Student_1317,21,Science,70,91,69,75,96,Low,7,Yes,Medium,No,High,Doctor,Medium
Student_1318,20,Commerce,97,59,69,68,63,Medium,1,Yes,Medium,No,Low,Business Manager,High
Student_1319,22,Commerce,72,50,37,69,77,Low,6,No,Medium,Yes,High,Business Manager,Low
Student_1320,18,Commerce,87,56,67,68,85,High,4,Yes,High,No,Low,Business Manager,High
Student_1321,22,Science,83,64,77,58,43,Low,4,No,Medium,Yes,High,Mechanical Engineer,Low
Student_1322,22,Commerce,50,93,73,58,95,Medium,1,No,Low,Yes,Medium,Doctor,Low
Student_1323,16,Arts,55,76,64,83,47,Medium,7,Yes,Low,Yes,Low,Graphic Designer,Medium
Student_1324,21,Arts,68,80,74,54,91,Medium,6,No,High,No,High,Mechanical Engineer,Medium
Student_1325,17,Commerce,41,65,63,34,70,Medium,4,No,Low,Yes,Medium,Business Manager,Low
Student_1326,20,Science,78,37,95,49,74,High,6,Yes,Low,Yes,High,Mechanical Engineer,Low
Student_1327,19,Science,92,43,35,50,62,Medium,1,No,High,No,Medium,Mechanical Engineer,Medium
Student_1328,17,Science,75,44,99,46,97,Medium,4,No,High,No,Medium,Mechanical Engineer,Medium
Student_1329,17,Arts,87,69,57,55,64,Low,9,No,Medium,No,Medium,Mechanical Engineer,Low
Student_1330,21,Science,58,67,42,97,93,Low,6,Yes,High,No,Low,Graphic Designer,High
Student_1331,19,Science,60,53,45,41,46,Low,6,No,Low,Yes,High,Mechanical Engineer,Low
Student_1332,16,Arts,94,77,56,60,55,High,2,Yes,Medium,Yes,High,Mechanical Engineer,High
Student_1333,21,Arts,93,50,52,44,63,Low,2,No,High,No,Low,Mechanical Engineer,High
Student_1334,16,Science,94,70,35,87,49,High,9,No,Low,Yes,Low,Data Scientist,Medium
Student_1335,22,Arts,48,90,82,78,61,Medium,4,No,Low,Yes,Medium,Doctor,Low
Student_1336,21,Arts,36,83,53,53,47,Medium,7,No,Low,Yes,Medium,Doctor,Low
Student_1337,22,Science,64,98,91,45,88,High,8,No,High,Yes,Medium,Doctor,Low
Student_1338,21,Arts,62,99,71,84,93,Low,3,No,High,Yes,High,Doctor,Low
Student_1339,16,Arts,61,56,47,77,70,Low,7,Yes,Low,No,Low,Graphic Designer,Medium
Student_1340,19,Commerce,57,73,51,43,71,Medium,7,No,High,Yes,Low,Business Manager,Medium
Student_1341,19,Commerce,74,67,61,68,45,Low,8,Yes,Medium,Yes,High,Business Manager,Medium
Student_1342,22,Commerce,37,46,81,100,41,High,9,Yes,Low,No,Medium,Business Manager,Medium
Student_1343,19,Science,89,48,41,30,51,Medium,7,No,Medium,Yes,High,Mechanical Engineer,Low
Student_1344,16,Science,51,52,70,90,59,High,9,Yes,Low,Yes,Medium,Graphic Designer,Medium
Student_1345,19,Science,65,47,53,62,52,Low,9,Yes,High,No,High,Mechanical Engineer,High
Student_1346,17,Arts,43,61,50,85,47,Medium,7,Yes,High,No,Low,Graphic Designer,High
Student_1347,19,Commerce,63,76,75,41,51,Medium,9,No,Low,Yes,High,Business Manager,Low
Student_1348,21,Science,67,71,70,70,41,High,10,Yes,Low,Yes,Low,Mechanical Engineer,Medium
Student_1349,18,Commerce,91,35,55,33,78,Low,6,Yes,High,No,Medium,Business Manager,Medium
Student_1350,19,Commerce,76,55,56,35,81,Low,9,No,Low,Yes,High,Business Manager,Low
Student_1351,19,Science,96,72,71,84,97,Low,8,Yes,Low,Yes,High,Software Engineer,Low
Student_1352,22,Science,99,81,99,39,74,High,5,No,Medium,Yes,Medium,Doctor,Low
Student_1353,19,Arts,93,74,89,44,83,High,9,No,Medium,Yes,High,Teacher,Low
Student_1354,18,Science,85,38,95,77,90,Medium,1,No,High,Yes,Medium,Software Engineer,Medium
Student_1355,21,Commerce,79,35,86,63,98,Low,4,No,Medium,No,Low,Business Manager,Low
Student_1356,20,Commerce,61,35,86,77,58,High,6,No,Low,Yes,Low,Business Manager,Medium
Student_1357,17,Science,100,89,50,69,47,Medium,9,Yes,High,No,Medium,Doctor,High
Student_1358,20,Science,100,83,54,40,61,High,9,Yes,High,Yes,Low,Doctor,Medium
Student_1359,19,Science,100,35,56,99,50,Medium,3,Yes,Low,No,Medium,Software Engineer,Medium
Student_1360,18,Commerce,80,73,60,83,48,High,2,Yes,High,No,High,Software Engineer,High
Student_1361,19,Commerce,80,55,80,77,87,Low,10,No,Low,Yes,High,Software Engineer,Low
Student_1362,19,Arts,66,49,42,64,87,High,8,No,Low,Yes,Medium,Mechanical Engineer,Low
Student_1363,21,Commerce,42,85,39,38,78,Medium,7,No,Low,Yes,High,Doctor,Low
Student_1364,19,Science,44,54,75,51,78,Low,10,No,Low,Yes,Low,Mechanical Engineer,Low
Student_1365,16,Science,81,55,74,67,96,Low,7,No,Medium,Yes,Medium,Mechanical Engineer,Low
Student_1366,21,Commerce,95,63,40,100,83,High,9,Yes,Medium,No,High,Data Scientist,Medium
Student_1367,22,Commerce,52,97,68,88,65,Low,8,Yes,Low,No,High,Doctor,Medium
Student_1368,19,Commerce,60,97,72,92,47,High,3,No,Medium,No,High,Doctor,Medium
Student_1369,18,Commerce,35,77,95,97,63,Low,10,No,Low,No,Medium,Business Manager,Low
Student_1370,17,Arts,94,72,86,58,53,Medium,5,No,High,Yes,Low,Teacher,Medium
Student_1371,19,Science,59,55,54,77,56,High,4,Yes,Low,Yes,Medium,Graphic Designer,Medium
Student_1372,20,Science,73,57,58,90,57,Low,9,No,Medium,No,Medium,Software Engineer,Medium
Student_1373,19,Science,70,78,72,100,73,Low,7,No,High,Yes,High,Graphic Designer,Low
Student_1374,16,Science,42,100,71,69,49,High,10,Yes,Low,No,Low,Doctor,High
Student_1375,21,Science,47,46,36,79,57,High,2,Yes,Medium,Yes,High,Graphic Designer,High
Student_1376,20,Commerce,92,52,69,87,41,Low,1,Yes,High,No,Low,Software Engineer,High
Student_1377,16,Science,36,94,36,100,98,High,3,No,Low,Yes,Medium,Doctor,Low
Student_1378,16,Science,40,84,44,95,91,Low,3,No,Low,Yes,Medium,Doctor,Low
Student_1379,20,Commerce,96,60,50,68,70,Low,1,No,High,No,High,Business Manager,Medium
Student_1380,20,Arts,72,90,99,58,82,Low,7,No,High,Yes,High,Doctor,Low
Student_1381,18,Commerce,65,49,90,65,83,Low,1,Yes,Medium,No,Low,Business Manager,High
Student_1382,16,Science,87,87,89,56,51,Medium,4,No,Low,Yes,High,Doctor,Low
Student_1383,22,Science,40,62,93,43,96,Medium,3,No,Medium,Yes,Medium,Mechanical Engineer,Low
Student_1384,18,Arts,40,73,67,73,73,Medium,8,No,Low,Yes,Low,Graphic Designer,Low
Student_1385,21,Arts,68,35,89,88,74,Medium,1,No,Medium,Yes,Low,Lawyer,Medium
Student_1386,19,Arts,54,71,99,39,98,Medium,9,Yes,Medium,No,High,Teacher,Medium
Student_1387,18,Commerce,44,49,87,95,57,High,1,Yes,Medium,No,Medium,Business Manager,High
Student_1388,20,Commerce,77,38,63,69,44,Low,5,No,Medium,No,High,Business Manager,Medium
Student_1389,18,Arts,53,71,37,54,66,High,9,No,Low,Yes,High,Mechanical Engineer,Low
Student_1390,21,Commerce,60,43,84,57,49,Low,10,No,Low,No,Medium,Business Manager,Medium
Student_1391,16,Commerce,50,73,39,85,44,High,1,No,Medium,No,High,Business Manager,Medium
Student_1392,19,Arts,100,85,48,97,59,Medium,2,No,Low,Yes,Medium,Data Scientist,Medium
Student_1393,20,Arts,67,89,37,79,65,Medium,9,Yes,Medium,No,Low,Doctor,Medium
Student_1394,20,Science,94,53,63,73,45,Low,2,No,Medium,No,High,Graphic Designer,Medium
Student_1395,17,Science,94,94,53,37,91,Low,10,No,Low,No,Low,Doctor,Low
Student_1396,17,Science,67,61,100,83,98,Medium,1,Yes,High,Yes,High,Graphic Designer,High
Student_1397,20,Commerce,90,85,61,75,42,High,7,No,High,No,Low,Doctor,High
Student_1398,16,Science,66,75,56,78,47,Low,2,Yes,High,No,Medium,Graphic Designer,High
Student_1399,18,Arts,36,73,76,54,56,Low,6,No,High,Yes,High,Teacher,Medium
Student_1400,19,Commerce,49,79,77,94,45,High,4,No,High,No,Medium,Business Manager,Medium
Student_1401,20,Science,61,47,93,81,49,High,2,No,Medium,Yes,High,Graphic Designer,Medium
Student_1402,16,Commerce,39,99,62,58,85,Low,9,No,High,Yes,Low,Doctor,Medium
Student_1403,20,Arts,73,93,61,99,94,High,2,No,Medium,No,Low,Software Engineer,Medium
Student_1404,20,Commerce,36,85,82,51,60,Low,10,No,Low,No,Low,Doctor,Low
Student_1405,19,Commerce,52,92,53,55,49,Medium,10,No,High,Yes,Low,Doctor,Medium
Student_1406,21,Science,63,48,51,33,79,High,6,No,Medium,No,Medium,Mechanical Engineer,Low
Student_1407,19,Commerce,52,93,97,94,69,High,4,Yes,Medium,Yes,Medium,Doctor,Low
Student_1408,20,Commerce,36,38,83,48,60,High,2,No,Low,Yes,Medium,Business Manager,Low
Student_1409,16,Science,37,95,98,34,46,Low,2,Yes,High,Yes,Medium,Doctor,High
Student_1410,21,Arts,98,42,86,99,65,High,10,No,Low,Yes,High,Software Engineer,Low
Student_1411,19,Arts,54,36,62,75,65,Low,6,No,High,No,High,Graphic Designer,Medium
Student_1412,22,Commerce,67,63,89,71,95,High,3,Yes,Low,No,Medium,Business Manager,Medium
Student_1413,16,Science,88,86,35,75,82,Medium,4,No,Low,Yes,Medium,Doctor,Low
Student_1414,21,Commerce,74,93,62,53,56,Low,7,No,Medium,Yes,Low,Doctor,Medium
Student_1415,22,Science,66,85,36,53,78,Medium,4,No,High,Yes,Low,Doctor,Medium
Student_1416,19,Commerce,36,95,97,87,43,High,2,Yes,Medium,Yes,High,Doctor,High
Student_1417,22,Science,99,92,45,88,68,Low,1,Yes,High,No,High,Software Engineer,High
Student_1418,18,Commerce,80,82,97,92,66,Medium,7,No,Low,Yes,Medium,Software Engineer,Low
Student_1419,19,Science,87,69,51,50,87,Medium,4,Yes,Low,Yes,Medium,Mechanical Engineer,Low
Student_1420,19,Science,39,60,58,57,77,High,3,Yes,Medium,No,High,Mechanical Engineer,Medium
Student_1421,21,Science,37,58,80,60,69,High,2,No,Low,No,Medium,Mechanical Engineer,Medium
Student_1422,19,Science,56,52,95,31,51,Medium,7,No,High,No,Medium,Mechanical Engineer,Medium
Student_1423,21,Arts,69,86,42,61,41,High,1,No,High,Yes,Medium,Doctor,High
Student_1424,16,Arts,63,97,49,73,100,Low,4,Yes,Medium,No,Medium,Doctor,Medium
Student_1425,18,Arts,51,97,96,65,57,Low,6,No,Low,No,High,Doctor,Medium
Student_1426,22,Science,60,75,96,45,46,Medium,5,Yes,High,No,Low,Mechanical Engineer,High
Student_1427,21,Science,51,79,99,91,72,Low,4,No,High,No,Low,Graphic Designer,Medium
Student_1428,21,Science,51,60,47,48,76,Low,10,Yes,Low,No,Medium,Mechanical Engineer,Medium
Student_1429,17,Commerce,69,58,83,70,63,High,5,Yes,Medium,Yes,High,Business Manager,Low
Student_1430,21,Arts,49,60,57,90,86,High,2,No,High,No,Medium,Graphic Designer,Medium
Student_1431,16,Commerce,82,71,92,69,40,Low,9,Yes,Medium,No,High,Business Manager,Medium
Student_1432,19,Science,89,66,59,43,96,High,2,No,High,Yes,High,Mechanical Engineer,Medium
Student_1433,20,Arts,47,61,36,78,93,High,1,No,High,No,Low,Graphic Designer,High
Student_1434,21,Arts,43,85,87,70,81,Low,9,No,Medium,Yes,Medium,Doctor,Low
Student_1435,18,Commerce,58,61,63,64,42,Medium,8,Yes,Low,Yes,High,Business Manager,Medium
Student_1436,20,Commerce,93,62,84,71,40,Medium,6,Yes,High,Yes,Low,Business Manager,High
Student_1437,17,Arts,68,70,56,78,67,Low,5,Yes,Low,Yes,Low,Graphic Designer,Medium
Student_1438,19,Commerce,88,64,89,71,90,High,7,Yes,Medium,Yes,Medium,Business Manager,Low
Student_1439,21,Science,42,64,73,49,72,Low,8,Yes,Medium,No,Medium,Mechanical Engineer,Medium
Student_1440,16,Arts,50,50,59,93,66,Low,9,No,High,Yes,Low,Graphic Designer,Medium
Student_1441,21,Commerce,95,47,83,84,89,Medium,5,No,High,No,Low,Data Scientist,Medium
Student_1442,20,Commerce,46,87,93,34,98,Low,4,Yes,Medium,No,Medium,Doctor,Medium
Student_1443,19,Science,88,94,83,88,50,High,2,Yes,High,Yes,Low,Software Engineer,High
Student_1444,18,Science,72,93,40,89,82,Low,4,No,Medium,Yes,Low,Data Scientist,Low
Student_1445,22,Commerce,44,49,47,41,86,High,7,Yes,Low,No,Low,Business Manager,Medium
Student_1446,21,Science,47,87,48,68,67,Low,2,No,Low,Yes,Low,Doctor,Medium
Student_1447,21,Commerce,79,80,66,79,53,Medium,2,Yes,High,Yes,High,Data Scientist,High
Student_1448,22,Arts,38,59,51,32,40,High,3,Yes,High,No,Medium,Mechanical Engineer,High
Student_1449,18,Commerce,43,93,61,71,73,Medium,1,Yes,Medium,Yes,High,Doctor,Medium
Student_1450,19,Commerce,61,85,89,51,91,Low,6,Yes,High,Yes,Low,Doctor,Medium
Student_1451,18,Science,49,80,65,62,76,Medium,1,Yes,Medium,Yes,Medium,Mechanical Engineer,Medium
Student_1452,20,Commerce,57,43,52,37,51,Low,2,Yes,Medium,No,Medium,Business Manager,High
Student_1453,19,Science,54,39,83,54,86,Medium,1,No,High,Yes,Medium,Mechanical Engineer,Medium
Student_1454,18,Science,100,61,99,87,93,Low,8,Yes,Medium,No,Low,Software Engineer,Medium
Student_1455,19,Commerce,80,89,82,49,79,Medium,4,Yes,Low,Yes,Low,Doctor,Medium
Student_1456,19,Arts,93,71,36,59,79,High,6,Yes,High,No,Medium,Mechanical Engineer,Medium
Student_1457,16,Commerce,36,95,98,47,93,Medium,9,No,Low,No,High,Doctor,Low
Student_1458,19,Science,50,83,45,32,42,Low,9,Yes,Low,No,Medium,Doctor,Medium
Student_1459,19,Arts,61,98,92,79,59,Medium,9,Yes,Medium,No,High,Doctor,Medium
Student_1460,16,Science,54,70,88,70,50,Low,10,No,Low,Yes,High,Mechanical Engineer,Low
Student_1461,19,Arts,37,50,88,62,69,Low,5,Yes,High,No,High,Lawyer,Medium
Student_1462,20,Commerce,75,83,37,71,81,Low,9,No,High,Yes,High,Doctor,Low
Student_1463,20,Commerce,44,91,51,52,50,Low,1,Yes,High,Yes,Low,Doctor,High
Student_1464,18,Arts,57,54,62,79,84,High,5,Yes,Low,Yes,Low,Graphic Designer,Medium
Student_1465,20,Commerce,74,82,56,65,45,Medium,1,No,High,No,Medium,Doctor,High
Student_1466,21,Science,58,46,40,85,68,High,9,Yes,High,Yes,Low,Graphic Designer,Medium
Student_1467,19,Arts,67,60,65,100,71,High,1,Yes,Medium,Yes,Medium,Graphic Designer,Medium
Student_1468,22,Arts,48,40,36,99,94,High,10,Yes,High,Yes,High,Graphic Designer,Medium
Student_1469,17,Science,46,87,65,62,97,Low,5,Yes,High,No,Medium,Doctor,Medium
Student_1470,20,Arts,49,83,98,57,79,Low,1,Yes,Medium,No,Medium,Doctor,Medium
Student_1471,20,Arts,99,87,93,66,62,Low,5,No,Medium,Yes,Medium,Doctor,Low
Student_1472,17,Commerce,63,74,83,79,50,High,2,Yes,Medium,Yes,Medium,Business Manager,High
Student_1473,22,Arts,59,94,44,36,81,Low,5,Yes,Low,No,High,Doctor,Medium
Student_1474,18,Arts,74,78,78,82,99,Medium,2,No,High,Yes,High,Software Engineer,Medium
Student_1475,21,Commerce,77,61,90,90,43,Medium,5,Yes,High,Yes,Medium,Software Engineer,High
Student_1476,21,Commerce,35,85,100,93,54,Medium,10,Yes,Low,No,Medium,Doctor,Medium
Student_1477,22,Commerce,45,49,72,62,87,High,1,No,Low,Yes,Medium,Business Manager,Low
Student_1478,22,Science,43,39,35,91,40,Medium,1,No,Low,Yes,Low,Graphic Designer,Medium
Student_1479,20,Arts,48,91,93,92,98,High,1,Yes,Medium,No,Medium,Doctor,Medium
Student_1480,19,Arts,78,81,98,35,98,Low,6,No,Low,No,Medium,Doctor,Low
Student_1481,22,Science,99,95,64,84,84,Low,2,Yes,Low,No,Medium,Data Scientist,Medium
Student_1482,17,Science,50,43,86,81,72,Medium,7,Yes,Low,Yes,Medium,Graphic Designer,Low
Student_1483,22,Science,71,41,95,41,95,Medium,9,Yes,High,Yes,Medium,Mechanical Engineer,Medium
Student_1484,22,Commerce,35,97,46,76,50,Medium,1,Yes,High,Yes,Medium,Doctor,High
Student_1485,22,Commerce,39,91,87,47,53,Low,6,Yes,High,Yes,High,Doctor,High
Student_1486,22,Arts,42,51,90,43,63,Medium,2,No,High,Yes,High,Lawyer,Medium
Student_1487,19,Commerce,72,56,57,49,59,Medium,6,Yes,Medium,No,Low,Business Manager,High
Student_1488,22,Arts,100,76,90,69,59,Low,10,Yes,Low,No,Medium,Teacher,Medium
Student_1489,16,Arts,46,52,98,54,47,Medium,8,No,High,No,Low,Lawyer,High
Student_1490,21,Arts,49,48,46,72,50,High,3,Yes,Medium,Yes,High,Graphic Designer,Medium
Student_1491,17,Arts,80,65,81,64,97,Low,10,Yes,Low,Yes,Medium,Teacher,Low
Student_1492,16,Arts,87,56,82,88,100,Low,1,No,High,Yes,Low,Data Scientist,Medium
Student_1493,20,Science,71,70,64,61,54,Low,4,No,Low,No,Medium,Mechanical Engineer,Medium
Student_1494,19,Science,50,53,57,60,99,Medium,9,Yes,High,Yes,High,Mechanical Engineer,Medium
Student_1495,20,Commerce,50,59,82,63,83,Low,9,Yes,High,Yes,Low,Business Manager,Medium
Student_1496,16,Science,91,55,64,80,82,High,8,No,Low,No,High,Data Scientist,Low
Student_1497,16,Commerce,39,57,37,95,49,Low,5,Yes,High,Yes,Low,Business Manager,High
Student_1498,16,Science,79,62,52,90,70,High,6,Yes,Low,Yes,Low,Software Engineer,Medium
Student_1499,22,Arts,40,53,69,34,48,High,7,No,Medium,Yes,Medium,Mechanical Engineer,Low
Student_1500,16,Science,56,66,71,40,90,Low,7,Yes,Low,No,Low,Mechanical Engineer,Medium
Student_1501,16,Arts,46,49,57,47,43,Medium,4,No,Medium,No,High,Mechanical Engineer,Medium
Student_1502,18,Commerce,82,60,88,57,41,High,9,No,High,Yes,High,Business Manager,Medium
Student_1503,19,Science,61,53,55,34,44,Medium,1,No,Low,No,High,Mechanical Engineer,Medium
Student_1504,18,Arts,81,56,79,74,57,High,2,Yes,Low,Yes,Medium,Lawyer,High
Student_1505,21,Arts,92,96,82,66,82,Low,4,No,Medium,Yes,Low,Doctor,Low
Student_1506,18,Arts,56,46,86,87,41,Low,3,Yes,Medium,Yes,Medium,Teacher,Medium
Student_1507,19,Science,58,50,70,71,74,High,2,Yes,Low,No,Low,Graphic Designer,High
Student_1508,22,Commerce,62,76,86,61,47,Medium,1,No,Low,Yes,High,Business Manager,Medium
Student_1509,19,Science,49,88,45,45,85,Low,4,No,Low,No,Low,Doctor,Low
Student_1510,16,Science,37,45,47,84,43,Medium,6,Yes,Medium,No,High,Graphic Designer,Medium
Student_1511,21,Arts,84,76,68,74,93,Medium,8,Yes,Low,Yes,Medium,Graphic Designer,Low
Student_1512,22,Arts,43,99,92,99,43,Low,6,Yes,Low,No,Medium,Doctor,Medium
Student_1513,21,Commerce,80,95,68,71,89,High,3,No,High,No,Medium,Doctor,Medium
Student_1514,20,Commerce,80,50,45,88,78,Low,8,Yes,Low,No,Medium,Software Engineer,Medium
Student_1515,22,Arts,77,70,91,55,65,Low,4,No,High,Yes,High,Teacher,Low
Student_1516,19,Commerce,64,88,99,41,46,Low,1,Yes,Medium,Yes,Medium,Doctor,High
Student_1517,19,Arts,92,93,98,56,90,Medium,1,Yes,Low,Yes,Low,Doctor,Medium
Student_1518,18,Arts,60,95,46,86,53,Medium,2,No,High,No,Medium,Doctor,High
Student_1519,16,Commerce,46,42,77,91,62,Medium,10,No,Low,Yes,High,Business Manager,Low
Student_1520,19,Commerce,35,100,93,47,82,Low,8,Yes,Low,No,Medium,Doctor,Medium
Student_1521,21,Arts,60,82,61,50,45,Medium,10,Yes,High,No,Low,Doctor,High
Student_1522,18,Science,42,79,47,91,46,High,2,No,Medium,Yes,High,Graphic Designer,Medium
Student_1523,22,Science,97,65,63,47,89,High,9,No,High,Yes,Medium,Mechanical Engineer,Low
Student_1524,17,Commerce,90,57,75,47,42,High,1,No,Low,No,Medium,Business Manager,Medium
Student_1525,17,Science,92,40,74,32,51,Medium,6,No,High,Yes,High,Mechanical Engineer,Medium
Student_1526,16,Science,38,37,52,33,69,High,7,Yes,Medium,Yes,Low,Mechanical Engineer,Medium
Student_1527,21,Arts,49,73,78,59,59,Low,2,No,High,Yes,Low,Lawyer,High
Student_1528,19,Arts,56,42,60,66,52,Low,9,Yes,High,No,High,Mechanical Engineer,High
Student_1529,20,Arts,88,84,63,44,50,Low,4,Yes,High,No,High,Doctor,High
Student_1530,17,Science,80,80,38,45,82,High,4,No,Medium,No,High,Mechanical Engineer,Low
Student_1531,21,Arts,97,61,59,75,59,Medium,8,No,High,Yes,Low,Graphic Designer,Medium
Student_1532,22,Arts,93,79,67,30,97,Medium,6,Yes,High,No,Low,Mechanical Engineer,High
Student_1533,17,Commerce,77,40,56,49,86,Low,1,No,Medium,Yes,Low,Business Manager,Medium
Student_1534,21,Commerce,78,91,56,46,79,Medium,6,No,Low,Yes,High,Doctor,Low
Student_1535,20,Commerce,88,49,75,42,55,High,6,Yes,Medium,Yes,Low,Business Manager,Medium
Student_1536,19,Arts,98,42,52,55,51,Low,7,Yes,Low,No,High,Mechanical Engineer,Medium
Student_1537,17,Commerce,76,80,96,70,50,Medium,2,Yes,High,No,Low,Business Manager,High
Student_1538,18,Science,76,48,69,60,54,Low,6,No,High,No,High,Mechanical Engineer,Medium
Student_1539,17,Commerce,55,96,62,82,48,Low,7,Yes,Low,Yes,Low,Doctor,Medium
Student_1540,16,Science,74,80,68,60,88,Medium,10,No,High,Yes,Low,Mechanical Engineer,Medium
Student_1541,22,Commerce,55,53,40,55,97,Medium,5,Yes,Low,No,High,Business Manager,Medium
Student_1542,18,Science,37,79,81,85,71,Medium,3,No,Medium,Yes,Low,Graphic Designer,Low
Student_1543,21,Science,47,100,41,97,74,High,6,No,Low,Yes,Medium,Doctor,Low
Student_1544,18,Commerce,95,97,100,41,59,Medium,1,No,High,No,Medium,Doctor,High
Student_1545,19,Science,98,88,71,87,89,Low,4,Yes,Medium,Yes,Low,Software Engineer,Medium
Student_1546,21,Arts,65,93,70,99,55,Medium,5,No,Medium,Yes,Medium,Doctor,Low
Student_1547,16,Arts,88,76,63,32,40,Medium,4,Yes,High,No,Low,Mechanical Engineer,High
Student_1548,16,Commerce,97,62,65,92,100,High,4,Yes,High,No,Low,Data Scientist,High
Student_1549,22,Arts,54,47,98,92,40,High,9,Yes,High,No,Low,Teacher,High
Student_1550,17,Science,55,70,92,41,65,Medium,9,No,Medium,No,High,Mechanical Engineer,Low
Student_1551,17,Commerce,61,49,93,45,42,Low,6,Yes,High,Yes,Low,Business Manager,High
Student_1552,16,Science,63,65,61,82,57,Medium,4,Yes,Medium,Yes,High,Graphic Designer,Medium
Student_1553,21,Science,68,58,41,66,70,Low,6,Yes,High,No,High,Mechanical Engineer,Medium
Student_1554,21,Commerce,92,61,67,58,98,Low,7,Yes,Low,No,Low,Business Manager,Medium
Student_1555,19,Arts,54,72,51,91,83,Medium,2,No,Low,Yes,Medium,Graphic Designer,Low
Student_1556,22,Arts,78,45,44,93,50,Low,3,Yes,Low,Yes,Medium,Data Scientist,Medium
Student_1557,21,Arts,66,39,60,92,99,High,6,Yes,High,Yes,Low,Graphic Designer,Medium
Student_1558,18,Arts,68,89,91,59,54,High,4,No,Medium,No,Medium,Doctor,Medium
Student_1559,22,Arts,62,98,100,65,70,Medium,8,Yes,Low,No,Medium,Doctor,Medium
Student_1560,20,Science,76,85,70,47,82,Low,5,No,Low,Yes,High,Doctor,Low
Student_1561,21,Arts,63,88,94,74,76,High,9,Yes,Medium,No,High,Doctor,Medium
Student_1562,22,Commerce,57,87,37,96,46,Low,6,Yes,Low,Yes,High,Doctor,Medium
Student_1563,18,Commerce,99,80,72,58,48,Low,5,No,High,No,Low,Business Manager,High
Student_1564,22,Science,68,77,52,59,51,High,2,No,Medium,No,High,Mechanical Engineer,Medium
Student_1565,16,Commerce,71,38,59,79,62,High,9,No,Medium,No,Medium,Data Scientist,Low
Student_1566,22,Arts,90,48,46,35,49,Medium,1,No,Low,No,Low,Mechanical Engineer,High
Student_1567,21,Commerce,47,76,67,58,55,Medium,7,No,Medium,Yes,Medium,Business Manager,Low
Student_1568,20,Commerce,57,38,55,61,77,Low,1,Yes,Low,Yes,Low,Business Manager,Medium
Student_1569,17,Science,89,59,46,58,51,Medium,3,No,Low,No,Medium,Mechanical Engineer,Medium
Student_1570,18,Science,74,83,44,30,76,Medium,10,Yes,Medium,Yes,High,Doctor,Low
Student_1571,17,Arts,58,49,35,31,55,Low,2,No,Medium,Yes,Medium,Mechanical Engineer,Medium
Student_1572,22,Commerce,75,70,39,74,94,Low,10,No,Medium,Yes,Medium,Business Manager,Low
Student_1573,18,Arts,72,94,64,41,59,Medium,10,No,High,No,Low,Doctor,High
Student_1574,19,Commerce,77,69,93,72,65,Medium,5,Yes,Low,No,Low,Business Manager,Medium
Student_1575,16,Science,53,83,48,90,54,Medium,8,No,Medium,Yes,Low,Doctor,Medium
Student_1576,20,Commerce,53,89,50,76,90,Low,7,Yes,High,No,High,Doctor,Medium
Student_1577,17,Science,52,43,81,91,53,High,8,Yes,Low,No,Medium,Graphic Designer,Medium
Student_1578,20,Science,87,67,97,90,43,Medium,5,No,Medium,Yes,Medium,Data Scientist,Low
Student_1579,16,Science,46,60,85,55,72,High,7,No,Low,Yes,Low,Mechanical Engineer,Low
Student_1580,22,Arts,43,91,80,66,96,High,7,Yes,Low,Yes,High,Doctor,Low
Student_1581,22,Arts,72,49,37,57,77,Low,2,No,Medium,No,Low,Mechanical Engineer,Medium
Student_1582,22,Science,90,38,66,76,88,High,4,No,Medium,No,High,Data Scientist,Low
Student_1583,22,Arts,44,47,77,43,61,Medium,3,Yes,High,No,Low,Lawyer,High
Student_1584,21,Commerce,99,65,42,78,94,Medium,2,Yes,Medium,No,High,Data Scientist,Medium
Student_1585,19,Arts,61,96,86,49,53,Medium,6,No,Medium,Yes,High,Doctor,Low
Student_1586,17,Science,71,67,69,73,87,Low,4,No,Medium,No,Medium,Graphic Designer,Low
Student_1587,18,Commerce,89,39,91,94,86,Low,9,No,Low,No,Low,Software Engineer,Low
Student_1588,20,Arts,35,82,70,73,84,Low,9,No,Medium,Yes,Low,Doctor,Low
Student_1589,16,Science,85,64,91,92,64,High,2,No,High,No,Medium,Software Engineer,Medium
Student_1590,22,Arts,73,55,53,53,40,Medium,7,Yes,High,Yes,High,Mechanical Engineer,High
Student_1591,20,Science,98,62,47,91,83,Medium,3,No,Medium,No,High,Software Engineer,Low
Student_1592,17,Science,97,62,48,68,100,Medium,5,Yes,High,Yes,High,Mechanical Engineer,Medium
Student_1593,19,Commerce,68,40,98,84,92,Medium,9,Yes,High,Yes,Medium,Business Manager,Medium
Student_1594,18,Arts,48,62,79,46,48,High,10,No,High,No,Low,Teacher,High
Student_1595,19,Commerce,78,68,59,49,57,High,5,No,Low,No,High,Business Manager,Medium
Student_1596,19,Science,43,56,98,91,83,Medium,3,No,Low,Yes,High,Graphic Designer,Low
Student_1597,21,Science,57,95,98,81,69,Medium,9,Yes,High,Yes,Low,Doctor,Medium
Student_1598,22,Arts,40,80,87,48,66,High,1,Yes,High,Yes,Medium,Lawyer,High
Student_1599,16,Arts,55,57,99,47,63,High,8,No,Medium,No,Low,Teacher,Low
Student_1600,21,Science,66,58,69,52,81,Medium,1,Yes,High,Yes,Medium,Mechanical Engineer,High
Student_1601,19,Commerce,64,82,44,92,67,Low,5,No,Low,Yes,Medium,Doctor,Low
Student_1602,16,Arts,91,38,77,100,98,Low,3,Yes,Low,Yes,High,Software Engineer,Low
Student_1603,19,Arts,61,83,98,38,72,High,6,No,Medium,Yes,Medium,Doctor,Low
Student_1604,22,Science,72,35,74,54,48,High,6,No,Medium,Yes,High,Mechanical Engineer,Low
Student_1605,18,Arts,52,70,36,98,74,Low,5,Yes,Low,No,Low,Graphic Designer,Medium
Student_1606,18,Science,76,50,44,83,78,Low,9,No,High,Yes,Medium,Data Scientist,Low
Student_1607,19,Arts,55,80,40,60,72,Medium,6,Yes,High,No,Low,Mechanical Engineer,High
Student_1608,18,Arts,90,59,48,71,72,Low,4,Yes,Low,Yes,High,Graphic Designer,Low
Student_1609,22,Arts,81,87,41,100,87,Low,1,No,Medium,No,High,Data Scientist,Medium
Student_1610,21,Arts,55,73,44,30,70,Low,9,No,Medium,No,Medium,Mechanical Engineer,Low
Student_1611,22,Commerce,62,88,48,42,66,High,5,Yes,Low,No,High,Doctor,Medium
Student_1612,16,Arts,80,73,82,43,81,High,4,No,Medium,Yes,Medium,Teacher,Low
Student_1613,17,Commerce,56,39,89,69,75,Medium,7,Yes,Medium,Yes,Low,Business Manager,Medium
Student_1614,17,Commerce,88,64,99,59,55,Medium,6,Yes,Low,No,High,Business Manager,Medium
Student_1615,18,Arts,42,82,36,72,40,High,8,No,Low,Yes,Low,Doctor,Medium
Student_1616,21,Commerce,80,41,80,78,71,Low,6,Yes,High,Yes,Medium,Data Scientist,Medium
Student_1617,18,Science,93,87,93,58,60,High,4,Yes,Medium,Yes,Medium,Doctor,Low
Student_1618,18,Arts,92,100,91,48,64,High,6,No,Medium,Yes,Low,Doctor,Low
Student_1619,19,Commerce,51,54,89,32,70,High,2,No,Medium,Yes,Low,Business Manager,Medium
Student_1620,17,Arts,80,56,40,90,85,High,5,No,Low,No,Medium,Data Scientist,Low
Student_1621,22,Science,42,71,82,78,75,Low,6,No,Medium,No,High,Graphic Designer,Low
Student_1622,22,Commerce,63,83,69,45,50,High,8,No,High,No,Low,Doctor,High
Student_1623,16,Commerce,89,66,39,92,69,Low,10,Yes,Low,No,High,Software Engineer,Medium
Student_1624,21,Science,45,54,86,38,68,Medium,4,No,Low,Yes,Medium,Mechanical Engineer,Low
Student_1625,17,Science,79,44,43,61,60,Low,7,Yes,High,No,Medium,Mechanical Engineer,Medium
Student_1626,20,Arts,56,96,36,57,90,Low,7,Yes,Low,No,Medium,Doctor,Medium
Student_1627,16,Science,94,55,40,92,53,High,10,No,Low,Yes,High,Software Engineer,Low
Student_1628,17,Arts,57,48,41,64,53,Medium,1,Yes,Low,Yes,High,Mechanical Engineer,High
Student_1629,22,Commerce,74,52,48,60,49,Low,2,No,High,Yes,Medium,Business Manager,High
Student_1630,18,Arts,53,82,88,39,52,Low,8,Yes,High,No,Low,Doctor,High
Student_1631,22,Science,63,42,78,85,84,High,4,No,Medium,Yes,Medium,Graphic Designer,Low
Student_1632,20,Commerce,81,45,35,79,77,Low,8,No,Low,Yes,High,Data Scientist,Low
Student_1633,17,Science,45,36,84,50,98,High,8,Yes,Medium,No,Low,Mechanical Engineer,Medium
Student_1634,16,Science,89,77,77,100,61,Low,10,No,Low,Yes,Medium,Software Engineer,Low
Student_1635,21,Science,62,48,89,56,83,Low,10,Yes,Low,No,Medium,Mechanical Engineer,Medium
Student_1636,19,Commerce,60,41,53,50,95,Medium,6,No,High,No,Medium,Business Manager,Medium
Student_1637,20,Arts,60,68,55,47,50,Low,9,Yes,Low,No,High,Mechanical Engineer,Medium
Student_1638,19,Arts,93,66,65,44,96,Low,5,No,Medium,Yes,Low,Mechanical Engineer,Low
Student_1639,18,Commerce,49,53,96,40,66,Low,9,No,High,Yes,Low,Business Manager,Medium
Student_1640,16,Commerce,43,77,95,90,45,Medium,6,Yes,Medium,No,Medium,Business Manager,Medium
Student_1641,18,Science,75,48,90,62,76,Low,8,No,High,Yes,Medium,Mechanical Engineer,Low
Student_1642,20,Commerce,63,82,84,94,51,Medium,1,No,Low,No,Medium,Doctor,Medium
Student_1643,21,Science,75,44,77,68,60,Medium,5,No,High,Yes,Low,Mechanical Engineer,Medium
Student_1644,22,Science,84,83,90,46,97,Medium,10,No,Medium,Yes,Medium,Doctor,Low
Student_1645,16,Commerce,57,65,81,42,51,Medium,2,No,Medium,Yes,Medium,Business Manager,Medium
Student_1646,20,Science,60,94,60,46,84,Medium,1,Yes,Medium,Yes,Low,Doctor,Medium
Student_1647,17,Science,78,38,53,78,66,Medium,3,Yes,Low,No,High,Software Engineer,Medium
Student_1648,20,Arts,42,36,65,40,66,Low,6,No,Medium,Yes,High,Mechanical Engineer,Low
Student_1649,16,Science,53,41,72,79,99,Low,7,No,Medium,No,Medium,Graphic Designer,Low
Student_1650,21,Arts,83,90,39,100,79,Medium,3,Yes,Medium,Yes,High,Software Engineer,Low
Student_1651,22,Science,81,74,54,92,45,High,6,Yes,High,Yes,Low,Software Engineer,High
Student_1652,16,Arts,83,76,99,56,94,High,1,Yes,High,Yes,Medium,Teacher,High
Student_1653,18,Commerce,90,95,36,37,57,Medium,2,No,High,No,High,Doctor,High
Student_1654,19,Science,92,71,70,36,86,High,1,No,High,Yes,High,Mechanical Engineer,Medium
Student_1655,18,Commerce,49,49,53,89,68,Medium,6,No,Low,Yes,Low,Business Manager,Low
Student_1656,21,Arts,54,60,71,55,43,Low,10,No,High,No,High,Mechanical Engineer,Medium
Student_1657,16,Arts,41,80,95,96,67,High,4,Yes,Low,No,Low,Lawyer,Medium
Student_1658,18,Science,97,79,39,34,58,High,5,No,Medium,No,High,Mechanical Engineer,Medium
Student_1659,17,Commerce,88,80,70,90,99,High,7,No,Medium,Yes,Low,Software Engineer,Low
Student_1660,16,Science,39,46,55,95,70,Low,1,Yes,High,Yes,High,Graphic Designer,High
Student_1661,22,Science,90,44,57,77,49,Medium,9,Yes,High,No,Low,Data Scientist,High
Student_1662,22,Arts,39,55,83,86,55,High,9,Yes,High,Yes,Medium,Teacher,High
Student_1663,16,Commerce,52,81,36,74,84,High,6,No,Medium,No,Medium,Doctor,Low
Student_1664,16,Commerce,57,91,69,35,54,Low,3,Yes,High,No,Medium,Doctor,High
Student_1665,19,Science,82,90,52,42,92,Low,5,No,Low,Yes,High,Doctor,Low
Student_1666,17,Science,97,73,37,45,56,Low,3,No,High,Yes,Medium,Mechanical Engineer,Medium
Student_1667,20,Arts,39,62,84,54,89,High,9,Yes,Medium,No,High,Teacher,Medium
Student_1668,16,Commerce,43,57,78,91,51,Low,9,Yes,Medium,No,Medium,Business Manager,Medium
Student_1669,21,Commerce,44,43,40,87,85,Medium,1,No,Medium,No,High,Business Manager,Medium
Student_1670,21,Arts,77,89,97,33,73,Low,4,Yes,High,Yes,Low,Doctor,Medium
Student_1671,17,Science,80,99,61,94,47,Medium,8,No,Medium,Yes,Medium,Software Engineer,Low
Student_1672,16,Science,51,48,83,81,51,Medium,7,Yes,High,No,High,Graphic Designer,High
Student_1673,16,Commerce,99,58,53,95,82,High,4,No,Low,No,Low,Software Engineer,Low
Student_1674,21,Science,99,94,36,76,87,High,2,Yes,Low,Yes,Medium,Software Engineer,Medium
Student_1675,22,Arts,37,72,91,42,45,Low,8,No,Low,No,High,Teacher,Medium
Student_1676,16,Science,49,52,48,43,75,Low,6,Yes,High,Yes,High,Mechanical Engineer,Medium
Student_1677,17,Arts,73,68,74,70,100,Low,7,Yes,Low,Yes,Low,Mechanical Engineer,Medium
Student_1678,16,Arts,77,75,77,90,93,High,9,No,Medium,Yes,Medium,Data Scientist,Low
Student_1679,19,Commerce,87,87,57,99,97,High,7,Yes,High,No,High,Data Scientist,Medium
Student_1680,21,Arts,67,39,94,75,60,Low,6,No,Medium,Yes,Medium,Lawyer,Low
Student_1681,22,Commerce,38,97,77,84,68,Medium,3,No,Low,Yes,High,Doctor,Low
Student_1682,21,Commerce,81,36,37,98,48,Low,8,No,High,No,Low,Data Scientist,High
Student_1683,20,Science,35,87,70,93,75,Medium,4,No,High,No,Medium,Doctor,Medium
Student_1684,20,Science,40,67,98,42,41,High,1,Yes,Low,Yes,High,Mechanical Engineer,High
Student_1685,20,Science,39,83,50,65,60,High,1,No,High,Yes,Medium,Doctor,Medium
Student_1686,22,Commerce,91,71,56,58,48,Low,10,No,High,No,Medium,Business Manager,Medium
Student_1687,18,Commerce,87,63,51,84,78,High,2,No,High,No,High,Data Scientist,Medium
Student_1688,19,Science,61,47,79,74,40,High,3,Yes,Low,Yes,Low,Graphic Designer,Medium
Student_1689,22,Commerce,51,82,87,95,82,Medium,10,Yes,Medium,No,Low,Doctor,Medium
Student_1690,19,Commerce,39,83,78,44,74,High,9,No,Medium,Yes,Medium,Doctor,Low
Student_1691,21,Science,56,82,77,52,93,Low,7,Yes,High,No,Medium,Doctor,Medium
Student_1692,16,Commerce,56,90,87,98,68,High,10,Yes,High,No,High,Doctor,Medium
Student_1693,19,Arts,62,35,98,67,84,Medium,9,Yes,Low,No,High,Teacher,Medium
Student_1694,20,Commerce,83,78,96,78,84,Low,10,Yes,High,No,High,Software Engineer,Medium
Student_1695,17,Arts,47,75,92,66,60,Low,9,No,Low,Yes,Medium,Teacher,Low
Student_1696,19,Commerce,98,75,51,54,53,High,8,No,Medium,No,Low,Business Manager,Medium
Student_1697,19,Commerce,62,82,37,61,94,Low,10,Yes,High,Yes,Low,Doctor,Medium
Student_1698,16,Arts,75,62,82,67,76,High,4,Yes,Low,No,High,Teacher,Medium
Student_1699,17,Commerce,42,100,60,31,81,Medium,8,Yes,Low,Yes,High,Doctor,Low
Student_1700,20,Commerce,35,91,84,42,100,Medium,6,No,High,No,Medium,Doctor,Medium
Student_1701,17,Science,80,45,95,43,70,High,3,No,High,No,Medium,Mechanical Engineer,Medium
Student_1702,16,Arts,41,67,75,70,77,High,3,Yes,Medium,Yes,Low,Mechanical Engineer,Medium
Student_1703,18,Arts,91,81,82,93,98,High,8,Yes,High,Yes,Medium,Data Scientist,Medium
Student_1704,22,Arts,38,53,84,50,79,High,8,No,Low,Yes,High,Teacher,Low
Student_1705,17,Arts,74,68,37,81,92,Low,4,Yes,High,Yes,Medium,Data Scientist,Medium
Student_1706,18,Science,66,83,67,90,53,Medium,2,No,Medium,No,Medium,Doctor,Medium
Student_1707,21,Science,87,56,49,77,86,High,9,Yes,Low,Yes,Medium,Data Scientist,Low
Student_1708,21,Commerce,71,53,77,92,40,High,6,No,Medium,Yes,Low,Data Scientist,Medium
Student_1709,22,Commerce,54,50,98,85,70,Low,3,No,Low,Yes,Medium,Business Manager,Low
Student_1710,22,Arts,41,88,56,64,95,Medium,7,No,Medium,Yes,High,Doctor,Low
Student_1711,21,Commerce,47,52,71,46,90,Low,10,Yes,Low,Yes,Medium,Business Manager,Low
Student_1712,17,Commerce,99,94,55,91,77,Low,7,No,Low,Yes,Medium,Software Engineer,Low
Student_1713,20,Commerce,90,94,70,33,43,Low,9,No,High,No,Low,Doctor,High
Student_1714,22,Science,77,66,66,63,49,High,1,No,High,No,Low,Mechanical Engineer,High
Student_1715,16,Commerce,75,74,82,62,57,High,10,Yes,Medium,No,Medium,Business Manager,Medium
Student_1716,16,Science,68,35,79,82,57,Low,10,Yes,High,No,Low,Graphic Designer,High
Student_1717,19,Arts,51,83,60,48,80,Low,4,No,Low,Yes,High,Doctor,Low
Student_1718,17,Commerce,57,41,95,82,95,Low,7,Yes,High,No,Low,Business Manager,High
Student_1719,19,Arts,69,91,60,82,64,Low,6,No,Low,No,Low,Doctor,Low
Student_1720,17,Arts,46,84,99,78,88,Medium,2,Yes,Low,No,Low,Doctor,High
Student_1721,19,Science,59,82,37,55,58,High,8,No,High,No,Medium,Doctor,Medium
Student_1722,22,Science,42,43,62,62,72,High,8,Yes,Medium,No,Medium,Mechanical Engineer,Medium
Student_1723,16,Commerce,56,93,59,73,57,High,2,Yes,High,No,High,Doctor,High
Student_1724,18,Arts,65,46,80,56,54,Low,5,Yes,Low,No,Low,Lawyer,High
Student_1725,21,Commerce,60,44,89,97,99,High,6,Yes,High,No,High,Business Manager,Medium
Student_1726,16,Science,87,86,100,38,44,Medium,2,Yes,Low,No,Low,Doctor,High
Student_1727,18,Science,77,54,65,66,85,High,3,Yes,High,Yes,Medium,Mechanical Engineer,Medium
Student_1728,16,Arts,86,91,36,93,68,Low,5,No,Low,No,Medium,Software Engineer,Low
Student_1729,16,Science,59,83,94,80,94,High,4,No,Low,No,High,Doctor,Low
Student_1730,16,Science,93,43,35,35,64,Medium,9,No,High,Yes,Medium,Mechanical Engineer,Low
Student_1731,21,Commerce,44,77,58,52,44,Medium,7,No,Low,No,Low,Business Manager,Medium
Student_1732,18,Science,95,66,65,40,43,Low,10,No,Low,Yes,Medium,Mechanical Engineer,Low
Student_1733,17,Commerce,42,57,76,68,66,Low,1,Yes,Medium,Yes,Medium,Business Manager,Medium
Student_1734,16,Science,35,72,51,78,91,High,8,Yes,Low,No,Low,Graphic Designer,Medium
Student_1735,22,Commerce,70,52,37,50,52,Medium,4,No,Medium,Yes,Medium,Business Manager,Low
Student_1736,20,Science,58,43,71,82,82,Low,10,Yes,Medium,No,Medium,Graphic Designer,Medium
Student_1737,20,Commerce,37,75,61,41,67,Low,9,Yes,Low,No,Medium,Business Manager,Medium
Student_1738,21,Commerce,76,58,61,45,87,Medium,5,No,Medium,Yes,Low,Business Manager,Low
Student_1739,16,Science,72,98,96,73,51,Medium,3,No,High,No,Medium,Doctor,Medium
Student_1740,18,Science,42,94,48,42,43,Low,3,Yes,High,No,Low,Doctor,High
Student_1741,16,Commerce,81,97,75,99,62,Low,8,No,High,Yes,Low,Software Engineer,Medium
Student_1742,18,Commerce,98,64,40,83,49,High,4,Yes,Medium,Yes,Medium,Data Scientist,Medium
Student_1743,17,Arts,46,48,62,54,42,High,2,No,Low,Yes,Low,Mechanical Engineer,Medium
Student_1744,17,Commerce,52,40,46,56,49,High,3,Yes,Medium,No,High,Business Manager,Medium
Student_1745,22,Arts,83,56,92,36,76,High,5,Yes,Low,Yes,High,Lawyer,Low
Student_1746,19,Science,61,89,76,61,80,Low,1,Yes,High,Yes,Low,Doctor,High
Student_1747,21,Commerce,65,59,74,61,97,Medium,1,No,Low,No,High,Business Manager,Medium
Student_1748,21,Science,59,70,88,53,74,Medium,2,Yes,Medium,No,Medium,Mechanical Engineer,Medium
Student_1749,17,Arts,35,71,38,57,93,Low,3,No,Medium,No,Low,Mechanical Engineer,Low
Student_1750,17,Arts,81,74,46,34,54,Medium,7,No,High,Yes,Medium,Mechanical Engineer,Medium
Student_1751,19,Commerce,74,35,96,93,93,Medium,7,No,High,No,Medium,Data Scientist,Medium
Student_1752,18,Science,49,78,62,37,46,Medium,2,No,Low,No,Medium,Mechanical Engineer,Medium
Student_1753,17,Science,85,90,43,68,41,Low,3,No,Medium,Yes,Medium,Doctor,Low
Student_1754,20,Science,65,35,69,32,97,Medium,8,No,Low,No,Low,Mechanical Engineer,Low
Student_1755,22,Commerce,49,70,63,34,77,Low,5,No,Medium,Yes,Low,Business Manager,Low
Student_1756,17,Arts,63,62,73,97,58,Low,2,Yes,Low,Yes,High,Graphic Designer,High
Student_1757,22,Commerce,81,41,89,85,79,Medium,4,Yes,Medium,Yes,Medium,Software Engineer,Low
Student_1758,19,Commerce,94,50,70,88,52,Medium,2,Yes,High,No,Medium,Software Engineer,High
Student_1759,20,Commerce,88,44,80,80,68,Medium,8,No,High,Yes,High,Software Engineer,Low
Student_1760,19,Commerce,96,39,36,96,69,Low,10,Yes,Low,No,High,Data Scientist,Medium
Student_1761,20,Science,44,37,43,82,82,Low,2,No,High,No,Low,Graphic Designer,High
Student_1762,20,Science,68,51,53,58,76,Medium,10,No,Medium,Yes,Low,Mechanical Engineer,Low
Student_1763,18,Commerce,95,35,47,63,59,High,5,No,Medium,No,Low,Business Manager,Medium
Student_1764,16,Science,42,37,73,70,70,High,1,No,High,No,Low,Mechanical Engineer,High
Student_1765,21,Arts,93,78,93,99,70,Medium,6,Yes,Medium,Yes,Low,Software Engineer,Medium
Student_1766,22,Commerce,90,60,90,34,52,High,6,No,Low,No,High,Business Manager,Medium
Student_1767,17,Arts,97,51,85,39,79,High,5,Yes,Medium,Yes,Medium,Teacher,Low
Student_1768,18,Arts,84,43,63,38,62,Low,10,No,Low,Yes,Low,Mechanical Engineer,Low
Student_1769,18,Commerce,80,76,85,34,66,High,10,No,High,No,Low,Business Manager,Medium
Student_1770,21,Arts,87,43,63,37,84,High,4,No,Low,Yes,High,Mechanical Engineer,Low
Student_1771,20,Commerce,42,64,47,77,94,Low,5,No,Low,Yes,High,Business Manager,Low
Student_1772,19,Commerce,92,49,98,34,75,Medium,5,Yes,Medium,No,Medium,Business Manager,Medium
Student_1773,17,Commerce,71,81,68,94,61,High,4,Yes,Medium,No,High,Data Scientist,Medium
Student_1774,17,Science,44,85,63,73,61,Low,4,No,High,No,Medium,Doctor,Medium
Student_1775,18,Science,59,48,45,85,46,High,4,No,Medium,No,High,Graphic Designer,Medium
Student_1776,17,Commerce,56,45,54,40,76,High,2,Yes,High,No,Low,Business Manager,High
Student_1777,16,Commerce,68,57,38,57,79,Low,9,No,High,No,High,Business Manager,Medium
Student_1778,19,Arts,40,68,44,74,94,Low,5,No,Low,Yes,Low,Graphic Designer,Low
Student_1779,21,Commerce,84,55,37,67,88,Low,4,Yes,Low,Yes,Low,Business Manager,Medium
Student_1780,22,Science,67,47,81,96,49,Low,7,Yes,Low,Yes,Medium,Graphic Designer,Medium
Student_1781,21,Commerce,38,56,57,88,52,Low,8,No,High,Yes,High,Business Manager,Medium
Student_1782,17,Science,62,90,95,60,81,High,10,No,Medium,Yes,Low,Doctor,Low
Student_1783,16,Arts,82,95,40,93,65,Low,9,Yes,Low,No,Medium,Data Scientist,Medium
Student_1784,19,Science,42,84,62,77,43,Low,7,Yes,Low,No,High,Doctor,Medium
Student_1785,16,Commerce,63,91,94,89,40,Medium,1,No,Medium,Yes,Medium,Doctor,Medium
Student_1786,18,Commerce,88,56,79,34,100,High,7,Yes,High,Yes,High,Business Manager,Medium
Student_1787,18,Commerce,65,52,78,63,90,Medium,7,Yes,Medium,No,High,Business Manager,Medium
Student_1788,16,Arts,66,54,40,63,43,High,5,Yes,Medium,Yes,High,Mechanical Engineer,Medium
Student_1789,20,Arts,83,36,80,88,72,High,2,No,Medium,Yes,Medium,Data Scientist,Low
Student_1790,21,Commerce,81,98,38,73,55,High,6,No,High,Yes,Low,Doctor,Medium
Student_1791,21,Commerce,49,54,93,58,90,High,6,Yes,Medium,No,Medium,Business Manager,Medium
Student_1792,20,Commerce,79,85,77,86,88,High,2,Yes,High,No,High,Data Scientist,High
Student_1793,17,Arts,87,57,100,30,70,Low,5,No,Medium,Yes,Low,Teacher,Low
Student_1794,16,Science,49,75,73,85,43,Medium,7,No,Medium,No,Low,Graphic Designer,Medium
Student_1795,16,Commerce,66,66,93,66,98,High,3,Yes,Medium,Yes,High,Business Manager,Low
Student_1796,16,Arts,85,68,51,49,70,High,2,No,Low,No,Medium,Mechanical Engineer,Medium
Student_1797,16,Science,56,87,42,76,97,Medium,3,No,High,No,Medium,Doctor,Medium
Student_1798,17,Arts,76,67,38,56,57,Medium,4,No,Low,No,High,Mechanical Engineer,Medium
Student_1799,16,Arts,57,54,52,56,66,Low,5,No,Low,No,Medium,Mechanical Engineer,Low
Student_1800,18,Science,54,91,91,70,80,Medium,2,Yes,Low,No,High,Doctor,Medium
Student_1801,21,Commerce,68,82,61,87,76,Low,2,Yes,Low,No,High,Doctor,Medium
Student_1802,17,Science,97,66,90,86,99,High,1,No,Medium,Yes,Medium,Software Engineer,Low
Student_1803,16,Arts,80,89,47,92,94,High,4,Yes,High,Yes,Low,Data Scientist,Medium
Student_1804,21,Commerce,43,72,91,79,47,Low,10,Yes,High,No,High,Business Manager,High
Student_1805,17,Science,96,95,65,92,92,High,3,No,High,No,Medium,Data Scientist,Medium
Student_1806,21,Science,43,52,35,68,43,Low,8,Yes,High,No,Medium,Mechanical Engineer,High
Student_1807,22,Commerce,90,37,67,72,75,Low,5,No,High,Yes,Low,Business Manager,Medium
Student_1808,19,Commerce,41,80,36,58,78,Medium,10,Yes,High,Yes,High,Business Manager,Medium
Student_1809,22,Commerce,43,60,76,32,48,Low,2,No,High,Yes,High,Business Manager,High
Student_1810,21,Commerce,67,88,88,90,82,High,7,No,Low,Yes,High,Doctor,Low
Student_1811,22,Commerce,91,68,94,84,68,High,9,No,High,Yes,Low,Software Engineer,Medium
Student_1812,19,Commerce,47,44,63,99,69,Low,2,Yes,High,Yes,High,Business Manager,High
Student_1813,16,Science,57,78,100,57,48,Medium,6,No,Medium,Yes,Medium,Mechanical Engineer,Low
Student_1814,17,Commerce,66,99,64,71,75,High,9,Yes,Medium,Yes,High,Doctor,Low
Student_1815,20,Arts,47,92,61,42,67,Medium,8,No,High,Yes,Medium,Doctor,Low
Student_1816,22,Science,74,40,53,38,59,High,2,No,Medium,Yes,Low,Mechanical Engineer,Medium
Student_1817,19,Arts,43,42,98,40,55,Low,3,No,Medium,No,Medium,Teacher,Medium
Student_1818,21,Commerce,39,53,41,53,95,Medium,5,Yes,High,No,Low,Business Manager,High
Student_1819,17,Arts,49,75,87,82,68,Low,4,No,Low,Yes,High,Teacher,Low
Student_1820,20,Commerce,52,60,79,41,92,Low,2,Yes,Medium,No,Medium,Business Manager,Medium
Student_1821,16,Commerce,39,92,43,69,42,High,1,No,Low,No,High,Doctor,Medium
Student_1822,20,Science,50,70,58,85,66,Low,4,No,Medium,Yes,Medium,Graphic Designer,Low
Student_1823,18,Science,99,62,64,44,64,High,1,No,Medium,Yes,High,Mechanical Engineer,Low
Student_1824,18,Science,92,87,59,86,51,Medium,7,No,Low,Yes,High,Data Scientist,Low
Student_1825,17,Commerce,75,84,76,85,56,Low,4,Yes,High,No,Low,Software Engineer,High
Student_1826,21,Science,75,83,94,58,98,Low,6,Yes,High,No,Low,Doctor,High
Student_1827,18,Arts,45,85,63,36,52,Medium,8,No,Medium,No,Low,Doctor,Medium
Student_1828,17,Arts,82,52,46,85,44,Medium,1,Yes,Low,Yes,High,Data Scientist,High
Student_1829,18,Arts,52,74,40,84,56,Low,8,No,Medium,Yes,Low,Graphic Designer,Medium
Student_1830,21,Commerce,98,70,76,94,47,Low,1,Yes,High,Yes,High,Software Engineer,High
Student_1831,21,Commerce,89,63,41,62,64,Low,8,No,Low,Yes,High,Business Manager,Low
Student_1832,16,Science,93,43,47,41,98,High,1,No,Medium,Yes,Medium,Mechanical Engineer,Low
Student_1833,20,Commerce,70,86,41,49,77,High,3,Yes,High,No,High,Doctor,Medium
Student_1834,17,Arts,90,95,91,58,53,High,9,No,Medium,No,Low,Doctor,Medium
Student_1835,19,Arts,89,72,63,95,100,High,4,Yes,Medium,No,High,Data Scientist,Medium
Student_1836,20,Science,94,89,94,67,84,High,5,Yes,High,Yes,High,Doctor,Medium
Student_1837,17,Commerce,80,91,71,90,63,Medium,10,Yes,Medium,Yes,Low,Software Engineer,Medium
Student_1838,20,Commerce,45,79,68,75,61,High,3,No,High,No,High,Business Manager,Medium
Student_1839,20,Science,73,35,53,52,47,Medium,2,No,Low,Yes,Low,Mechanical Engineer,Medium
Student_1840,20,Arts,77,79,68,70,74,Low,5,No,Medium,Yes,Medium,Mechanical Engineer,Low
Student_1841,20,Arts,93,75,58,33,84,Low,6,No,Medium,No,Medium,Mechanical Engineer,Low
Student_1842,17,Science,92,43,95,75,68,Low,10,Yes,High,Yes,High,Graphic Designer,Medium
Student_1843,17,Science,99,89,49,81,57,Low,6,Yes,Low,No,Medium,Data Scientist,Medium
Student_1844,22,Commerce,47,61,94,50,54,High,7,No,Low,No,Medium,Business Manager,Medium
Student_1845,18,Commerce,41,81,98,84,52,High,2,Yes,Medium,No,Low,Doctor,High
Student_1846,22,Arts,57,91,95,47,54,Low,2,No,Medium,Yes,High,Doctor,Medium
Student_1847,16,Arts,50,42,49,61,87,Medium,9,No,Low,No,High,Mechanical Engineer,Low
Student_1848,19,Science,47,38,37,39,62,Medium,3,No,Medium,No,High,Mechanical Engineer,Low
Student_1849,21,Arts,90,63,61,73,85,Medium,7,No,Low,Yes,Low,Graphic Designer,Low
Student_1850,16,Science,50,42,50,75,43,High,4,No,High,Yes,High,Graphic Designer,Medium
Student_1851,19,Science,56,71,44,100,73,Medium,6,Yes,Medium,Yes,High,Graphic Designer,Low
Student_1852,22,Science,84,74,82,35,72,Low,4,No,High,No,Low,Mechanical Engineer,Medium
Student_1853,18,Science,72,47,65,44,92,Low,2,No,Medium,Yes,Medium,Mechanical Engineer,Low
Student_1854,21,Commerce,65,85,39,52,40,Low,1,Yes,Low,Yes,Medium,Doctor,High
Student_1855,21,Commerce,41,94,69,62,100,Medium,2,Yes,Medium,Yes,High,Doctor,Medium
Student_1856,21,Arts,84,80,50,32,45,High,1,No,High,Yes,High,Mechanical Engineer,High
Student_1857,19,Science,61,80,55,100,90,Low,9,No,Medium,No,Low,Graphic Designer,Low
Student_1858,20,Arts,38,75,74,50,70,High,4,Yes,Low,No,Medium,Mechanical Engineer,Medium
Student_1859,17,Arts,66,76,95,85,67,Low,9,No,High,Yes,Medium,Teacher,Low
Student_1860,21,Science,88,68,49,75,49,Medium,3,Yes,Medium,Yes,Medium,Graphic Designer,Medium
Student_1861,18,Commerce,47,42,37,35,91,Medium,3,No,High,Yes,Medium,Business Manager,Low
Student_1862,19,Arts,67,63,40,97,55,Medium,9,Yes,High,Yes,High,Graphic Designer,High
Student_1863,20,Arts,82,94,61,77,55,High,8,No,High,Yes,Low,Data Scientist,Medium
Student_1864,20,Arts,57,97,92,53,48,Medium,6,Yes,Medium,No,Medium,Doctor,Medium
Student_1865,20,Commerce,93,94,57,80,76,Low,8,No,High,No,High,Data Scientist,Medium
Student_1866,18,Arts,79,37,73,48,40,High,3,Yes,Medium,No,Medium,Mechanical Engineer,Medium
Student_1867,21,Arts,40,83,43,96,71,Medium,8,Yes,Medium,No,Low,Doctor,Medium
Student_1868,16,Commerce,58,77,62,93,61,Low,3,Yes,Medium,Yes,High,Business Manager,Low
Student_1869,19,Science,100,35,82,45,88,Medium,5,Yes,Medium,No,Low,Mechanical Engineer,Medium
Student_1870,22,Science,47,83,39,35,55,High,4,No,Low,No,High,Doctor,Medium
Student_1871,18,Arts,56,45,98,99,99,Medium,8,No,Medium,No,Low,Teacher,Low
Student_1872,17,Science,89,59,40,43,84,High,9,Yes,Low,Yes,Medium,Mechanical Engineer,Low
Student_1873,21,Arts,43,53,54,80,75,High,4,Yes,Low,No,Low,Graphic Designer,Medium
Student_1874,20,Science,96,49,46,47,87,High,2,Yes,Low,No,Low,Mechanical Engineer,High
Student_1875,22,Commerce,53,40,77,48,83,High,2,Yes,Medium,Yes,Low,Business Manager,Medium
Student_1876,19,Commerce,71,52,77,86,92,High,8,No,Low,Yes,Medium,Data Scientist,Low
Student_1877,17,Science,74,79,51,71,45,High,3,Yes,Medium,No,High,Graphic Designer,Medium
Student_1878,17,Commerce,71,62,35,77,41,High,8,Yes,Low,Yes,High,Data Scientist,Medium
Student_1879,22,Commerce,65,57,46,72,69,Low,2,Yes,Low,Yes,Low,Business Manager,Medium
Student_1880,18,Science,45,91,42,64,45,High,2,Yes,High,Yes,Low,Doctor,High
Student_1881,18,Science,43,40,64,89,54,Low,7,No,Medium,Yes,Medium,Graphic Designer,Low
Student_1882,18,Commerce,60,93,40,91,54,Low,3,No,Medium,Yes,Medium,Doctor,Low
Student_1883,22,Arts,96,96,77,31,65,Low,6,Yes,High,Yes,Medium,Doctor,Medium
Student_1884,20,Arts,78,76,78,99,49,Low,1,Yes,Low,No,High,Software Engineer,High
Student_1885,16,Science,42,85,82,94,64,Medium,3,Yes,Low,No,High,Doctor,Medium
Student_1886,20,Science,47,47,48,96,95,Low,1,Yes,Medium,Yes,Low,Graphic Designer,Medium
Student_1887,20,Science,62,89,85,73,83,High,6,No,Medium,Yes,High,Doctor,Low
Student_1888,16,Arts,39,35,94,70,89,Medium,5,Yes,High,No,High,Lawyer,Medium
Student_1889,20,Arts,95,59,84,71,49,Medium,8,Yes,Low,Yes,High,Teacher,Medium
Student_1890,22,Commerce,87,39,64,70,49,Low,1,Yes,Medium,Yes,Low,Business Manager,High
Student_1891,22,Science,47,85,47,78,86,Medium,4,Yes,Low,No,High,Doctor,Medium
Student_1892,16,Commerce,39,63,48,50,91,Medium,1,No,Medium,No,Medium,Business Manager,Medium
Student_1893,17,Arts,47,37,88,44,50,Low,4,No,High,No,Medium,Lawyer,Medium
Student_1894,18,Arts,45,52,95,39,41,High,4,Yes,Low,Yes,High,Teacher,Medium
Student_1895,17,Arts,82,68,70,71,77,Medium,3,No,High,No,Low,Graphic Designer,Medium
Student_1896,16,Commerce,66,96,62,85,81,Low,5,No,High,Yes,High,Doctor,Low
Student_1897,18,Science,57,63,92,68,53,High,2,Yes,Medium,Yes,Low,Mechanical Engineer,High
Student_1898,18,Science,84,48,57,55,78,Medium,3,Yes,High,Yes,Low,Mechanical Engineer,Medium
Student_1899,20,Arts,84,96,42,59,70,Medium,3,No,High,No,Medium,Doctor,Medium
Student_1900,22,Commerce,62,59,90,98,48,Low,8,No,Medium,No,Low,Business Manager,Medium
Student_1901,16,Commerce,41,68,43,80,76,High,7,No,Low,No,Low,Business Manager,Low
Student_1902,20,Arts,38,79,58,99,90,Medium,8,No,Medium,No,High,Graphic Designer,Low
Student_1903,18,Science,96,36,73,82,89,Low,6,Yes,High,No,Low,Data Scientist,High
Student_1904,20,Commerce,89,45,52,80,79,High,2,No,Low,Yes,Medium,Data Scientist,Low
Student_1905,19,Arts,64,40,85,97,78,Medium,4,Yes,Medium,No,Medium,Teacher,Medium
Student_1906,18,Science,57,83,58,58,78,High,3,Yes,Medium,Yes,Low,Doctor,Medium
Student_1907,16,Commerce,92,49,40,36,74,Low,5,No,Medium,No,High,Business Manager,Low
Student_1908,19,Commerce,95,42,85,92,49,Medium,10,Yes,Medium,Yes,High,Software Engineer,Medium
Student_1909,17,Arts,83,74,38,31,48,Medium,2,Yes,High,No,High,Mechanical Engineer,High
Student_1910,21,Arts,62,91,67,36,57,Low,3,No,Medium,No,High,Doctor,Medium
Student_1911,21,Science,56,41,63,87,76,High,2,No,Low,No,High,Graphic Designer,Medium
Student_1912,18,Science,67,45,58,85,95,Low,2,Yes,Low,No,Low,Graphic Designer,High
Student_1913,17,Science,50,70,92,80,92,Medium,8,Yes,High,Yes,Low,Graphic Designer,Medium
Student_1914,22,Arts,89,81,68,50,60,Low,7,Yes,Medium,No,Medium,Doctor,Medium
Student_1915,18,Science,93,91,48,83,75,Medium,8,Yes,Medium,No,Medium,Data Scientist,Medium
Student_1916,22,Arts,90,81,95,65,48,Medium,8,Yes,High,No,Low,Doctor,High
Student_1917,17,Commerce,49,71,73,73,59,Medium,5,Yes,High,Yes,Low,Business Manager,High
Student_1918,22,Science,48,44,76,91,71,Low,1,Yes,High,Yes,Medium,Graphic Designer,High
Student_1919,22,Arts,63,94,68,79,41,Medium,8,Yes,Medium,Yes,High,Doctor,Medium
Student_1920,19,Commerce,37,73,95,91,43,High,3,No,High,No,Low,Business Manager,High
Student_1921,21,Science,41,99,46,40,84,Low,4,Yes,High,No,High,Doctor,Medium
Student_1922,20,Arts,38,36,64,31,79,High,6,No,Medium,Yes,Medium,Mechanical Engineer,Low
Student_1923,22,Arts,79,47,60,99,53,High,9,Yes,High,No,High,Software Engineer,High
Student_1924,16,Commerce,63,82,53,86,53,Low,9,No,Medium,No,Low,Doctor,Medium
Student_1925,20,Science,96,96,73,75,80,High,7,Yes,Medium,No,High,Doctor,Medium
Student_1926,17,Arts,44,71,51,51,68,Medium,6,Yes,High,Yes,Medium,Mechanical Engineer,Medium
Student_1927,20,Science,49,38,47,84,82,Medium,7,Yes,High,Yes,High,Graphic Designer,Medium
Student_1928,18,Science,40,60,87,47,58,Low,8,Yes,Low,Yes,Medium,Mechanical Engineer,Medium
Student_1929,22,Science,81,48,37,81,51,High,5,No,Medium,No,Medium,Data Scientist,Medium
Student_1930,18,Arts,73,99,40,48,40,Medium,6,No,Low,Yes,High,Doctor,Low
Student_1931,18,Science,37,40,69,38,42,Low,5,No,Medium,No,Medium,Mechanical Engineer,Medium
Student_1932,22,Arts,73,60,72,64,82,High,4,Yes,Medium,No,Low,Mechanical Engineer,Medium
Student_1933,16,Commerce,88,93,96,77,87,High,10,Yes,High,Yes,Low,Data Scientist,Medium
Student_1934,22,Science,63,100,67,60,79,Low,4,No,High,No,Medium,Doctor,Medium
Student_1935,21,Commerce,62,47,91,94,57,Low,5,No,High,Yes,Medium,Business Manager,Medium
Student_1936,19,Science,35,94,74,39,61,High,7,Yes,Medium,No,Medium,Doctor,Medium
Student_1937,16,Arts,83,52,65,66,45,Low,9,Yes,Low,Yes,Medium,Mechanical Engineer,Medium
Student_1938,22,Commerce,49,54,45,38,46,High,7,No,Medium,No,Low,Business Manager,Medium
Student_1939,18,Commerce,94,43,50,100,73,Medium,4,Yes,Medium,No,Low,Data Scientist,Medium
Student_1940,19,Arts,58,92,40,30,50,Medium,3,No,Low,No,High,Doctor,Medium
Student_1941,18,Commerce,42,83,80,64,47,High,5,No,Medium,No,High,Doctor,Medium
Student_1942,16,Science,62,65,36,46,89,Medium,7,Yes,High,Yes,Medium,Mechanical Engineer,Medium
Student_1943,18,Arts,46,79,58,94,73,High,3,No,Medium,Yes,High,Graphic Designer,Low
Student_1944,16,Science,53,66,68,67,58,Medium,8,Yes,Medium,Yes,Medium,Mechanical Engineer,Medium
Student_1945,22,Arts,91,59,77,53,99,Low,9,No,High,No,Low,Teacher,Medium
Student_1946,22,Commerce,58,35,100,78,47,Low,6,No,Low,Yes,High,Business Manager,Low
Student_1947,22,Commerce,42,88,63,35,69,Medium,2,Yes,Medium,No,High,Doctor,Medium
Student_1948,19,Science,40,73,68,36,75,High,1,No,Medium,No,Medium,Mechanical Engineer,Medium
Student_1949,17,Science,71,35,59,37,46,Medium,5,No,Low,No,Low,Mechanical Engineer,Medium
Student_1950,20,Science,42,65,56,42,100,High,5,Yes,High,No,Medium,Mechanical Engineer,Medium
Student_1951,16,Commerce,71,39,71,82,57,Low,9,Yes,High,No,Low,Software Engineer,High
Student_1952,20,Commerce,40,67,66,70,48,Low,1,Yes,High,No,High,Business Manager,High
Student_1953,17,Commerce,64,63,58,61,53,High,8,Yes,High,Yes,High,Business Manager,High
Student_1954,21,Commerce,57,72,83,61,88,High,8,No,Medium,No,Low,Business Manager,Low
Student_1955,20,Science,85,73,61,54,77,High,6,No,Low,No,Low,Mechanical Engineer,Low
Student_1956,19,Arts,70,69,46,80,54,Medium,2,Yes,High,Yes,Medium,Graphic Designer,High
Student_1957,22,Science,82,36,59,30,45,Medium,7,No,Low,No,High,Mechanical Engineer,Medium
Student_1958,20,Arts,81,91,44,59,71,Medium,5,Yes,Low,No,Medium,Doctor,Medium
Student_1959,22,Arts,75,80,37,96,66,Low,7,Yes,Low,Yes,High,Software Engineer,Low
Student_1960,19,Science,62,77,58,47,99,Medium,10,No,Low,Yes,Low,Mechanical Engineer,Low
Student_1961,21,Arts,39,65,53,89,49,Low,7,No,High,Yes,Low,Graphic Designer,Medium
Student_1962,17,Arts,89,52,55,76,60,Medium,1,Yes,High,Yes,Low,Data Scientist,High
Student_1963,22,Science,44,98,54,46,55,Low,1,No,Medium,No,Low,Doctor,High
Student_1964,17,Arts,83,63,92,39,82,High,3,No,High,Yes,Medium,Lawyer,Low
Student_1965,20,Arts,52,44,38,57,44,High,9,No,Medium,Yes,High,Mechanical Engineer,Low
Student_1966,16,Commerce,62,40,80,54,82,Low,4,Yes,High,No,High,Business Manager,Medium
Student_1967,20,Commerce,69,76,37,48,45,Low,1,No,Low,Yes,Low,Business Manager,Medium
Student_1968,22,Commerce,97,39,77,49,97,High,8,Yes,Low,Yes,Medium,Business Manager,Low
Student_1969,16,Science,76,66,88,95,49,Low,7,Yes,Low,No,Low,Data Scientist,High
Student_1970,17,Arts,73,83,70,61,40,Medium,4,Yes,High,Yes,Low,Doctor,High
Student_1971,19,Commerce,43,60,97,59,79,Low,8,No,Low,No,Medium,Business Manager,Low
Student_1972,19,Arts,55,83,74,34,57,Medium,3,No,Medium,No,Medium,Doctor,Medium
Student_1973,21,Commerce,69,64,53,30,76,Low,4,No,High,No,Medium,Business Manager,Medium
Student_1974,16,Science,82,41,49,50,91,Medium,10,Yes,Medium,Yes,Low,Mechanical Engineer,Medium
Student_1975,16,Commerce,69,78,65,36,46,Medium,10,No,High,Yes,Low,Business Manager,Medium
Student_1976,21,Arts,76,70,78,81,80,Medium,8,Yes,Medium,Yes,Low,Software Engineer,Medium
Student_1977,16,Commerce,46,51,80,66,87,Medium,7,No,High,No,Medium,Business Manager,Medium
Student_1978,17,Arts,85,47,69,53,40,High,5,No,High,Yes,High,Mechanical Engineer,Medium
Student_1979,20,Science,56,42,71,41,70,Low,1,Yes,Low,No,Low,Mechanical Engineer,High
Student_1980,16,Commerce,39,39,36,50,92,Medium,5,No,Low,No,Medium,Business Manager,Low
Student_1981,16,Arts,48,77,64,50,60,High,1,Yes,High,No,Medium,Mechanical Engineer,High
Student_1982,18,Commerce,68,41,40,94,96,Medium,8,Yes,High,Yes,High,Business Manager,Medium
Student_1983,19,Arts,48,67,81,48,60,High,7,Yes,High,Yes,High,Lawyer,Medium
Student_1984,17,Commerce,74,61,99,45,48,High,5,No,Low,No,High,Business Manager,Medium
Student_1985,21,Arts,53,47,37,50,82,Low,9,Yes,High,No,Medium,Mechanical Engineer,Medium
Student_1986,19,Arts,87,83,78,56,46,Low,2,Yes,Medium,Yes,High,Doctor,High
Student_1987,22,Arts,86,45,80,93,54,Low,4,No,High,Yes,Low,Data Scientist,Medium
Student_1988,16,Commerce,66,86,68,38,60,Medium,9,Yes,Medium,No,Medium,Doctor,Medium
Student_1989,22,Arts,94,85,89,42,46,High,8,Yes,Low,Yes,Medium,Doctor,Medium
Student_1990,20,Science,99,78,53,30,92,Medium,6,Yes,Medium,No,High,Mechanical Engineer,Medium
Student_1991,21,Science,56,50,63,80,63,Low,4,Yes,Low,No,High,Graphic Designer,Medium
Student_1992,21,Science,97,72,94,64,47,Medium,5,Yes,Medium,No,Low,Mechanical Engineer,High
Student_1993,19,Commerce,80,78,38,31,46,Medium,2,Yes,Medium,Yes,Medium,Business Manager,High
Student_1994,20,Commerce,84,90,67,62,78,High,5,Yes,Medium,Yes,High,Doctor,Low
Student_1995,20,Science,81,55,80,53,87,High,7,No,Low,Yes,Low,Mechanical Engineer,Low
Student_1996,20,Commerce,65,73,59,93,77,Medium,7,Yes,Low,No,Low,Business Manager,Medium
Student_1997,19,Science,56,43,72,88,52,Medium,2,Yes,Medium,Yes,Medium,Graphic Designer,High
Student_1998,17,Commerce,85,100,73,55,99,Low,7,Yes,Medium,Yes,Low,Doctor,Medium
Student_1999,21,Arts,88,57,64,71,61,Medium,4,Yes,Medium,No,Low,Graphic Designer,Medium
Student_2000,20,Arts,86,92,99,40,69,Low,9,No,Low,Yes,Low,Doctor,Low
Student_2001,16,Arts,36,57,77,42,84,High,9,No,Low,Yes,Low,Lawyer,Low
Student_2002,17,Arts,58,43,100,70,73,Medium,1,Yes,Medium,No,Medium,Lawyer,Medium
Student_2003,22,Science,35,59,92,52,40,High,3,Yes,Low,Yes,Medium,Mechanical Engineer,Medium
Student_2004,18,Commerce,84,97,49,51,81,Medium,2,No,Low,No,Low,Doctor,Medium
Student_2005,20,Arts,47,98,100,83,92,High,9,Yes,Low,Yes,Medium,Doctor,Low
Student_2006,22,Commerce,70,55,93,34,70,Low,1,No,Low,No,Medium,Business Manager,Medium
Student_2007,18,Arts,85,53,67,33,52,High,8,No,Low,No,High,Mechanical Engineer,Medium
Student_2008,18,Science,72,53,82,68,93,High,3,Yes,High,Yes,High,Mechanical Engineer,Medium
Student_2009,18,Science,68,73,36,61,89,Low,10,No,High,Yes,Medium,Mechanical Engineer,Low
Student_2010,21,Science,75,71,56,49,77,Medium,1,Yes,Low,Yes,Low,Mechanical Engineer,Medium
Student_2011,19,Arts,97,50,54,93,72,Low,10,No,High,Yes,Low,Data Scientist,Medium
Student_2012,21,Commerce,43,87,97,62,56,Medium,10,Yes,High,No,Low,Doctor,High
Student_2013,21,Arts,38,46,70,45,50,Low,2,No,Medium,Yes,Medium,Mechanical Engineer,Medium
Student_2014,21,Science,71,64,48,61,41,High,2,No,High,Yes,Medium,Mechanical Engineer,High
Student_2015,19,Science,83,70,90,30,61,Low,2,Yes,Low,Yes,Low,Mechanical Engineer,Medium
Student_2016,18,Arts,96,93,90,61,63,Medium,7,Yes,Low,Yes,High,Doctor,Low
Student_2017,22,Science,59,39,86,49,89,Low,8,No,Medium,No,Medium,Mechanical Engineer,Low
Student_2018,19,Science,88,41,72,31,88,Low,1,No,High,Yes,Low,Mechanical Engineer,Medium
Student_2019,21,Arts,49,37,41,90,95,Medium,8,No,High,No,High,Graphic Designer,Medium
Student_2020,22,Commerce,35,85,94,32,64,High,2,Yes,Low,Yes,High,Doctor,Medium
Student_2021,21,Science,84,84,40,86,43,Medium,8,No,High,No,Low,Data Scientist,High
Student_2022,22,Science,56,87,100,53,73,Low,9,Yes,Low,No,Low,Doctor,Medium
Student_2023,20,Commerce,49,90,42,87,46,Medium,7,Yes,High,Yes,Medium,Doctor,High
Student_2024,17,Science,74,42,75,97,42,Medium,8,No,Medium,No,Low,Software Engineer,Medium
Student_2025,17,Commerce,51,57,67,59,63,High,10,No,High,Yes,High,Business Manager,Low
Student_2026,20,Science,83,68,76,57,80,Medium,1,No,Medium,No,Medium,Mechanical Engineer,Medium
Student_2027,16,Arts,92,38,54,100,93,Low,7,No,Medium,No,Low,Software Engineer,Low
Student_2028,16,Arts,39,98,79,64,77,Low,4,No,High,Yes,Low,Doctor,Medium
Student_2029,19,Arts,78,63,80,80,70,Low,4,Yes,Medium,Yes,Low,Software Engineer,Medium
Student_2030,20,Commerce,71,40,46,66,84,Low,5,No,Low,No,High,Business Manager,Low
Student_2031,20,Commerce,99,56,64,32,49,High,2,No,Low,Yes,High,Business Manager,Medium
Student_2032,17,Science,59,98,75,78,85,High,10,Yes,Medium,Yes,Medium,Doctor,Low
Student_2033,21,Arts,62,74,43,96,66,Low,7,No,Low,Yes,High,Graphic Designer,Low
Student_2034,22,Commerce,93,99,77,59,95,Medium,2,No,High,No,High,Doctor,Medium
Student_2035,21,Arts,54,73,57,83,62,High,4,No,Low,Yes,High,Graphic Designer,Low
Student_2036,18,Science,96,67,45,88,79,Medium,9,Yes,Low,Yes,Low,Data Scientist,Medium
Student_2037,19,Science,77,66,74,41,87,Medium,3,No,High,No,Medium,Mechanical Engineer,Medium
Student_2038,20,Commerce,99,56,43,54,100,High,6,No,High,No,High,Business Manager,Medium
Student_2039,20,Science,91,37,47,58,58,Low,7,Yes,Medium,No,High,Mechanical Engineer,Medium
Student_2040,18,Commerce,71,41,94,32,67,Medium,1,Yes,High,Yes,High,Business Manager,High
Student_2041,17,Science,53,88,99,86,81,High,9,No,Low,Yes,High,Doctor,Low
Student_2042,17,Arts,90,96,57,67,89,Low,7,Yes,Low,Yes,Medium,Doctor,Low
Student_2043,21,Arts,91,55,72,56,86,Medium,8,Yes,Low,Yes,Low,Mechanical Engineer,Medium
Student_2044,17,Commerce,64,66,60,94,90,Medium,8,Yes,Low,Yes,High,Business Manager,Low
Student_2045,19,Commerce,99,92,35,53,97,High,8,No,High,Yes,High,Doctor,Low
Student_2046,20,Commerce,46,36,56,30,99,High,3,No,Medium,No,Medium,Business Manager,Low
Student_2047,22,Commerce,77,47,84,78,69,Low,2,Yes,Medium,No,Low,Software Engineer,High
Student_2048,17,Science,63,44,48,92,95,High,1,Yes,High,Yes,Low,Graphic Designer,High
Student_2049,22,Science,53,98,86,72,75,High,10,Yes,Low,Yes,Low,Doctor,Medium
Student_2050,16,Commerce,92,68,39,100,66,High,1,No,Medium,Yes,Low,Software Engineer,Medium
Student_2051,21,Commerce,99,98,89,63,95,High,2,No,High,Yes,High,Doctor,Medium
Student_2052,20,Arts,57,47,83,92,81,Medium,3,No,Medium,Yes,Medium,Teacher,Low
Student_2053,20,Commerce,49,60,50,78,41,Low,5,Yes,Medium,Yes,Low,Business Manager,Medium
Student_2054,16,Commerce,81,84,91,87,60,High,5,Yes,High,Yes,Medium,Software Engineer,Medium
Student_2055,22,Commerce,46,68,77,97,83,Low,6,Yes,High,Yes,Medium,Business Manager,Medium
Student_2056,20,Science,100,91,74,99,48,Low,6,Yes,High,Yes,Low,Data Scientist,High
Student_2057,18,Commerce,42,75,74,59,46,Medium,4,No,High,Yes,High,Business Manager,Medium
Student_2058,18,Commerce,76,86,37,77,99,Low,8,Yes,Medium,No,Medium,Software Engineer,Medium
Student_2059,18,Arts,38,84,79,99,79,Low,10,Yes,Low,No,High,Doctor,Medium
Student_2060,22,Science,76,45,38,73,41,Medium,5,Yes,High,Yes,Medium,Graphic Designer,High
Student_2061,18,Commerce,56,84,96,75,67,High,4,No,Medium,Yes,High,Doctor,Low
Student_2062,16,Science,82,79,91,71,71,High,7,Yes,Low,No,High,Graphic Designer,Medium
Student_2063,17,Science,84,50,46,47,63,High,10,No,Medium,Yes,Medium,Mechanical Engineer,Low
Student_2064,19,Arts,70,90,36,44,62,Low,8,Yes,High,No,High,Doctor,Medium
Student_2065,21,Science,63,56,78,80,61,Medium,7,Yes,Medium,Yes,Medium,Graphic Designer,Low
Student_2066,22,Commerce,40,98,44,57,45,Low,1,Yes,Low,Yes,High,Doctor,High
Student_2067,16,Science,69,67,97,48,58,Low,8,No,High,No,High,Mechanical Engineer,Medium
Student_2068,20,Science,52,99,58,84,67,High,10,No,High,No,Low,Doctor,Medium
Student_2069,16,Arts,58,88,90,92,71,High,1,No,High,No,Medium,Doctor,Medium
Student_2070,16,Arts,68,56,35,62,83,High,1,Yes,High,No,Low,Mechanical Engineer,High
Student_2071,16,Arts,41,51,65,83,89,Low,3,Yes,Low,Yes,Low,Graphic Designer,Medium
Student_2072,18,Arts,93,100,65,52,93,Medium,3,Yes,High,No,Low,Doctor,High
Student_2073,19,Science,81,100,91,55,75,Medium,3,No,Low,Yes,Low,Doctor,Low
Student_2074,22,Science,75,51,47,39,100,Low,7,No,Medium,Yes,Medium,Mechanical Engineer,Low
Student_2075,18,Arts,45,88,52,37,83,Medium,6,Yes,High,Yes,High,Doctor,Medium
Student_2076,21,Commerce,76,82,72,49,61,High,8,Yes,Medium,No,Medium,Doctor,Medium
Student_2077,19,Commerce,75,60,95,43,77,Medium,5,Yes,Low,Yes,Low,Business Manager,Medium
Student_2078,18,Science,86,39,35,63,48,High,1,No,High,No,Medium,Mechanical Engineer,High
Student_2079,22,Science,62,95,98,100,81,Medium,2,Yes,Medium,Yes,Low,Doctor,Medium
Student_2080,16,Arts,97,63,58,73,79,High,5,No,Low,No,Medium,Graphic Designer,Low
Student_2081,21,Commerce,55,38,77,44,60,Medium,7,Yes,Medium,No,Low,Business Manager,Medium
Student_2082,17,Arts,57,87,39,64,80,Low,5,Yes,Medium,No,Medium,Doctor,Medium
Student_2083,20,Arts,98,71,77,92,71,High,7,Yes,Medium,No,Low,Data Scientist,Medium
Student_2084,22,Science,94,77,63,39,78,Low,8,Yes,Medium,No,Low,Mechanical Engineer,Medium
Student_2085,16,Commerce,39,84,72,96,72,High,7,Yes,High,No,High,Doctor,Medium
Student_2086,20,Commerce,91,88,98,82,58,High,9,Yes,High,Yes,Low,Data Scientist,High
Student_2087,20,Commerce,57,62,81,48,52,Low,2,Yes,Medium,No,Low,Business Manager,High
Student_2088,22,Science,64,45,53,55,44,High,7,No,High,Yes,Medium,Mechanical Engineer,Medium
Student_2089,18,Commerce,64,87,79,47,61,Low,5,No,High,No,Low,Doctor,Medium
Student_2090,19,Science,60,48,39,59,81,Low,1,Yes,High,Yes,High,Mechanical Engineer,High
Student_2091,17,Science,95,47,58,81,74,Medium,10,No,Low,Yes,Low,Data Scientist,Low
Student_2092,16,Arts,55,89,42,64,99,High,8,Yes,Low,Yes,Medium,Doctor,Low
Student_2093,21,Commerce,96,49,54,85,45,Medium,1,Yes,Low,No,Low,Software Engineer,High
Student_2094,22,Science,42,89,65,97,74,Medium,2,Yes,High,Yes,Low,Doctor,High
Student_2095,17,Arts,76,50,58,74,57,High,1,No,High,Yes,High,Graphic Designer,High
Student_2096,18,Arts,58,85,92,39,55,Medium,10,No,Medium,No,High,Doctor,Medium
Student_2097,21,Arts,42,94,42,56,45,Low,2,No,Medium,No,Low,Doctor,High
Student_2098,16,Science,80,43,89,77,41,High,9,Yes,Low,Yes,Low,Data Scientist,Medium
Student_2099,22,Commerce,97,76,35,95,88,Medium,4,Yes,High,No,High,Data Scientist,Medium
Student_2100,22,Science,86,90,64,96,55,Medium,7,Yes,Low,No,High,Software Engineer,Medium
Student_2101,16,Science,90,41,95,90,67,Low,2,Yes,High,Yes,Low,Data Scientist,High
Student_2102,21,Commerce,56,48,82,87,41,Medium,6,No,High,No,High,Business Manager,Medium
Student_2103,19,Arts,80,85,52,84,50,Low,2,Yes,High,No,Medium,Data Scientist,High
Student_2104,21,Science,52,73,56,93,87,High,6,No,High,Yes,High,Graphic Designer,Low
Student_2105,21,Science,51,67,93,80,66,High,9,Yes,Medium,Yes,Low,Graphic Designer,Medium
Student_2106,21,Commerce,36,55,51,88,54,Medium,5,No,Medium,No,Low,Business Manager,Medium
Student_2107,21,Science,72,36,60,80,82,Medium,5,No,High,No,Medium,Software Engineer,Medium
Student_2108,21,Arts,94,44,93,44,76,High,8,Yes,Medium,Yes,High,Lawyer,Low
Student_2109,22,Commerce,70,78,53,35,57,Medium,7,Yes,Low,No,Low,Business Manager,High
Student_2110,19,Science,82,44,76,60,77,Medium,5,Yes,Medium,No,Medium,Mechanical Engineer,Medium
Student_2111,18,Commerce,88,43,71,96,66,Medium,9,Yes,Low,No,Medium,Data Scientist,Medium
Student_2112,16,Arts,35,63,81,81,94,High,3,Yes,Medium,Yes,High,Lawyer,Low
Student_2113,20,Commerce,50,83,87,49,66,Medium,5,Yes,Low,Yes,Medium,Doctor,Low
Student_2114,17,Commerce,76,85,83,37,68,Medium,9,Yes,High,Yes,Low,Doctor,Medium
Student_2115,18,Science,69,70,76,70,62,Medium,9,Yes,Low,No,High,Mechanical Engineer,Medium
Student_2116,16,Arts,47,62,60,55,89,Low,10,Yes,Medium,Yes,Medium,Mechanical Engineer,Low
Student_2117,19,Arts,74,86,36,97,79,Medium,10,No,Medium,Yes,Low,Software Engineer,Low
Student_2118,16,Science,73,39,88,97,76,Low,1,No,Medium,Yes,Medium,Data Scientist,Low
Student_2119,19,Science,55,57,54,62,98,Low,5,Yes,Medium,Yes,Medium,Mechanical Engineer,Low
Student_2120,21,Commerce,96,80,89,85,65,High,6,No,Medium,Yes,Low,Software Engineer,Low
Student_2121,19,Arts,62,46,54,98,63,Medium,8,Yes,Medium,Yes,Low,Graphic Designer,Medium
Student_2122,19,Science,99,50,64,64,73,Low,8,Yes,Low,Yes,Low,Mechanical Engineer,Medium
Student_2123,21,Arts,38,69,77,71,61,Low,6,Yes,Medium,No,Medium,Teacher,Medium
Student_2124,21,Science,54,37,95,57,71,Low,6,No,High,No,Low,Mechanical Engineer,Medium
Student_2125,16,Arts,76,83,54,59,70,Medium,8,Yes,Medium,Yes,High,Doctor,Low
Student_2126,16,Commerce,78,61,66,83,100,Medium,9,No,Low,No,High,Software Engineer,Low
Student_2127,17,Science,63,76,40,65,99,High,1,Yes,High,Yes,Medium,Mechanical Engineer,High
Student_2128,18,Science,70,65,75,37,76,High,10,No,High,Yes,High,Mechanical Engineer,Low
Student_2129,20,Science,48,70,39,64,99,Medium,5,No,Medium,Yes,Medium,Mechanical Engineer,Low
Student_2130,22,Arts,79,83,86,54,66,High,5,Yes,Medium,No,Medium,Doctor,Medium
Student_2131,17,Arts,72,55,52,49,74,Medium,5,No,High,No,Low,Mechanical Engineer,Medium
Student_2132,16,Arts,75,48,79,31,98,High,2,Yes,High,No,Low,Lawyer,High
Student_2133,22,Commerce,37,79,59,70,51,Low,2,No,High,Yes,Low,Business Manager,High
Student_2134,19,Commerce,61,86,95,43,72,High,6,Yes,Low,Yes,Medium,Doctor,Low
Student_2135,20,Science,67,57,55,71,94,Medium,1,Yes,Low,No,High,Graphic Designer,Medium
Student_2136,16,Commerce,100,73,59,93,67,High,7,Yes,Medium,No,Medium,Data Scientist,Medium
Student_2137,21,Arts,57,36,97,93,59,Low,4,Yes,Low,Yes,Medium,Teacher,Medium
Student_2138,18,Science,92,46,86,51,54,Low,9,No,Low,No,Medium,Mechanical Engineer,Medium
Student_2139,17,Science,70,100,44,74,58,Medium,9,Yes,Low,Yes,Low,Doctor,Medium
Student_2140,17,Arts,42,62,66,38,53,High,4,No,Medium,Yes,Medium,Mechanical Engineer,Low
Student_2141,20,Commerce,45,75,86,88,50,High,6,No,High,No,Low,Business Manager,High
Student_2142,19,Arts,53,40,35,46,65,High,7,Yes,Low,No,Low,Mechanical Engineer,Medium
Student_2143,21,Arts,86,79,82,63,46,Low,4,No,Low,No,Medium,Teacher,Medium
Student_2144,19,Arts,89,81,99,72,66,High,3,Yes,High,Yes,Low,Doctor,Medium
Student_2145,19,Commerce,70,88,65,80,57,Low,1,No,Medium,Yes,High,Doctor,Medium
Student_2146,21,Science,95,76,48,73,52,High,3,Yes,High,No,Medium,Graphic Designer,High
Student_2147,22,Commerce,79,58,77,91,89,Medium,2,Yes,Medium,No,High,Software Engineer,Medium
Student_2148,22,Commerce,74,88,59,56,57,Medium,5,Yes,Low,Yes,Medium,Doctor,Medium
Student_2149,16,Arts,47,51,37,76,49,High,2,No,High,Yes,High,Graphic Designer,High
Student_2150,16,Arts,83,35,74,51,86,Medium,1,Yes,Low,No,High,Mechanical Engineer,Medium
Student_2151,20,Science,88,49,44,64,86,Medium,2,No,High,Yes,High,Mechanical Engineer,Medium
Student_2152,22,Commerce,74,50,98,34,48,Low,9,No,High,Yes,High,Business Manager,Medium
Student_2153,17,Arts,40,77,86,77,53,High,4,Yes,Medium,No,Low,Teacher,High
Student_2154,16,Commerce,57,93,48,87,95,Low,1,No,High,Yes,Medium,Doctor,Medium
Student_2155,20,Commerce,53,83,84,83,77,Medium,4,Yes,Medium,Yes,Medium,Doctor,Low
Student_2156,16,Science,99,73,95,43,69,High,10,No,Medium,Yes,Medium,Mechanical Engineer,Low
Student_2157,16,Arts,73,63,64,48,46,High,2,No,High,Yes,Medium,Mechanical Engineer,High
Student_2158,22,Science,81,63,73,73,58,Low,3,Yes,Medium,Yes,Low,Graphic Designer,Medium
Student_2159,18,Arts,65,71,99,69,88,Low,7,Yes,Low,Yes,High,Teacher,Low
Student_2160,21,Arts,46,65,49,83,94,Medium,8,No,Low,No,Medium,Graphic Designer,Low
Student_2161,16,Commerce,41,58,51,50,53,High,1,No,Medium,Yes,Low,Business Manager,Medium
Student_2162,22,Arts,61,46,61,58,57,High,7,No,Medium,Yes,Low,Mechanical Engineer,Medium
Student_2163,21,Arts,90,79,85,98,76,High,2,No,Medium,No,High,Data Scientist,Medium
Student_2164,16,Commerce,56,58,85,34,55,High,8,Yes,Medium,Yes,Medium,Business Manager,Medium
Student_2165,20,Arts,71,40,40,36,81,Low,9,Yes,Medium,Yes,Medium,Mechanical Engineer,Low
Student_2166,21,Commerce,100,46,61,64,49,Low,6,No,High,No,Low,Business Manager,High
Student_2167,17,Science,95,60,37,51,88,Medium,4,Yes,High,Yes,Medium,Mechanical Engineer,Medium
Student_2168,22,Commerce,71,63,89,68,40,Medium,6,Yes,High,No,Medium,Business Manager,High
Student_2169,17,Science,69,72,74,86,73,High,8,Yes,High,Yes,Low,Graphic Designer,Medium
Student_2170,20,Commerce,39,81,85,63,48,Medium,6,No,High,No,High,Doctor,Medium
Student_2171,18,Science,82,92,48,92,87,Medium,3,No,High,No,Medium,Software Engineer,Medium
Student_2172,22,Arts,75,50,69,90,81,Low,1,No,Low,No,Medium,Data Scientist,Medium
Student_2173,22,Commerce,52,87,99,73,69,Medium,4,No,High,Yes,Low,Doctor,Medium
Student_2174,17,Arts,67,91,44,50,89,High,10,No,Low,Yes,Low,Doctor,Low
Student_2175,22,Science,82,67,47,30,45,Low,1,Yes,Medium,Yes,High,Mechanical Engineer,High
Student_2176,20,Science,63,41,90,70,52,Low,5,Yes,Medium,Yes,Medium,Mechanical Engineer,Medium
Student_2177,19,Arts,43,51,67,86,86,High,1,Yes,Low,Yes,Medium,Graphic Designer,Medium
Student_2178,21,Arts,50,99,48,55,83,Low,7,Yes,Medium,Yes,Medium,Doctor,Low
Student_2179,19,Commerce,64,71,60,96,82,Low,10,Yes,High,Yes,Medium,Business Manager,Medium
Student_2180,19,Commerce,92,57,59,31,48,High,8,No,Medium,Yes,High,Business Manager,Low
Student_2181,22,Science,78,96,51,76,58,Medium,8,No,High,No,Low,Software Engineer,High
Student_2182,22,Arts,43,93,57,73,51,High,6,Yes,High,Yes,Low,Doctor,High
Student_2183,17,Arts,79,71,100,78,64,Low,10,No,Medium,Yes,Medium,Data Scientist,Low
Student_2184,21,Commerce,36,82,69,94,48,Medium,5,Yes,Medium,No,High,Doctor,Medium
Student_2185,20,Commerce,86,77,50,73,88,Low,2,Yes,High,No,Medium,Business Manager,High
Student_2186,22,Science,50,45,55,94,54,Medium,10,No,High,No,Low,Graphic Designer,High
Student_2187,20,Science,68,76,56,31,54,Medium,1,No,Medium,Yes,Low,Mechanical Engineer,Medium
Student_2188,20,Arts,41,50,75,37,95,Medium,9,No,High,Yes,Medium,Mechanical Engineer,Low
Student_2189,20,Commerce,94,41,62,50,85,High,8,Yes,Medium,No,Low,Business Manager,Medium
Student_2190,18,Science,67,61,68,31,89,Medium,6,No,Low,Yes,Low,Mechanical Engineer,Low
Student_2191,20,Arts,54,72,89,81,80,Low,7,Yes,Low,No,Medium,Lawyer,Medium
Student_2192,20,Science,47,91,40,42,85,Medium,1,No,Low,Yes,High,Doctor,Low
Student_2193,21,Arts,91,46,54,33,76,High,4,No,High,No,Medium,Mechanical Engineer,Medium
Student_2194,17,Arts,80,73,39,35,76,Low,2,Yes,High,Yes,High,Mechanical Engineer,High
Student_2195,17,Commerce,41,92,76,85,64,Medium,3,Yes,Low,Yes,Medium,Doctor,Low
Student_2196,16,Arts,75,37,75,85,41,High,3,Yes,Low,Yes,Medium,Software Engineer,Medium
Student_2197,22,Commerce,62,87,69,52,93,High,1,No,High,Yes,Low,Doctor,Medium
Student_2198,19,Science,64,47,38,99,82,Low,4,No,Low,Yes,Medium,Graphic Designer,Low
Student_2199,20,Arts,89,73,42,62,97,High,2,No,Low,No,Low,Mechanical Engineer,Medium
Student_2200,18,Arts,55,95,41,71,99,High,10,Yes,Medium,Yes,Low,Doctor,Medium
Student_2201,16,Commerce,68,94,41,80,59,High,7,No,High,No,Medium,Doctor,Medium
Student_2202,20,Commerce,91,79,71,60,70,High,7,No,High,No,High,Business Manager,Medium
Student_2203,22,Arts,40,82,60,85,85,Medium,1,Yes,Medium,Yes,Low,Doctor,Medium
Student_2204,18,Science,78,43,79,73,72,High,2,No,Low,No,Low,Graphic Designer,Medium
Student_2205,21,Arts,90,54,81,66,46,High,9,Yes,High,Yes,Low,Teacher,High
Student_2206,22,Science,57,66,92,62,74,Low,3,Yes,High,Yes,Medium,Mechanical Engineer,Medium
Student_2207,20,Science,37,41,54,74,100,Low,7,Yes,Medium,Yes,Low,Graphic Designer,Medium
Student_2208,17,Commerce,99,82,65,65,84,Low,2,Yes,Low,Yes,High,Doctor,Medium
Student_2209,19,Science,58,75,51,89,50,High,7,Yes,High,No,Low,Graphic Designer,High
Student_2210,16,Science,53,98,63,36,68,Medium,8,Yes,Medium,Yes,Medium,Doctor,Low
Student_2211,21,Arts,57,88,67,83,80,High,2,Yes,High,Yes,Medium,Doctor,High
Student_2212,17,Arts,67,43,68,45,63,High,7,Yes,Low,No,High,Mechanical Engineer,Medium
Student_2213,21,Arts,81,81,54,55,76,High,1,Yes,Low,No,Medium,Doctor,Medium
Student_2214,22,Science,72,37,72,41,54,Medium,2,Yes,Medium,Yes,Medium,Mechanical Engineer,High
Student_2215,17,Science,62,90,41,57,43,Low,1,Yes,Low,No,High,Doctor,High
Student_2216,19,Science,52,47,85,50,95,High,2,Yes,High,Yes,Medium,Mechanical Engineer,High
Student_2217,22,Science,57,59,55,61,57,High,1,Yes,Medium,No,Low,Mechanical Engineer,High
Student_2218,19,Commerce,68,58,52,69,83,Low,1,No,High,Yes,High,Business Manager,Medium
Student_2219,20,Commerce,43,37,48,83,61,Low,7,No,Medium,No,Low,Business Manager,Low
Student_2220,17,Science,89,59,83,72,85,Low,10,No,Low,Yes,Medium,Graphic Designer,Low
Student_2221,19,Science,94,92,51,44,71,Low,5,No,Low,Yes,High,Doctor,Low
Student_2222,21,Commerce,41,51,93,75,88,Low,9,No,High,Yes,Low,Business Manager,Medium
Student_2223,20,Commerce,69,57,59,75,62,High,5,No,High,No,High,Business Manager,Medium
Student_2224,17,Arts,41,56,59,60,46,Medium,2,Yes,Medium,No,Medium,Mechanical Engineer,High
Student_2225,17,Arts,88,92,67,89,88,Low,8,No,Low,No,High,Data Scientist,Low
Student_2226,18,Arts,81,91,60,92,74,High,8,No,Medium,Yes,Low,Software Engineer,Low
Student_2227,18,Commerce,78,84,90,54,87,High,6,No,Low,Yes,Medium,Doctor,Low
Student_2228,16,Arts,100,93,79,76,74,High,1,Yes,Medium,No,Medium,Data Scientist,Medium
Student_2229,22,Science,44,72,75,66,97,Medium,2,No,High,Yes,High,Mechanical Engineer,Medium
Student_2230,21,Science,62,68,77,85,71,High,1,No,Low,Yes,Low,Graphic Designer,Medium
Student_2231,21,Arts,86,63,64,60,85,Medium,8,Yes,Low,No,Medium,Mechanical Engineer,Medium
Student_2232,20,Arts,55,39,81,74,91,Low,7,Yes,Medium,Yes,Medium,Lawyer,Low
Student_2233,16,Science,76,54,99,51,83,Medium,3,No,High,Yes,Medium,Mechanical Engineer,Low
Student_2234,19,Science,63,69,72,66,73,Medium,4,Yes,High,Yes,Low,Mechanical Engineer,Medium
Student_2235,21,Science,38,75,98,71,58,High,10,Yes,High,Yes,Low,Graphic Designer,High
Student_2236,22,Arts,67,97,67,88,57,Low,5,No,Medium,No,High,Doctor,Medium
Student_2237,17,Arts,43,58,41,36,40,High,9,Yes,Medium,No,High,Mechanical Engineer,Medium
Student_2238,22,Arts,57,90,38,35,46,Medium,5,No,Low,Yes,High,Doctor,Low
Student_2239,22,Arts,68,52,76,92,89,Medium,7,No,High,Yes,High,Teacher,Low
Student_2240,20,Commerce,79,35,96,66,72,Low,8,Yes,Low,Yes,Low,Business Manager,Medium
Student_2241,18,Commerce,95,89,48,58,72,Medium,7,Yes,Low,No,Medium,Doctor,Medium
Student_2242,21,Arts,65,79,46,83,85,High,10,No,Low,Yes,Medium,Graphic Designer,Low
Student_2243,22,Commerce,74,60,36,57,90,Low,3,No,Medium,No,Medium,Business Manager,Low
Student_2244,22,Science,39,35,84,52,50,High,1,Yes,Low,No,High,Mechanical Engineer,High
Student_2245,18,Science,83,43,38,48,78,High,10,Yes,Medium,No,High,Mechanical Engineer,Medium
Student_2246,16,Arts,61,67,83,34,61,Low,2,Yes,High,Yes,Low,Teacher,High
Student_2247,19,Arts,43,71,66,98,96,Low,6,No,Medium,No,Medium,Graphic Designer,Low
Student_2248,19,Science,44,38,63,88,46,Low,9,Yes,Low,No,Low,Graphic Designer,High
Student_2249,16,Commerce,92,93,69,57,69,High,7,Yes,High,Yes,Medium,Doctor,Medium
Student_2250,17,Science,66,80,45,94,62,Medium,2,No,Medium,Yes,Low,Graphic Designer,Medium
Student_2251,16,Science,77,42,49,47,68,High,10,No,High,No,Medium,Mechanical Engineer,Medium
Student_2252,22,Commerce,55,65,95,88,57,Low,10,Yes,Low,No,High,Business Manager,Medium
Student_2253,18,Commerce,41,75,65,37,91,Low,7,No,Medium,Yes,Medium,Business Manager,Low
Student_2254,16,Science,40,91,62,89,95,High,8,No,High,Yes,High,Doctor,Low
Student_2255,16,Science,45,57,57,35,51,Low,6,No,Medium,No,Low,Mechanical Engineer,Medium
Student_2256,19,Science,81,86,85,82,86,High,5,No,Low,No,Medium,Software Engineer,Low
Student_2257,20,Science,37,57,48,58,48,Low,6,No,Medium,Yes,High,Mechanical Engineer,Low
Student_2258,16,Commerce,36,49,95,59,56,Medium,6,No,Low,Yes,Low,Business Manager,Medium
Student_2259,18,Science,58,87,77,78,72,Medium,5,No,High,Yes,Low,Doctor,Medium
Student_2260,20,Arts,43,47,58,81,95,Low,5,No,Low,Yes,Medium,Graphic Designer,Low
Student_2261,21,Commerce,67,88,47,70,89,Medium,8,Yes,Medium,No,Medium,Doctor,Medium
Student_2262,20,Arts,71,92,65,72,95,High,8,No,Medium,No,Medium,Doctor,Low
Student_2263,21,Commerce,70,85,81,44,55,Low,9,Yes,Medium,Yes,High,Doctor,Medium
Student_2264,17,Arts,84,52,62,68,70,High,6,Yes,Medium,Yes,Low,Mechanical Engineer,Medium
Student_2265,19,Commerce,40,48,68,42,66,Medium,2,Yes,Low,Yes,Medium,Business Manager,Medium
Student_2266,16,Science,88,95,35,82,79,Medium,8,No,High,No,Medium,Software Engineer,Medium
Student_2267,21,Science,87,40,36,66,66,Low,5,No,Medium,Yes,Medium,Mechanical Engineer,Low
Student_2268,21,Commerce,74,91,40,88,61,Medium,7,No,Medium,Yes,High,Data Scientist,Low
Student_2269,21,Commerce,58,37,75,60,84,Low,8,Yes,Low,No,Low,Business Manager,Medium
Student_2270,21,Science,37,61,83,39,76,High,8,No,Low,No,High,Mechanical Engineer,Low
Student_2271,19,Commerce,46,41,55,88,96,Low,1,No,Medium,Yes,Medium,Business Manager,Low
Student_2272,19,Arts,97,88,85,33,92,High,9,Yes,Medium,Yes,Medium,Doctor,Low
Student_2273,17,Arts,97,65,86,65,70,Low,6,Yes,Low,No,Low,Lawyer,Medium
Student_2274,16,Science,50,36,54,64,69,Medium,2,Yes,Medium,Yes,Low,Mechanical Engineer,Medium
Student_2275,19,Science,96,75,94,97,91,Low,3,Yes,Low,Yes,Low,Data Scientist,Medium
Student_2276,19,Arts,82,87,69,92,91,High,6,No,Low,No,High,Software Engineer,Low
Student_2277,19,Science,50,99,43,80,44,Low,8,Yes,Low,No,High,Doctor,Medium
Student_2278,20,Commerce,43,36,60,74,71,High,2,Yes,High,Yes,High,Business Manager,High
Student_2279,16,Commerce,46,84,58,59,42,Medium,6,No,High,No,High,Doctor,Medium
Student_2280,18,Arts,44,59,60,81,60,Low,6,No,High,No,Medium,Graphic Designer,Medium
Student_2281,21,Science,45,43,43,31,59,Low,1,Yes,Low,No,Medium,Mechanical Engineer,High
Student_2282,20,Science,82,39,94,47,76,Medium,9,No,Low,No,Low,Mechanical Engineer,Low
Student_2283,16,Commerce,40,36,70,39,86,High,2,No,High,Yes,Medium,Business Manager,Medium
Student_2284,16,Science,49,77,95,32,73,High,10,No,Medium,Yes,Medium,Mechanical Engineer,Low
Student_2285,19,Commerce,42,45,86,95,90,Medium,3,No,Low,Yes,High,Business Manager,Low
Student_2286,21,Commerce,68,92,79,86,70,Medium,5,No,Medium,Yes,Medium,Doctor,Low
Student_2287,17,Arts,37,69,52,61,40,Low,2,Yes,High,Yes,High,Mechanical Engineer,High
Student_2288,16,Arts,42,77,50,42,85,Low,6,Yes,High,No,High,Mechanical Engineer,Medium
Student_2289,18,Science,51,80,47,33,59,High,10,Yes,Medium,Yes,High,Mechanical Engineer,Medium
Student_2290,16,Science,64,95,58,46,49,Low,10,Yes,Low,Yes,High,Doctor,Medium
Student_2291,18,Science,88,57,72,50,57,High,9,Yes,Medium,Yes,Medium,Mechanical Engineer,Medium
Student_2292,17,Arts,96,60,74,98,62,Low,5,Yes,Low,Yes,Low,Software Engineer,Medium
Student_2293,18,Commerce,55,100,87,56,100,Medium,2,No,Low,No,Low,Doctor,Medium
Student_2294,16,Science,94,92,55,80,90,Medium,8,Yes,Medium,No,High,Data Scientist,Medium
Student_2295,16,Commerce,95,37,58,84,84,Low,9,No,Low,Yes,Medium,Software Engineer,Low
Student_2296,18,Science,56,70,45,39,56,Medium,2,No,Low,No,Medium,Mechanical Engineer,Medium
Student_2297,20,Science,61,76,89,37,66,Medium,8,Yes,High,Yes,High,Mechanical Engineer,Medium
Student_2298,18,Arts,57,48,73,92,83,Low,8,Yes,Low,Yes,Low,Graphic Designer,Medium
Student_2299,21,Science,87,95,55,84,93,Medium,9,No,Low,No,Medium,Software Engineer,Low
Student_2300,20,Science,55,95,75,71,72,Low,2,Yes,Medium,No,Low,Doctor,High
Student_2301,22,Commerce,92,35,84,80,94,High,9,No,Medium,No,High,Software Engineer,Low
Student_2302,21,Arts,80,39,78,69,98,Medium,5,Yes,High,No,Low,Lawyer,High
Student_2303,19,Arts,37,51,41,71,100,Low,9,No,Low,No,Medium,Graphic Designer,Low
Student_2304,19,Commerce,58,69,46,71,63,High,7,No,Medium,Yes,Low,Business Manager,Low
Student_2305,22,Commerce,78,39,88,80,84,High,3,Yes,High,No,High,Data Scientist,Medium
Student_2306,17,Arts,71,89,88,63,100,High,1,Yes,High,No,Medium,Doctor,High
Student_2307,22,Science,48,62,64,83,63,Medium,4,Yes,High,No,High,Graphic Designer,Medium
Student_2308,19,Science,58,89,47,40,98,Medium,6,Yes,Low,No,High,Doctor,Medium
Student_2309,19,Arts,85,64,77,100,92,Medium,4,No,Medium,No,High,Software Engineer,Low
Student_2310,19,Science,85,72,86,66,59,Low,9,Yes,High,Yes,High,Mechanical Engineer,High
Student_2311,16,Science,63,73,62,92,42,Low,10,No,High,No,Low,Graphic Designer,High
Student_2312,22,Science,69,98,43,61,47,Medium,4,Yes,High,Yes,Low,Doctor,High
Student_2313,16,Commerce,90,58,94,52,61,Low,2,No,High,Yes,Medium,Business Manager,Medium
Student_2314,22,Commerce,61,59,71,93,96,Low,8,Yes,High,No,High,Business Manager,Medium
Student_2315,17,Science,73,45,75,40,83,Medium,7,No,High,Yes,High,Mechanical Engineer,Low
Student_2316,20,Commerce,43,62,69,75,90,Low,1,No,Medium,No,Low,Business Manager,Medium
Student_2317,20,Arts,80,82,75,54,42,High,2,No,Low,Yes,Medium,Doctor,Medium
Student_2318,16,Commerce,50,54,53,51,89,High,3,Yes,High,No,Medium,Business Manager,Medium
Student_2319,19,Arts,53,60,57,58,49,Low,7,No,High,Yes,High,Mechanical Engineer,Medium
Student_2320,21,Science,81,43,83,68,88,Medium,6,No,Medium,No,Medium,Mechanical Engineer,Low
Student_2321,17,Commerce,62,53,66,51,42,Medium,5,Yes,High,Yes,Medium,Business Manager,High
Student_2322,16,Science,42,82,58,76,97,Medium,7,No,High,No,Medium,Doctor,Medium
Student_2323,22,Arts,50,79,57,98,77,Medium,2,Yes,High,No,Medium,Graphic Designer,High
Student_2324,16,Commerce,47,42,39,73,53,Medium,2,No,Low,Yes,High,Business Manager,Medium
Student_2325,19,Arts,79,74,93,49,95,Low,5,Yes,Medium,No,High,Lawyer,Medium
Student_2326,16,Arts,75,69,93,63,98,Low,2,Yes,Medium,No,Low,Lawyer,High
Student_2327,19,Commerce,38,56,96,88,64,Medium,3,Yes,High,No,High,Business Manager,Medium
Student_2328,21,Science,54,37,64,71,86,Low,5,Yes,High,No,Low,Graphic Designer,High
Student_2329,17,Commerce,67,40,38,90,63,High,2,No,Low,No,Medium,Business Manager,Medium
Student_2330,19,Commerce,91,58,69,42,50,Medium,10,No,Low,No,High,Business Manager,Medium
Student_2331,18,Arts,40,61,71,84,48,High,8,No,Medium,No,Medium,Graphic Designer,Medium
Student_2332,22,Science,66,54,50,59,81,Medium,3,Yes,Medium,Yes,Medium,Mechanical Engineer,Low
Student_2333,22,Science,73,81,71,67,70,Low,3,No,High,Yes,Medium,Doctor,Low
Student_2334,22,Arts,79,92,76,44,95,Medium,7,Yes,Low,Yes,Low,Doctor,Medium
Student_2335,21,Arts,91,43,77,39,81,Medium,1,No,High,Yes,Medium,Teacher,Medium
Student_2336,19,Commerce,81,40,74,66,84,High,7,Yes,Low,Yes,High,Business Manager,Low
Student_2337,21,Science,93,71,46,93,50,Low,9,No,Medium,No,Medium,Data Scientist,Medium
Student_2338,16,Commerce,81,37,62,96,67,High,5,Yes,Low,No,Low,Data Scientist,Medium
Student_2339,20,Commerce,51,43,37,79,88,Low,10,No,High,No,Low,Business Manager,Medium
Student_2340,22,Commerce,43,79,60,64,61,High,8,Yes,High,No,Low,Business Manager,High
Student_2341,20,Commerce,53,84,61,48,59,Medium,6,Yes,Low,Yes,Low,Doctor,Medium
Student_2342,16,Arts,57,81,84,57,70,Low,7,No,Low,No,Low,Doctor,Low
Student_2343,16,Science,71,77,93,39,85,High,10,Yes,Low,No,High,Mechanical Engineer,Medium
Student_2344,20,Science,51,76,47,89,97,Medium,4,Yes,High,Yes,Medium,Graphic Designer,Medium
Student_2345,20,Science,76,44,100,99,49,Medium,1,Yes,Medium,No,Medium,Software Engineer,High
Student_2346,19,Science,41,38,52,96,55,Medium,2,Yes,Medium,No,High,Graphic Designer,High
Student_2347,16,Science,64,45,83,51,98,Medium,5,No,Medium,No,High,Mechanical Engineer,Low
Student_2348,16,Science,61,48,49,91,86,Medium,4,Yes,Medium,Yes,Medium,Graphic Designer,Low
Student_2349,18,Arts,90,53,51,32,58,High,2,No,Low,No,High,Mechanical Engineer,Medium
Student_2350,18,Commerce,84,56,82,87,71,Medium,6,No,High,No,Medium,Software Engineer,Medium
Student_2351,18,Commerce,57,62,69,32,87,High,6,Yes,Low,Yes,Medium,Business Manager,Low
Student_2352,21,Science,99,54,55,56,71,High,7,Yes,Low,Yes,Medium,Mechanical Engineer,Low
Student_2353,18,Arts,56,48,98,61,78,Low,7,No,High,Yes,Low,Lawyer,Medium
Student_2354,22,Commerce,61,86,69,94,50,Medium,9,No,Low,No,Low,Doctor,Medium
Student_2355,20,Science,99,71,43,41,48,Medium,5,No,Medium,No,Low,Mechanical Engineer,Medium
Student_2356,16,Science,59,42,85,67,83,Medium,6,Yes,Medium,Yes,High,Mechanical Engineer,Low
Student_2357,22,Science,61,76,42,38,76,Medium,3,No,Medium,Yes,High,Mechanical Engineer,Low
Student_2358,18,Commerce,83,74,53,54,61,Medium,5,No,Medium,Yes,High,Business Manager,Low
Student_2359,20,Commerce,75,66,87,63,60,Low,6,Yes,Low,No,Low,Business Manager,Medium
Student_2360,21,Commerce,44,99,80,64,76,Medium,7,Yes,High,No,High,Doctor,Medium
Student_2361,17,Science,84,70,86,52,71,Medium,9,Yes,Low,Yes,Medium,Mechanical Engineer,Low
Student_2362,17,Commerce,69,63,95,87,48,Medium,7,Yes,Medium,No,Low,Business Manager,High
Student_2363,20,Science,52,78,45,56,46,Low,6,No,High,Yes,Medium,Mechanical Engineer,Medium
Student_2364,17,Arts,63,67,82,54,57,High,1,Yes,Low,No,Medium,Lawyer,High
Student_2365,20,Arts,78,61,37,98,99,Medium,3,No,Medium,No,Low,Software Engineer,Low
Student_2366,16,Science,40,53,93,91,74,Low,9,Yes,High,Yes,Low,Graphic Designer,Medium
Student_2367,19,Arts,69,61,36,95,46,Medium,2,No,High,Yes,Medium,Graphic Designer,High
Student_2368,17,Commerce,42,65,61,60,79,Low,2,No,Medium,No,Medium,Business Manager,Medium
Student_2369,19,Arts,50,83,100,72,62,Medium,8,No,Low,No,High,Doctor,Low
Student_2370,16,Commerce,83,72,41,58,46,High,1,No,Low,No,Medium,Business Manager,Medium
Student_2371,16,Arts,65,76,88,67,84,High,10,No,Medium,Yes,High,Lawyer,Low
Student_2372,22,Commerce,48,60,56,70,79,High,5,No,High,Yes,Low,Business Manager,Medium
Student_2373,22,Science,68,84,39,74,89,High,7,Yes,High,No,Medium,Doctor,Medium
Student_2374,17,Arts,79,93,69,82,80,Medium,7,Yes,Medium,Yes,Low,Software Engineer,Medium
Student_2375,20,Arts,65,78,42,73,52,High,9,Yes,Low,Yes,Medium,Graphic Designer,Medium
Student_2376,18,Arts,71,82,96,70,47,Medium,3,Yes,Medium,No,Low,Doctor,High
Student_2377,18,Arts,78,44,49,60,44,High,5,Yes,Low,Yes,Medium,Mechanical Engineer,Medium
Student_2378,19,Arts,55,91,92,92,86,High,7,No,Medium,No,Low,Doctor,Low
Student_2379,16,Commerce,49,47,79,99,93,Medium,3,Yes,Low,No,High,Business Manager,Medium
Student_2380,18,Science,58,50,63,38,97,High,3,No,High,No,Low,Mechanical Engineer,Medium
Student_2381,21,Arts,43,48,61,85,76,Low,2,No,High,Yes,High,Graphic Designer,Medium
Student_2382,21,Science,65,94,80,84,46,Medium,5,No,Low,No,High,Doctor,Medium
Student_2383,20,Commerce,98,99,95,91,90,Low,2,Yes,Low,Yes,Low,Software Engineer,Medium
Student_2384,19,Arts,35,65,71,44,56,Low,9,No,Medium,Yes,Low,Mechanical Engineer,Medium
Student_2385,21,Commerce,63,69,72,79,72,Low,1,No,Medium,Yes,High,Business Manager,Low
Student_2386,20,Science,85,50,63,38,100,Low,9,No,High,No,Medium,Mechanical Engineer,Medium
Student_2387,16,Science,37,83,72,32,94,Medium,1,Yes,High,Yes,Medium,Doctor,High
Student_2388,16,Science,58,81,60,53,51,High,3,Yes,High,Yes,Low,Doctor,High
Student_2389,20,Science,65,47,96,55,55,Low,6,Yes,Medium,Yes,Low,Mechanical Engineer,Medium
Student_2390,16,Science,45,85,74,99,80,High,8,No,Medium,Yes,Medium,Doctor,Low
Student_2391,19,Science,57,72,58,33,65,Medium,1,No,Medium,Yes,High,Mechanical Engineer,Low
Student_2392,21,Commerce,53,100,55,97,98,Low,6,No,High,Yes,Low,Doctor,Medium
Student_2393,16,Science,87,84,56,54,74,Medium,7,Yes,High,No,Medium,Doctor,Medium
Student_2394,21,Science,86,48,98,35,58,Medium,1,Yes,Medium,No,Low,Mechanical Engineer,High
Student_2395,16,Arts,86,35,36,89,64,High,3,Yes,Medium,Yes,Low,Data Scientist,Medium
Student_2396,19,Commerce,53,87,44,46,68,Low,4,No,Low,No,High,Doctor,Low
Student_2397,17,Commerce,59,71,47,39,51,Low,3,No,High,No,High,Business Manager,Medium
Student_2398,16,Commerce,91,45,38,67,70,Low,5,No,Medium,No,Medium,Business Manager,Low
Student_2399,22,Science,85,78,45,51,59,Medium,4,No,High,Yes,Low,Mechanical Engineer,Medium
Student_2400,22,Commerce,71,96,100,89,87,Medium,1,No,High,Yes,Medium,Data Scientist,Medium
Student_2401,20,Arts,100,84,44,98,96,High,1,No,Low,No,High,Software Engineer,Medium
Student_2402,21,Arts,84,65,81,65,60,Medium,8,No,Medium,Yes,Low,Teacher,Low
Student_2403,18,Science,38,80,44,97,72,Medium,6,No,Medium,Yes,Medium,Graphic Designer,Low
Student_2404,16,Science,44,78,97,47,70,High,1,Yes,Medium,No,Low,Mechanical Engineer,High
Student_2405,19,Commerce,93,64,48,47,52,High,3,Yes,Low,No,High,Business Manager,Medium
Student_2406,16,Science,41,96,84,57,67,Medium,9,No,High,Yes,High,Doctor,Low
Student_2407,17,Commerce,91,36,96,84,100,Low,7,No,Medium,No,High,Software Engineer,Low
Student_2408,22,Commerce,96,72,48,50,66,Low,9,No,Medium,No,Medium,Business Manager,Low
Student_2409,20,Science,66,97,72,77,47,Medium,7,No,Medium,Yes,Medium,Doctor,Low
Student_2410,20,Commerce,50,54,58,61,71,High,3,Yes,Low,Yes,Medium,Business Manager,Low
Student_2411,19,Science,78,44,52,79,63,High,3,Yes,Medium,No,Medium,Software Engineer,Medium
Student_2412,22,Commerce,65,97,39,30,48,Medium,2,No,Low,Yes,Medium,Doctor,Medium
Student_2413,18,Commerce,78,75,64,98,56,High,10,Yes,Low,No,Medium,Software Engineer,Medium
Student_2414,20,Arts,58,89,64,76,57,High,1,Yes,Medium,Yes,Medium,Doctor,High
Student_2415,18,Science,46,43,80,72,63,Low,7,Yes,Low,Yes,Low,Graphic Designer,Medium
Student_2416,22,Science,85,87,100,93,68,Low,5,No,Low,Yes,Medium,Software Engineer,Low
Student_2417,18,Commerce,87,100,98,80,100,Low,3,No,Low,No,Low,Data Scientist,Low
Student_2418,21,Science,83,70,59,32,42,Low,10,Yes,Low,Yes,High,Mechanical Engineer,Medium
Student_2419,19,Science,47,91,66,86,42,Low,8,Yes,Medium,Yes,Medium,Doctor,Medium
Student_2420,20,Science,89,51,67,57,76,Medium,6,Yes,High,No,High,Mechanical Engineer,Medium
Student_2421,22,Arts,64,94,68,74,98,Medium,2,Yes,Medium,No,High,Doctor,Medium
Student_2422,17,Commerce,38,91,38,87,86,Low,3,No,Low,Yes,Medium,Doctor,Low
Student_2423,22,Science,56,89,50,75,57,Low,8,Yes,High,Yes,Low,Doctor,High
Student_2424,18,Science,63,52,71,31,99,Low,7,Yes,Low,Yes,Low,Mechanical Engineer,Medium
Student_2425,18,Commerce,96,61,45,32,66,High,4,Yes,Low,Yes,Low,Business Manager,Medium
Student_2426,19,Commerce,74,92,98,84,51,Low,5,No,Low,Yes,Medium,Software Engineer,Low
Student_2427,16,Commerce,97,71,58,90,87,Medium,10,Yes,Medium,No,High,Software Engineer,Medium
Student_2428,21,Commerce,36,47,60,74,59,High,3,Yes,Medium,Yes,Low,Business Manager,Medium
Student_2429,19,Arts,99,46,45,70,56,Low,1,No,Low,Yes,Medium,Mechanical Engineer,Medium
Student_2430,21,Science,85,78,55,64,83,Medium,1,Yes,Low,Yes,Medium,Mechanical Engineer,Medium
Student_2431,16,Commerce,92,64,41,88,40,High,4,No,High,No,High,Software Engineer,Medium
Student_2432,17,Commerce,47,68,84,33,97,High,10,Yes,High,Yes,Medium,Business Manager,Medium
Student_2433,21,Commerce,95,41,84,30,58,Low,1,No,High,Yes,High,Business Manager,High
Student_2434,16,Arts,71,94,94,61,75,Medium,7,No,Low,Yes,Low,Doctor,Low
Student_2435,21,Commerce,41,88,35,96,77,High,1,No,High,Yes,Low,Doctor,Medium
Student_2436,21,Arts,89,98,100,35,71,Low,9,Yes,Medium,Yes,Medium,Doctor,Low
Student_2437,17,Commerce,66,96,58,65,53,Medium,2,No,Medium,No,Medium,Doctor,Medium
Student_2438,20,Arts,96,56,38,92,85,Medium,9,Yes,High,Yes,Medium,Data Scientist,Medium
Student_2439,20,Arts,66,50,55,45,63,High,8,No,Medium,Yes,Low,Mechanical Engineer,Low
Student_2440,21,Arts,66,45,85,61,81,High,4,No,Medium,Yes,Medium,Lawyer,Low
Student_2441,18,Commerce,73,47,83,51,76,High,2,No,Low,Yes,Medium,Business Manager,Low
Student_2442,22,Arts,99,56,77,64,99,High,4,Yes,Medium,Yes,Low,Lawyer,Medium
Student_2443,19,Science,82,37,72,90,72,Medium,2,No,High,Yes,Medium,Software Engineer,Medium
Student_2444,19,Arts,88,90,86,81,64,Medium,4,No,High,Yes,Medium,Software Engineer,Low
Student_2445,20,Science,89,48,59,50,91,High,2,No,High,Yes,High,Mechanical Engineer,Medium
Student_2446,19,Science,36,39,89,75,80,Low,1,Yes,Medium,Yes,Low,Graphic Designer,Medium
Student_2447,18,Science,77,61,92,97,76,Low,3,Yes,Medium,No,Medium,Software Engineer,Medium
Student_2448,17,Science,49,64,35,60,98,High,4,No,Low,Yes,Low,Mechanical Engineer,Low
Student_2449,17,Arts,70,92,86,57,74,Low,10,No,High,No,High,Doctor,Medium
Student_2450,18,Arts,35,48,49,84,92,Medium,3,No,Low,No,High,Graphic Designer,Low
Student_2451,19,Commerce,63,54,76,40,56,Medium,2,Yes,Low,Yes,Medium,Business Manager,High
Student_2452,18,Arts,37,59,97,98,100,High,5,No,High,No,High,Lawyer,Medium
Student_2453,19,Science,76,63,46,31,68,Low,7,No,Low,No,Low,Mechanical Engineer,Low
Student_2454,22,Commerce,40,62,68,58,96,High,8,No,High,Yes,High,Business Manager,Low
Student_2455,18,Science,75,45,64,79,93,Low,10,No,Medium,Yes,Medium,Data Scientist,Low
Student_2456,16,Arts,84,95,82,32,82,Low,1,Yes,Medium,No,Medium,Doctor,Medium
Student_2457,16,Arts,89,96,44,83,45,Low,7,Yes,High,No,High,Software Engineer,High
Student_2458,21,Commerce,64,65,77,83,82,Medium,2,No,Medium,No,High,Business Manager,Medium
Student_2459,19,Commerce,75,37,51,68,88,Medium,10,Yes,High,Yes,High,Business Manager,Medium
Student_2460,19,Commerce,95,87,70,41,68,Low,4,Yes,Low,Yes,Low,Doctor,Medium
Student_2461,22,Commerce,56,80,38,70,99,Medium,9,Yes,Medium,Yes,Medium,Business Manager,Low
Student_2462,18,Science,77,45,59,77,98,High,4,No,High,No,Low,Data Scientist,Medium
Student_2463,19,Arts,79,83,60,44,80,High,3,No,Low,No,Medium,Doctor,Low
Student_2464,21,Science,39,78,56,86,76,High,7,No,Low,Yes,High,Graphic Designer,Low
Student_2465,20,Science,74,61,65,60,82,Low,8,Yes,Low,Yes,Low,Mechanical Engineer,Medium
Student_2466,18,Commerce,78,40,80,39,42,Medium,2,No,Low,No,High,Business Manager,Medium
Student_2467,22,Arts,90,52,93,81,40,High,9,Yes,Low,Yes,High,Data Scientist,Medium
Student_2468,19,Science,35,49,67,67,44,Medium,8,No,Low,No,Low,Mechanical Engineer,Medium
Student_2469,18,Arts,69,83,94,45,50,Low,7,Yes,High,No,Low,Doctor,High
Student_2470,19,Science,86,38,73,50,86,High,2,No,Low,Yes,Medium,Mechanical Engineer,Low
Student_2471,20,Commerce,44,53,96,47,42,Low,2,Yes,Low,Yes,Low,Business Manager,High
Student_2472,19,Arts,92,48,70,66,90,High,10,Yes,Low,Yes,Medium,Mechanical Engineer,Low
Student_2473,17,Arts,47,58,53,99,99,High,7,No,Medium,Yes,Low,Graphic Designer,Low
Student_2474,20,Commerce,41,70,69,83,58,Medium,7,Yes,Low,Yes,Medium,Business Manager,Medium
Student_2475,21,Science,63,47,42,85,89,Low,10,Yes,Medium,No,Low,Graphic Designer,Medium
Student_2476,20,Commerce,56,77,70,59,95,Low,9,No,Low,Yes,Medium,Business Manager,Low
Student_2477,20,Science,64,59,66,82,96,Medium,9,Yes,Low,Yes,High,Graphic Designer,Low
Student_2478,16,Commerce,93,86,85,47,79,High,3,Yes,Low,No,Low,Doctor,Medium
Student_2479,17,Science,92,46,64,35,65,Low,7,Yes,High,No,High,Mechanical Engineer,Medium
Student_2480,21,Arts,90,99,39,67,90,High,4,No,Low,No,High,Doctor,Low
Student_2481,21,Commerce,79,84,68,54,43,High,9,No,Low,No,High,Doctor,Medium
Student_2482,22,Arts,82,84,60,43,76,Medium,2,No,Low,Yes,Low,Doctor,Medium
Student_2483,16,Commerce,49,57,85,97,78,High,2,Yes,Low,No,Medium,Business Manager,Medium
Student_2484,18,Commerce,50,89,72,85,75,Medium,6,No,Low,Yes,Medium,Doctor,Low
Student_2485,19,Science,84,78,92,41,58,Medium,9,No,Low,No,High,Mechanical Engineer,Medium
Student_2486,16,Commerce,61,87,91,86,89,Medium,4,Yes,High,No,High,Doctor,Medium
Student_2487,20,Commerce,70,68,63,84,94,Low,7,Yes,Low,No,Low,Business Manager,Medium
Student_2488,19,Science,38,58,44,32,98,Medium,10,No,High,No,Low,Mechanical Engineer,Medium
Student_2489,22,Science,54,79,78,59,40,Low,2,Yes,High,Yes,Low,Mechanical Engineer,High
Student_2490,20,Commerce,73,71,45,92,48,Medium,1,No,Low,No,High,Software Engineer,Medium
Student_2491,20,Commerce,89,64,42,74,79,High,3,No,Low,Yes,Medium,Business Manager,Low
Student_2492,21,Commerce,74,87,99,56,84,High,10,Yes,Medium,Yes,High,Doctor,Low
Student_2493,21,Science,86,58,45,87,53,Low,5,Yes,High,Yes,Low,Data Scientist,High
Student_2494,19,Science,85,69,88,40,47,Medium,7,No,Medium,No,High,Mechanical Engineer,Medium
Student_2495,20,Commerce,61,83,95,52,93,High,7,No,Low,No,Low,Doctor,Low
Student_2496,16,Arts,66,41,36,76,93,High,2,No,Low,Yes,High,Graphic Designer,Low
Student_2497,17,Commerce,93,63,38,62,72,High,5,No,Medium,Yes,Low,Business Manager,Low
Student_2498,18,Commerce,69,84,64,79,94,High,3,No,Medium,No,Low,Doctor,Low
Student_2499,17,Commerce,57,43,67,56,41,Low,8,Yes,High,Yes,Medium,Business Manager,High
Student_2500,19,Arts,99,68,98,34,91,High,5,Yes,Medium,Yes,Low,Lawyer,Medium
Student_2501,21,Science,59,48,47,90,54,Low,4,No,High,Yes,High,Graphic Designer,Medium
Student_2502,19,Science,46,91,49,94,42,High,4,No,Low,No,High,Doctor,Medium
Student_2503,22,Commerce,47,92,60,80,78,High,3,No,Low,Yes,High,Doctor,Low
Student_2504,17,Commerce,99,65,35,98,79,Medium,5,No,High,No,Low,Software Engineer,Medium
Student_2505,18,Science,100,46,76,43,90,Low,8,No,Medium,Yes,Medium,Mechanical Engineer,Low
Student_2506,20,Science,68,67,74,50,60,Medium,6,Yes,Low,No,High,Mechanical Engineer,Medium
Student_2507,19,Science,61,82,92,96,87,Medium,1,No,Low,Yes,High,Doctor,Low
Student_2508,20,Arts,79,46,57,77,93,High,4,No,Low,No,Medium,Data Scientist,Low
Student_2509,16,Commerce,73,66,40,39,45,Medium,4,No,High,No,Medium,Business Manager,Medium
Student_2510,16,Arts,100,78,51,56,68,Low,5,No,Low,No,Medium,Mechanical Engineer,Low
Student_2511,20,Commerce,45,92,55,36,46,High,1,Yes,High,No,High,Doctor,High
Student_2512,17,Science,39,41,51,73,57,Low,1,Yes,Medium,Yes,Low,Graphic Designer,High
Student_2513,20,Commerce,68,94,49,55,59,Medium,8,Yes,Low,No,Low,Doctor,High
Student_2514,16,Science,38,36,63,84,77,High,10,No,Medium,No,High,Graphic Designer,Low
Student_2515,18,Commerce,42,82,69,72,41,Low,6,No,Low,Yes,Medium,Doctor,Low
Student_2516,21,Science,52,84,51,83,57,High,1,No,High,No,Medium,Doctor,High
Student_2517,18,Arts,76,49,35,32,67,High,7,Yes,High,Yes,High,Mechanical Engineer,Medium
Student_2518,21,Arts,97,49,64,89,65,Medium,1,Yes,Medium,Yes,High,Software Engineer,Medium
Student_2519,22,Science,59,83,36,45,42,High,10,No,Low,No,Medium,Doctor,Medium
Student_2520,16,Science,93,66,57,31,100,Low,10,No,Low,No,Low,Mechanical Engineer,Low
Student_2521,20,Science,92,76,39,64,70,Medium,6,No,Medium,No,Low,Mechanical Engineer,Low
Student_2522,19,Commerce,35,100,73,33,93,High,1,Yes,Low,No,Low,Doctor,High
Student_2523,20,Science,95,76,42,80,93,High,3,No,Medium,Yes,Low,Software Engineer,Low
Student_2524,19,Commerce,82,56,58,38,57,Medium,10,Yes,High,Yes,Medium,Business Manager,High
Student_2525,19,Science,94,86,61,97,95,Low,9,Yes,Low,No,High,Software Engineer,Medium
Student_2526,19,Commerce,91,94,51,83,60,Medium,2,Yes,High,Yes,High,Data Scientist,High
Student_2527,18,Commerce,39,42,49,37,41,Medium,6,Yes,High,Yes,High,Business Manager,High
Student_2528,22,Arts,92,93,38,55,46,Low,9,No,Medium,Yes,High,Doctor,Low
Student_2529,20,Arts,98,96,69,93,90,Low,4,No,Medium,No,High,Software Engineer,Low
Student_2530,18,Arts,57,99,89,90,85,High,10,Yes,Medium,No,High,Doctor,Medium
Student_2531,20,Arts,100,87,56,67,90,Medium,5,Yes,Medium,Yes,Medium,Doctor,Low
Student_2532,16,Commerce,55,69,38,77,88,High,8,Yes,High,No,High,Business Manager,Medium
Student_2533,18,Science,82,96,47,65,77,Low,8,Yes,High,No,Medium,Doctor,Medium
Student_2534,20,Science,46,68,67,91,84,Medium,3,No,Medium,No,High,Graphic Designer,Low
Student_2535,18,Commerce,39,45,42,35,99,High,1,No,Medium,No,Low,Business Manager,Medium
Student_2536,18,Science,84,47,79,44,90,Medium,2,Yes,Medium,Yes,High,Mechanical Engineer,Medium
Student_2537,22,Commerce,100,83,46,96,67,High,3,Yes,Low,Yes,High,Software Engineer,Low
Student_2538,17,Science,61,90,52,54,85,Medium,2,Yes,Low,Yes,Low,Doctor,Medium
Student_2539,22,Science,68,72,73,46,69,High,1,Yes,High,No,High,Mechanical Engineer,High
Student_2540,18,Science,43,92,100,45,62,Low,5,Yes,High,Yes,Low,Doctor,Medium
Student_2541,20,Science,36,55,82,63,60,Medium,2,No,Medium,Yes,High,Mechanical Engineer,Low
Student_2542,16,Commerce,57,91,57,70,97,High,2,No,Low,No,High,Doctor,Medium
Student_2543,18,Arts,92,35,93,30,97,High,1,Yes,High,Yes,Low,Teacher,High
Student_2544,19,Commerce,38,72,51,65,76,Medium,7,Yes,Low,No,Low,Business Manager,Medium
Student_2545,19,Arts,46,55,76,51,71,Low,1,Yes,High,Yes,Low,Teacher,High
Student_2546,22,Arts,64,45,72,40,53,Low,3,No,Low,Yes,High,Mechanical Engineer,Low
Student_2547,21,Arts,57,90,48,64,73,Low,7,Yes,Medium,Yes,Medium,Doctor,Low
Student_2548,21,Science,40,83,41,60,55,Low,5,Yes,Medium,No,Medium,Doctor,Medium
Student_2549,20,Commerce,43,68,56,68,60,Medium,5,Yes,High,No,Low,Business Manager,High
Student_2550,18,Commerce,65,44,51,96,77,High,4,No,High,Yes,Medium,Business Manager,Low
Student_2551,21,Science,45,93,89,52,81,Low,2,No,Medium,Yes,High,Doctor,Low
Student_2552,17,Arts,47,94,49,56,78,High,6,Yes,Medium,Yes,High,Doctor,Low
Student_2553,19,Arts,40,35,84,36,47,High,3,Yes,High,No,High,Lawyer,High
Student_2554,17,Commerce,96,65,48,93,96,High,7,Yes,Medium,Yes,Medium,Data Scientist,Low
Student_2555,20,Arts,80,50,54,49,77,High,3,Yes,Medium,No,Medium,Mechanical Engineer,Medium
Student_2556,20,Commerce,47,63,65,77,66,Low,6,Yes,Low,No,High,Business Manager,Medium
Student_2557,21,Commerce,80,39,96,58,70,High,2,No,High,No,Low,Business Manager,High
Student_2558,17,Science,45,45,100,32,97,Medium,6,Yes,Medium,Yes,Medium,Mechanical Engineer,Low
Student_2559,22,Arts,42,100,52,49,56,High,3,Yes,High,Yes,Low,Doctor,High
Student_2560,17,Commerce,66,37,59,59,42,Medium,4,No,Medium,No,High,Business Manager,Medium
Student_2561,16,Commerce,38,53,40,93,62,Low,6,Yes,High,Yes,Low,Business Manager,Medium
Student_2562,20,Science,47,36,98,74,84,Low,9,No,Medium,Yes,High,Graphic Designer,Low
Student_2563,18,Arts,65,51,84,41,73,High,5,Yes,High,No,Low,Teacher,High
Student_2564,18,Arts,60,52,44,80,43,Low,10,No,Medium,Yes,High,Graphic Designer,Low
Student_2565,16,Arts,42,55,41,92,69,Medium,3,Yes,High,No,High,Graphic Designer,Medium
Student_2566,18,Arts,46,37,86,69,63,High,7,No,Medium,Yes,Low,Teacher,Low
Student_2567,17,Commerce,76,60,95,31,66,Low,2,No,High,No,Low,Business Manager,High
Student_2568,20,Science,53,39,94,85,65,Low,10,Yes,High,Yes,Medium,Graphic Designer,Medium
Student_2569,19,Science,91,40,67,43,71,High,10,Yes,Low,Yes,Low,Mechanical Engineer,Medium
Student_2570,21,Arts,96,48,68,98,89,Medium,3,No,High,No,Low,Software Engineer,Medium
Student_2571,20,Science,59,87,64,50,59,Medium,9,Yes,Low,Yes,Medium,Doctor,Medium
Student_2572,17,Arts,49,61,83,94,76,Medium,3,No,Low,Yes,Low,Teacher,Low
Student_2573,22,Science,95,58,62,72,63,Low,1,No,Low,No,Low,Graphic Designer,Medium
Student_2574,18,Commerce,96,86,55,95,81,High,2,Yes,Low,Yes,Low,Data Scientist,Medium
Student_2575,22,Arts,36,39,72,70,77,Low,9,Yes,Low,No,High,Mechanical Engineer,Medium
Student_2576,18,Arts,41,68,44,42,53,Medium,3,Yes,Medium,Yes,Low,Mechanical Engineer,Medium
Student_2577,17,Arts,93,65,72,99,77,Medium,7,Yes,Low,Yes,Low,Software Engineer,Medium
Student_2578,19,Science,78,49,64,32,66,High,6,Yes,High,No,High,Mechanical Engineer,Medium
Student_2579,21,Commerce,92,58,71,74,91,High,5,No,High,No,High,Business Manager,Medium
Student_2580,19,Arts,74,40,93,89,97,Medium,8,No,Low,Yes,High,Software Engineer,Low
Student_2581,21,Science,73,37,46,37,91,High,8,Yes,Medium,Yes,Medium,Mechanical Engineer,Low
Student_2582,16,Arts,74,84,37,93,75,High,3,Yes,Medium,No,Low,Software Engineer,Medium
Student_2583,22,Science,78,92,57,99,68,High,2,Yes,Low,No,Medium,Software Engineer,Medium
Student_2584,16,Science,88,64,83,50,68,Low,7,No,High,No,Medium,Mechanical Engineer,Medium
Student_2585,22,Science,99,55,77,57,56,Medium,10,Yes,Low,No,High,Mechanical Engineer,Medium
Student_2586,20,Science,35,40,37,67,41,High,7,No,High,Yes,Medium,Mechanical Engineer,Medium
Student_2587,20,Science,45,54,82,71,71,Medium,2,Yes,Medium,No,High,Graphic Designer,Medium
Student_2588,17,Science,53,75,100,98,86,Medium,1,No,High,Yes,Low,Graphic Designer,Medium
Student_2589,22,Arts,50,81,41,72,54,Low,6,No,Low,No,Low,Doctor,Medium
Student_2590,17,Science,47,79,45,34,93,High,1,Yes,Medium,Yes,High,Mechanical Engineer,Medium
Student_2591,21,Commerce,42,82,75,42,64,Medium,1,No,High,Yes,Low,Doctor,Medium
Student_2592,22,Science,41,61,70,39,76,Low,1,No,High,Yes,Low,Mechanical Engineer,Medium
Student_2593,21,Science,85,67,59,73,63,Medium,4,Yes,High,Yes,Low,Graphic Designer,Medium
Student_2594,22,Commerce,61,54,92,60,82,Low,10,Yes,Low,No,Low,Business Manager,Medium
Student_2595,17,Commerce,77,88,77,48,59,High,7,No,High,Yes,Medium,Doctor,Medium
Student_2596,17,Science,71,37,80,60,82,Low,2,Yes,Medium,No,Medium,Mechanical Engineer,Medium
Student_2597,17,Arts,43,47,98,32,50,Medium,1,Yes,Low,No,Low,Lawyer,High
Student_2598,21,Commerce,88,59,67,78,98,Medium,10,No,High,No,Low,Software Engineer,Medium
Student_2599,22,Science,58,61,70,31,59,Medium,10,No,Low,No,Low,Mechanical Engineer,Medium
Student_2600,19,Arts,68,41,55,99,94,High,6,Yes,Low,No,High,Graphic Designer,Medium
Student_2601,19,Science,73,59,52,79,79,Medium,5,Yes,Medium,No,Low,Software Engineer,Medium
Student_2602,21,Commerce,73,69,71,76,67,Medium,7,No,Low,Yes,Low,Software Engineer,Low
Student_2603,18,Science,57,54,58,94,93,High,4,Yes,Medium,No,Medium,Graphic Designer,Medium
Student_2604,22,Arts,89,65,54,33,51,Low,5,No,Low,No,Low,Mechanical Engineer,Medium
Student_2605,19,Arts,95,42,68,43,42,High,1,Yes,High,No,High,Mechanical Engineer,High
Student_2606,18,Commerce,62,57,73,42,98,Low,4,No,Medium,No,Low,Business Manager,Low
Student_2607,21,Commerce,36,80,66,49,61,Low,10,No,High,Yes,High,Business Manager,Low
Student_2608,16,Science,36,42,68,95,49,Low,10,No,Medium,Yes,Medium,Graphic Designer,Low
Student_2609,20,Science,97,65,43,38,70,High,3,No,Medium,No,High,Mechanical Engineer,Low
Student_2610,17,Science,93,43,48,56,73,Medium,3,No,Low,No,Low,Mechanical Engineer,Low
Student_2611,21,Science,43,48,41,76,42,Low,5,Yes,Medium,Yes,Low,Graphic Designer,Medium
Student_2612,17,Commerce,52,56,96,53,42,High,5,No,Low,No,Low,Business Manager,Medium
Student_2613,22,Science,39,93,66,53,85,Low,3,No,Low,No,High,Doctor,Low
Student_2614,20,Science,96,83,43,47,51,Medium,4,No,Medium,Yes,Low,Doctor,Medium
Student_2615,20,Science,77,84,63,47,97,High,2,No,Medium,Yes,Medium,Doctor,Low
Student_2616,18,Science,58,69,97,43,48,High,4,No,Low,No,Low,Mechanical Engineer,Medium
Student_2617,18,Science,51,58,98,81,52,High,1,No,Low,Yes,Medium,Graphic Designer,Medium
Student_2618,20,Arts,76,38,79,84,64,Low,6,No,Medium,No,High,Data Scientist,Low
Student_2619,22,Commerce,35,58,46,73,87,Low,4,No,High,Yes,Medium,Business Manager,Low
Student_2620,18,Science,88,41,65,80,57,High,9,Yes,Low,No,High,Software Engineer,Medium
Student_2621,18,Commerce,80,92,54,79,99,Medium,4,No,Low,No,Medium,Data Scientist,Low
Student_2622,20,Science,82,52,84,37,75,Medium,3,Yes,Medium,Yes,High,Mechanical Engineer,Low
Student_2623,18,Arts,56,36,92,88,73,Medium,8,Yes,Medium,No,Medium,Teacher,Medium
Student_2624,19,Commerce,93,68,84,50,74,High,6,No,Medium,No,Low,Business Manager,Low
Student_2625,19,Commerce,94,71,40,76,76,High,6,Yes,Medium,No,Medium,Data Scientist,Medium
Student_2626,19,Science,68,51,89,45,88,Low,2,No,Medium,Yes,High,Mechanical Engineer,Low
Student_2627,21,Commerce,80,44,76,99,51,High,5,Yes,Low,Yes,Medium,Software Engineer,Medium
Student_2628,20,Commerce,68,70,52,79,65,High,4,No,High,No,Medium,Business Manager,Medium
Student_2629,16,Commerce,70,96,37,38,79,Medium,3,No,Medium,No,Medium,Doctor,Low
Student_2630,19,Arts,83,55,68,64,73,Low,9,Yes,Low,No,Low,Mechanical Engineer,Medium
Student_2631,21,Science,46,75,90,38,95,Low,6,No,Low,No,High,Mechanical Engineer,Low
Student_2632,18,Science,53,92,68,97,79,Medium,7,Yes,Medium,Yes,High,Doctor,Low
Student_2633,21,Science,48,89,100,37,61,High,9,Yes,Low,No,Low,Doctor,Medium
Student_2634,21,Science,93,97,55,93,87,High,7,Yes,High,Yes,Medium,Software Engineer,Medium
Student_2635,18,Arts,74,45,96,80,53,Low,6,Yes,Medium,Yes,Low,Software Engineer,Medium
Student_2636,18,Science,96,80,78,31,72,Medium,4,No,High,No,High,Mechanical Engineer,Medium
Student_2637,20,Commerce,85,65,58,83,47,High,5,No,High,No,Medium,Software Engineer,Medium
Student_2638,21,Arts,88,42,60,43,48,Low,6,Yes,Low,No,Medium,Mechanical Engineer,Medium
Student_2639,18,Arts,69,100,40,62,42,Low,5,No,High,No,High,Doctor,Medium
Student_2640,19,Science,53,51,53,85,90,Low,1,Yes,Low,No,Low,Graphic Designer,High
Student_2641,20,Commerce,36,59,51,81,47,Low,10,No,High,Yes,Low,Business Manager,Medium
Student_2642,16,Science,67,69,80,30,93,Low,9,No,Low,Yes,High,Mechanical Engineer,Low
Student_2643,16,Arts,38,64,65,91,67,High,4,No,High,Yes,High,Graphic Designer,Low
Student_2644,20,Arts,88,82,72,62,55,Low,8,No,Low,No,Low,Doctor,Medium
Student_2645,20,Arts,79,42,69,46,68,Low,7,Yes,Medium,Yes,Low,Mechanical Engineer,Medium
Student_2646,19,Arts,85,74,45,94,100,High,2,No,Low,Yes,Low,Data Scientist,Medium
Student_2647,19,Commerce,68,71,85,67,83,Medium,3,No,Low,No,High,Business Manager,Low
Student_2648,21,Commerce,79,97,97,94,74,Medium,2,No,Low,Yes,Low,Software Engineer,Medium
Student_2649,20,Science,57,38,96,80,91,Medium,6,Yes,Low,Yes,High,Graphic Designer,Low
Student_2650,17,Arts,93,51,74,30,86,Low,1,No,High,Yes,High,Mechanical Engineer,Medium
Student_2651,19,Arts,60,89,89,85,40,Low,5,No,High,No,High,Doctor,Medium
Student_2652,21,Arts,95,52,63,63,75,High,3,No,High,Yes,Medium,Mechanical Engineer,Low
Student_2653,16,Arts,80,65,62,44,95,High,5,Yes,Medium,Yes,Medium,Mechanical Engineer,Low
Student_2654,19,Commerce,85,85,79,34,44,Medium,3,Yes,Medium,Yes,Low,Doctor,Medium
Student_2655,18,Science,76,83,97,85,45,Medium,5,No,Low,No,Medium,Data Scientist,Medium
Student_2656,17,Science,54,87,44,53,48,High,8,No,High,Yes,High,Doctor,Medium
Student_2657,22,Commerce,59,79,69,67,90,High,9,Yes,High,No,High,Business Manager,Medium
Student_2658,16,Science,60,97,62,63,73,Medium,7,No,Low,Yes,Medium,Doctor,Low
Student_2659,17,Science,54,88,35,89,67,Low,10,No,Low,Yes,High,Doctor,Low
Student_2660,18,Science,66,61,48,86,70,Medium,7,No,High,No,High,Graphic Designer,Medium
Student_2661,22,Commerce,84,57,71,38,65,High,9,Yes,High,No,Low,Business Manager,High
Student_2662,20,Arts,85,68,80,93,87,Medium,2,No,Low,No,Low,Software Engineer,Medium
Student_2663,22,Commerce,78,92,44,83,43,High,4,Yes,Medium,Yes,Low,Data Scientist,Medium
Student_2664,19,Science,43,44,95,91,49,Low,10,Yes,High,No,Low,Graphic Designer,High
Student_2665,20,Arts,85,90,45,47,76,Low,10,No,High,Yes,High,Doctor,Low
Student_2666,22,Arts,67,39,83,68,88,Medium,6,Yes,High,Yes,High,Teacher,Medium
Student_2667,17,Arts,64,42,74,48,71,High,4,Yes,Medium,No,High,Mechanical Engineer,Medium
Student_2668,21,Commerce,70,99,73,76,55,Medium,6,No,Low,Yes,Low,Doctor,Medium
Student_2669,21,Science,63,53,44,45,99,Medium,4,Yes,High,Yes,High,Mechanical Engineer,Medium
Student_2670,19,Science,100,73,66,39,72,Low,1,No,Medium,No,Low,Mechanical Engineer,Medium
Student_2671,18,Arts,38,60,97,63,97,Low,4,No,Low,Yes,High,Lawyer,Low
Student_2672,16,Arts,100,64,100,84,66,High,4,Yes,Medium,Yes,Low,Software Engineer,Medium
Student_2673,22,Science,55,49,64,54,62,Medium,7,Yes,High,No,Low,Mechanical Engineer,High
Student_2674,18,Science,70,86,46,76,83,High,5,Yes,Medium,Yes,Low,Doctor,Medium
Student_2675,19,Science,88,64,94,95,95,Low,7,No,High,No,Low,Data Scientist,Medium
Student_2676,17,Science,49,85,75,33,46,High,7,No,High,Yes,High,Doctor,Medium
Student_2677,18,Arts,90,62,47,51,83,High,8,Yes,Low,No,High,Mechanical Engineer,Medium
Student_2678,21,Commerce,87,40,86,71,64,High,2,No,Low,Yes,High,Business Manager,Low
Student_2679,17,Commerce,47,89,46,68,61,Medium,7,Yes,Low,Yes,High,Doctor,Low
Student_2680,19,Commerce,36,59,68,100,77,Medium,5,Yes,High,Yes,Low,Business Manager,Medium
Student_2681,21,Arts,85,68,90,57,90,Low,7,No,High,Yes,Low,Teacher,Medium
Student_2682,21,Arts,52,77,73,45,91,Medium,2,No,Low,No,High,Mechanical Engineer,Medium
Student_2683,18,Arts,87,55,47,51,100,High,9,No,High,Yes,Medium,Mechanical Engineer,Low
Student_2684,20,Science,58,38,88,46,59,Low,6,Yes,Low,No,Low,Mechanical Engineer,High
Student_2685,20,Commerce,90,82,59,61,43,Low,5,No,Medium,No,Medium,Doctor,Medium
Student_2686,18,Commerce,62,54,84,34,96,Medium,2,No,High,No,Low,Business Manager,High
Student_2687,22,Commerce,56,87,61,84,49,Low,10,No,Low,Yes,Low,Doctor,Medium
Student_2688,18,Science,88,35,88,90,71,High,3,Yes,Low,Yes,Low,Software Engineer,Medium
Student_2689,19,Commerce,54,44,57,51,82,High,9,No,High,Yes,Medium,Business Manager,Low
Student_2690,22,Arts,81,76,88,60,83,High,10,No,Medium,Yes,High,Lawyer,Low
Student_2691,20,Commerce,40,63,68,73,83,Medium,6,Yes,Low,Yes,Medium,Business Manager,Low
Student_2692,16,Science,59,75,44,53,43,Medium,9,No,High,Yes,Low,Mechanical Engineer,Medium
Student_2693,20,Science,96,78,68,64,86,Medium,2,No,Medium,No,Low,Mechanical Engineer,Medium
Student_2694,22,Commerce,71,78,77,74,64,Low,4,Yes,High,No,Low,Business Manager,High
Student_2695,18,Commerce,93,98,55,67,69,Medium,9,No,Low,No,Medium,Doctor,Low
Student_2696,22,Science,74,62,76,93,88,High,10,Yes,High,No,Medium,Software Engineer,Medium
Student_2697,19,Science,97,93,57,95,87,Low,1,Yes,Medium,Yes,Medium,Software Engineer,Medium
Student_2698,20,Arts,71,49,86,47,91,Medium,8,Yes,Medium,Yes,High,Teacher,Low
Student_2699,17,Commerce,68,44,67,71,64,Low,4,Yes,Low,Yes,High,Business Manager,Low
Student_2700,17,Science,95,70,84,86,58,Low,7,Yes,Low,Yes,High,Software Engineer,Medium
Student_2701,17,Arts,72,56,47,88,72,High,10,Yes,High,No,High,Data Scientist,Medium
Student_2702,20,Commerce,37,61,100,84,41,Medium,2,No,High,No,Low,Business Manager,High
Student_2703,16,Science,84,57,65,91,68,Medium,5,Yes,Low,Yes,Low,Data Scientist,Medium
Student_2704,19,Commerce,44,89,96,87,55,Low,10,No,High,Yes,High,Doctor,Medium
Student_2705,17,Arts,92,46,62,84,65,High,8,Yes,High,No,Low,Data Scientist,High
Student_2706,20,Commerce,82,50,58,43,69,Low,9,No,High,Yes,Medium,Business Manager,Low
Student_2707,19,Commerce,55,41,92,85,89,High,1,Yes,Low,No,High,Business Manager,Medium
Student_2708,17,Science,65,90,42,44,87,High,2,No,Medium,No,High,Doctor,Medium
Student_2709,22,Science,72,49,55,92,83,High,5,Yes,Low,Yes,Low,Data Scientist,Medium
Student_2710,22,Arts,74,96,43,69,66,High,3,Yes,Low,Yes,High,Doctor,Low
Student_2711,20,Science,84,93,66,67,49,Low,10,No,Medium,No,High,Doctor,Medium
Student_2712,20,Commerce,97,39,73,50,63,High,4,Yes,Medium,No,High,Business Manager,Medium
Student_2713,21,Commerce,96,91,82,66,97,High,3,Yes,High,No,Low,Doctor,High
Student_2714,19,Arts,93,88,42,48,98,Low,10,Yes,Low,Yes,High,Doctor,Low
Student_2715,22,Arts,46,38,59,81,62,Medium,8,No,Medium,Yes,Low,Graphic Designer,Low
Student_2716,17,Commerce,38,44,69,55,66,Low,7,No,High,No,Medium,Business Manager,Medium
Student_2717,22,Arts,94,87,40,48,81,High,7,Yes,Medium,No,Low,Doctor,Medium
Student_2718,20,Arts,90,94,36,56,81,Low,7,No,Low,Yes,Low,Doctor,Low
Student_2719,22,Commerce,36,70,58,100,96,High,4,Yes,High,Yes,High,Business Manager,Medium
Student_2720,21,Commerce,82,44,69,93,63,High,5,Yes,Medium,No,Medium,Data Scientist,Medium
Student_2721,20,Science,80,60,49,98,63,High,10,No,High,Yes,Medium,Software Engineer,Low
Student_2722,21,Commerce,51,62,93,36,81,Medium,3,Yes,High,Yes,Medium,Business Manager,Medium
Student_2723,22,Science,49,97,57,32,50,High,5,No,High,Yes,High,Doctor,Medium
Student_2724,17,Science,73,88,86,73,82,Medium,3,No,High,Yes,High,Doctor,Low
Student_2725,16,Science,97,62,71,69,54,Medium,10,No,Low,Yes,High,Mechanical Engineer,Low
Student_2726,22,Science,61,43,46,42,86,Medium,9,Yes,Low,Yes,High,Mechanical Engineer,Low
Student_2727,20,Arts,75,63,39,45,94,Medium,3,No,High,Yes,High,Mechanical Engineer,Low
Student_2728,18,Commerce,54,64,47,37,54,Low,5,No,Medium,No,Low,Business Manager,Medium
Student_2729,20,Arts,78,42,47,66,63,Low,1,Yes,Low,Yes,Medium,Mechanical Engineer,Medium
Student_2730,21,Commerce,69,74,60,72,96,High,2,No,High,Yes,Low,Business Manager,Medium
Student_2731,22,Science,88,50,89,45,88,High,10,Yes,High,Yes,Medium,Mechanical Engineer,Medium
Student_2732,17,Science,98,75,52,99,82,High,1,No,Medium,No,High,Data Scientist,Medium
Student_2733,20,Science,94,61,96,73,58,Low,1,Yes,Low,No,High,Graphic Designer,High
Student_2734,22,Commerce,84,66,58,45,82,Low,5,No,Low,No,High,Business Manager,Low
Student_2735,16,Arts,78,38,46,89,47,Medium,1,No,Low,Yes,Low,Data Scientist,Medium
Student_2736,21,Arts,88,93,48,100,78,Low,1,No,Medium,No,Medium,Software Engineer,Medium
Student_2737,22,Science,44,95,74,42,92,High,6,No,High,No,Low,Doctor,Medium
Student_2738,16,Arts,91,39,71,75,91,Low,7,Yes,Medium,No,High,Graphic Designer,Medium
Student_2739,16,Science,57,100,54,69,43,Medium,6,Yes,Medium,No,High,Doctor,Medium
Student_2740,22,Arts,61,56,43,88,50,Medium,5,Yes,Low,No,High,Graphic Designer,Medium
Student_2741,18,Arts,73,57,60,83,86,Medium,4,No,Low,No,High,Software Engineer,Low
Student_2742,20,Commerce,64,48,95,92,50,High,8,Yes,Medium,Yes,High,Business Manager,Medium
Student_2743,22,Commerce,55,88,81,89,97,Medium,10,No,High,Yes,Low,Doctor,Medium
Student_2744,16,Commerce,90,63,46,69,98,Low,2,Yes,High,No,High,Business Manager,High
Student_2745,19,Commerce,55,81,77,91,51,High,4,No,Medium,No,High,Doctor,Medium
Student_2746,17,Arts,37,45,43,46,74,Low,10,No,Medium,No,High,Mechanical Engineer,Low
Student_2747,16,Commerce,58,58,47,74,64,Low,7,No,High,No,Low,Business Manager,Medium
Student_2748,17,Arts,50,68,61,57,88,Low,5,No,High,No,Medium,Mechanical Engineer,Medium
Student_2749,21,Science,73,88,54,89,75,High,10,No,Low,No,Medium,Data Scientist,Low
Student_2750,20,Commerce,37,78,77,78,52,Medium,10,No,Low,Yes,High,Business Manager,Low
Student_2751,19,Arts,58,68,76,50,90,Medium,9,Yes,High,Yes,Low,Teacher,Medium
Student_2752,21,Arts,56,84,74,90,84,High,7,Yes,Low,No,High,Doctor,Medium
Student_2753,22,Commerce,62,75,44,53,58,High,4,No,Low,Yes,Medium,Business Manager,Low
Student_2754,18,Arts,70,46,63,32,88,Medium,7,Yes,High,Yes,High,Mechanical Engineer,Medium
Student_2755,20,Science,85,60,51,67,55,Low,9,Yes,Low,Yes,Low,Mechanical Engineer,Medium
Student_2756,22,Commerce,49,80,62,100,44,High,8,Yes,Medium,No,High,Business Manager,Medium
Student_2757,16,Arts,71,71,98,74,78,High,6,Yes,High,Yes,Medium,Teacher,Medium
Student_2758,19,Science,53,42,48,100,73,High,6,Yes,Medium,No,Medium,Graphic Designer,Medium
Student_2759,22,Science,87,37,67,32,77,Medium,1,No,Low,Yes,Medium,Mechanical Engineer,Low
Student_2760,21,Science,48,44,83,86,89,High,1,No,High,No,Low,Graphic Designer,High
Student_2761,20,Commerce,69,60,48,63,97,Low,5,Yes,Low,No,High,Business Manager,Medium
Student_2762,22,Science,71,68,61,97,84,Medium,2,No,High,No,High,Software Engineer,Medium
Student_2763,19,Commerce,74,100,65,97,76,High,1,No,Medium,No,Low,Software Engineer,Medium
Student_2764,20,Commerce,68,66,51,97,52,Low,5,Yes,High,No,Low,Business Manager,High
Student_2765,19,Science,41,56,88,43,72,High,3,Yes,High,No,High,Mechanical Engineer,Medium
Student_2766,21,Commerce,92,54,47,83,45,High,1,Yes,High,No,High,Data Scientist,High
Student_2767,20,Arts,72,89,80,92,77,Low,7,No,Low,No,High,Data Scientist,Low
Student_2768,20,Commerce,84,38,94,52,54,Low,5,No,Low,No,Low,Business Manager,Medium
Student_2769,19,Commerce,64,43,90,99,93,Low,3,Yes,High,Yes,Low,Business Manager,Medium
Student_2770,21,Science,96,91,88,63,47,Medium,3,Yes,Low,No,Medium,Doctor,Medium
Student_2771,18,Commerce,66,38,66,97,84,Low,2,Yes,Medium,Yes,High,Business Manager,Medium
Student_2772,22,Arts,78,52,41,66,53,Low,1,Yes,High,No,High,Mechanical Engineer,High
Student_2773,21,Commerce,45,51,83,94,61,High,6,No,Low,Yes,High,Business Manager,Low
Student_2774,19,Arts,82,44,94,58,56,Low,1,Yes,Low,Yes,Medium,Lawyer,High
Student_2775,17,Commerce,46,36,82,47,65,High,3,Yes,Low,No,High,Business Manager,Medium
Student_2776,22,Commerce,46,66,82,53,91,Low,2,No,Low,No,Medium,Business Manager,Medium
Student_2777,18,Science,41,89,38,69,43,Medium,8,No,High,No,High,Doctor,Medium
Student_2778,19,Arts,40,72,49,43,74,Low,2,No,Low,No,Medium,Mechanical Engineer,Medium
Student_2779,19,Science,69,64,35,87,63,High,8,Yes,High,No,High,Graphic Designer,Medium
Student_2780,16,Arts,49,36,81,65,44,Medium,2,Yes,High,Yes,Medium,Lawyer,High
Student_2781,21,Science,64,46,42,53,57,Low,4,Yes,Low,Yes,Medium,Mechanical Engineer,Medium
Student_2782,18,Arts,49,77,72,36,61,Low,2,No,High,Yes,High,Mechanical Engineer,Medium
Student_2783,16,Commerce,78,80,59,85,47,High,8,Yes,High,No,Medium,Software Engineer,High
Student_2784,17,Science,53,80,68,72,67,Low,6,No,Low,No,Low,Graphic Designer,Low
Student_2785,21,Science,72,80,44,42,94,Low,8,No,Low,Yes,High,Mechanical Engineer,Low
Student_2786,16,Arts,51,44,91,85,54,Low,8,Yes,Low,No,High,Lawyer,Medium
Student_2787,21,Science,58,90,68,82,65,High,6,Yes,Medium,No,Medium,Doctor,Medium
Student_2788,18,Arts,69,93,70,100,52,High,6,Yes,Low,Yes,Low,Doctor,Medium
Student_2789,16,Arts,49,57,80,50,76,Low,8,No,Medium,No,High,Lawyer,Low
Student_2790,20,Arts,54,55,90,54,69,High,1,Yes,Medium,Yes,High,Teacher,Medium
Student_2791,22,Commerce,100,46,82,39,46,Medium,5,Yes,Low,Yes,Low,Business Manager,Medium
Student_2792,18,Arts,42,60,82,39,62,High,3,Yes,Medium,No,High,Teacher,Medium
Student_2793,16,Commerce,81,65,91,90,79,Medium,4,No,Medium,Yes,Medium,Data Scientist,Low
Student_2794,22,Commerce,39,68,88,44,77,Low,9,Yes,High,No,High,Business Manager,Medium
Student_2795,19,Commerce,76,44,73,50,43,Low,6,Yes,Medium,No,Low,Business Manager,High
Student_2796,17,Commerce,85,62,81,69,98,Low,6,Yes,High,No,Medium,Business Manager,Medium
Student_2797,18,Science,94,82,93,62,97,Medium,8,Yes,High,Yes,Medium,Doctor,Medium
Student_2798,20,Science,95,56,85,79,71,High,10,Yes,Medium,No,High,Software Engineer,Medium
Student_2799,19,Arts,75,74,53,64,65,Medium,9,No,Low,Yes,Low,Mechanical Engineer,Low
Student_2800,22,Arts,35,88,65,91,75,Medium,8,No,Low,No,High,Doctor,Low
Student_2801,18,Arts,70,97,42,91,70,Low,6,Yes,Medium,Yes,High,Doctor,Low
Student_2802,19,Arts,80,78,85,56,68,High,8,Yes,High,No,High,Lawyer,Medium
Student_2803,21,Commerce,52,61,40,59,98,Low,7,Yes,High,No,Low,Business Manager,High
Student_2804,16,Commerce,59,42,38,69,74,Medium,3,No,High,Yes,Medium,Business Manager,Low
Student_2805,19,Commerce,50,100,35,85,81,Medium,2,No,Low,No,Low,Doctor,Medium
Student_2806,18,Science,62,71,59,78,60,High,3,No,Low,Yes,High,Graphic Designer,Low
Student_2807,19,Commerce,93,71,59,97,72,Low,2,No,Low,No,Low,Data Scientist,Medium
Student_2808,19,Arts,70,47,42,47,79,Low,3,No,Low,No,High,Mechanical Engineer,Low
Student_2809,19,Commerce,86,85,98,71,83,Medium,3,No,High,No,High,Doctor,Medium
Student_2810,18,Commerce,92,69,62,47,97,Medium,8,No,High,Yes,High,Business Manager,Low
Student_2811,20,Commerce,91,38,68,74,47,Low,9,Yes,Medium,Yes,Low,Business Manager,Medium
Student_2812,18,Science,50,90,53,57,89,Medium,6,Yes,Medium,No,High,Doctor,Medium
Student_2813,19,Science,86,49,70,78,64,Medium,3,No,High,No,High,Data Scientist,Medium
Student_2814,20,Science,62,55,57,76,68,Medium,5,No,Medium,Yes,High,Graphic Designer,Low
Student_2815,19,Science,65,40,75,40,81,High,4,No,Medium,No,Low,Mechanical Engineer,Low
Student_2816,20,Science,83,91,39,82,44,Low,10,Yes,Low,Yes,Low,Data Scientist,Medium
Student_2817,16,Science,84,62,69,77,57,High,2,No,High,Yes,Medium,Software Engineer,High
Student_2818,21,Arts,74,48,77,61,61,High,4,No,Medium,Yes,Medium,Teacher,Low
Student_2819,18,Commerce,88,51,78,51,62,Low,1,No,High,Yes,Low,Business Manager,Medium
Student_2820,20,Commerce,66,45,69,31,49,High,8,No,Medium,No,Medium,Business Manager,Medium
Student_2821,21,Arts,78,74,36,78,80,High,4,Yes,Low,Yes,Low,Software Engineer,Medium
Student_2822,22,Arts,80,78,40,89,87,Low,9,Yes,Low,No,Medium,Software Engineer,Medium
Student_2823,22,Arts,96,63,53,34,52,Medium,2,Yes,Low,Yes,Low,Mechanical Engineer,High
Student_2824,17,Science,80,79,54,53,65,Medium,9,Yes,High,Yes,High,Mechanical Engineer,Medium
Student_2825,17,Arts,38,37,70,53,74,Low,7,No,Low,No,Medium,Mechanical Engineer,Low
Student_2826,21,Arts,67,87,82,56,73,Low,10,Yes,Medium,No,Low,Doctor,Medium
Student_2827,18,Arts,80,67,46,62,75,Medium,5,No,Low,Yes,High,Mechanical Engineer,Low
Student_2828,16,Science,42,50,81,71,75,Low,8,No,Medium,No,Medium,Graphic Designer,Low
Student_2829,19,Science,57,70,72,61,97,High,3,Yes,Low,Yes,Low,Mechanical Engineer,Medium
Student_2830,22,Arts,84,51,44,51,94,Medium,4,No,Medium,No,Low,Mechanical Engineer,Low
Student_2831,21,Commerce,73,95,47,72,52,Medium,7,Yes,Medium,No,Low,Doctor,High
Student_2832,20,Commerce,51,73,64,32,51,Low,8,No,Medium,No,Medium,Business Manager,Medium
Student_2833,22,Science,41,85,79,95,40,Medium,3,Yes,High,Yes,Low,Doctor,High
Student_2834,16,Commerce,62,35,41,65,44,Low,7,No,Medium,Yes,High,Business Manager,Low
Student_2835,22,Arts,68,37,80,87,89,High,1,No,Low,Yes,Medium,Teacher,Low
Student_2836,19,Science,73,58,71,98,84,High,4,Yes,Medium,Yes,High,Software Engineer,Low
Student_2837,22,Arts,97,96,50,32,73,High,9,No,Medium,Yes,High,Doctor,Low
Student_2838,17,Commerce,95,48,99,44,45,Medium,4,Yes,Medium,No,Medium,Business Manager,Medium
Student_2839,21,Arts,56,89,100,44,51,Medium,7,No,High,No,Medium,Doctor,Medium
Student_2840,21,Science,80,68,94,49,49,Low,4,No,High,No,Low,Mechanical Engineer,High
Student_2841,19,Science,78,61,78,69,72,High,5,No,Medium,Yes,Low,Mechanical Engineer,Low
Student_2842,22,Commerce,70,41,67,74,93,Medium,2,Yes,Low,No,Low,Business Manager,High
Student_2843,17,Commerce,47,88,62,46,66,Medium,7,No,Medium,No,High,Doctor,Low
Student_2844,19,Arts,51,84,54,99,89,High,5,No,Low,No,Medium,Doctor,Low
Student_2845,17,Arts,48,53,57,83,66,Medium,7,Yes,Medium,No,High,Graphic Designer,Medium
Student_2846,22,Arts,77,54,90,85,58,High,7,No,Medium,No,High,Software Engineer,Medium
Student_2847,19,Science,81,68,86,32,65,High,2,Yes,Medium,No,Medium,Mechanical Engineer,Medium
Student_2848,20,Arts,80,41,61,59,73,Medium,2,Yes,Medium,Yes,Medium,Mechanical Engineer,Medium
Student_2849,18,Commerce,40,72,93,96,53,Medium,6,Yes,Low,Yes,Medium,Business Manager,Medium
Student_2850,19,Science,74,46,55,75,83,Low,8,Yes,High,No,Low,Graphic Designer,High
Student_2851,16,Arts,51,80,53,99,72,Low,3,Yes,High,No,High,Graphic Designer,Medium
Student_2852,21,Arts,56,69,89,53,62,Low,5,Yes,Medium,No,Low,Lawyer,Medium
Student_2853,22,Science,67,76,51,32,98,High,4,Yes,Medium,No,High,Mechanical Engineer,Medium
Student_2854,22,Commerce,55,88,36,69,58,Low,5,No,Low,Yes,Medium,Doctor,Low
Student_2855,18,Arts,62,41,88,41,55,Low,9,Yes,High,Yes,Medium,Lawyer,High
Student_2856,21,Commerce,49,54,77,70,94,High,7,Yes,Low,Yes,Medium,Business Manager,Low
Student_2857,21,Arts,58,48,68,47,46,High,7,No,High,No,High,Mechanical Engineer,Medium
Student_2858,18,Commerce,67,82,51,77,57,Medium,9,Yes,High,Yes,Medium,Doctor,High
Student_2859,18,Science,57,97,53,93,88,Low,10,Yes,Low,Yes,High,Doctor,Low
Student_2860,17,Science,35,69,99,59,62,Medium,3,No,Low,No,Low,Mechanical Engineer,Low
Student_2861,18,Commerce,86,37,93,57,59,High,3,Yes,Low,Yes,Medium,Business Manager,Medium
Student_2862,20,Arts,74,84,98,94,60,Medium,6,No,High,No,High,Software Engineer,Medium
Student_2863,20,Commerce,35,76,62,37,98,Medium,2,No,High,No,Medium,Business Manager,Medium
Student_2864,22,Science,88,68,90,41,41,High,10,Yes,Low,Yes,Medium,Mechanical Engineer,Medium
Student_2865,17,Science,84,46,42,77,90,High,10,Yes,Medium,Yes,High,Data Scientist,Low
Student_2866,18,Arts,40,45,96,42,72,Low,2,Yes,High,Yes,High,Teacher,High
Student_2867,20,Commerce,91,37,54,97,63,High,2,No,High,No,Medium,Software Engineer,Medium
Student_2868,22,Arts,66,98,81,76,73,Low,2,No,High,No,Medium,Doctor,Medium
Student_2869,16,Arts,52,97,63,90,62,Low,2,No,Medium,Yes,High,Doctor,Low
Student_2870,22,Science,87,50,78,54,63,Medium,2,Yes,Low,No,High,Mechanical Engineer,Medium
Student_2871,22,Commerce,95,50,68,32,85,High,9,Yes,Medium,Yes,Low,Business Manager,Medium
Student_2872,21,Science,73,99,82,95,92,Low,5,No,Medium,Yes,Low,Software Engineer,Low
Student_2873,17,Commerce,73,68,88,63,88,Medium,5,No,Low,No,Low,Business Manager,Low
Student_2874,22,Arts,52,72,36,70,48,Medium,1,No,Medium,Yes,High,Mechanical Engineer,Medium
Student_2875,22,Commerce,47,93,65,92,63,High,3,No,Low,Yes,High,Doctor,Low
Student_2876,20,Science,94,47,100,35,82,High,3,No,Medium,Yes,Medium,Mechanical Engineer,Low
Student_2877,20,Science,43,52,47,100,75,High,8,No,High,No,Medium,Graphic Designer,Medium
Student_2878,20,Commerce,37,73,72,99,69,High,3,No,Medium,Yes,High,Business Manager,Low
Student_2879,16,Commerce,59,64,72,64,47,High,5,No,High,Yes,Low,Business Manager,Medium
Student_2880,20,Commerce,55,50,86,52,83,Medium,7,No,Low,Yes,Low,Business Manager,Low
Student_2881,18,Arts,99,73,68,48,75,High,7,Yes,Medium,Yes,Medium,Mechanical Engineer,Low
Student_2882,18,Commerce,72,73,55,60,50,High,4,Yes,Low,No,Medium,Business Manager,Medium
Student_2883,20,Arts,79,39,96,87,51,Medium,3,Yes,High,No,Low,Software Engineer,High
Student_2884,16,Science,50,67,97,65,53,Medium,2,No,Medium,Yes,High,Mechanical Engineer,Medium
Student_2885,22,Commerce,80,65,84,71,42,Low,5,No,High,Yes,Low,Business Manager,Medium
Student_2886,18,Science,51,39,50,100,71,High,2,Yes,Low,No,Low,Graphic Designer,High
Student_2887,22,Science,37,100,75,86,44,Low,1,No,High,Yes,Medium,Doctor,High
Student_2888,20,Science,43,99,52,36,99,Medium,7,Yes,Medium,No,High,Doctor,Medium
Student_2889,19,Arts,40,46,98,55,68,Low,9,No,Low,Yes,High,Lawyer,Low
Student_2890,21,Arts,70,90,72,30,87,Medium,9,Yes,Low,Yes,High,Doctor,Low
Student_2891,19,Science,64,90,86,93,92,Medium,5,Yes,High,Yes,Low,Doctor,Medium
Student_2892,20,Commerce,76,87,83,40,98,Low,10,No,Low,No,High,Doctor,Low
Student_2893,21,Science,39,79,67,34,61,Low,5,No,Medium,Yes,High,Mechanical Engineer,Low
Student_2894,20,Science,70,93,39,94,62,High,3,No,High,No,High,Doctor,Medium
Student_2895,21,Commerce,58,80,78,33,80,Medium,9,Yes,Medium,Yes,Low,Business Manager,Medium
Student_2896,19,Science,38,64,98,70,82,High,3,Yes,Low,No,Medium,Mechanical Engineer,Medium
Student_2897,22,Science,67,84,52,64,81,Medium,8,No,High,No,Medium,Doctor,Medium
Student_2898,18,Commerce,74,52,46,66,94,High,9,Yes,Low,No,Medium,Business Manager,Medium
Student_2899,17,Commerce,94,68,49,71,75,Medium,5,No,High,No,Low,Business Manager,Medium
Student_2900,17,Arts,69,70,62,88,62,Medium,2,No,High,No,Medium,Graphic Designer,Medium
Student_2901,16,Commerce,41,84,92,71,96,Medium,1,Yes,High,No,Medium,Doctor,High
Student_2902,21,Science,72,52,98,60,47,High,2,No,Low,Yes,Medium,Mechanical Engineer,Medium
Student_2903,16,Science,65,40,79,74,55,Medium,1,No,High,No,Medium,Graphic Designer,High
Student_2904,18,Arts,45,75,80,83,53,Medium,10,Yes,Medium,Yes,High,Lawyer,Medium
Student_2905,20,Science,35,45,39,38,45,Low,2,Yes,Low,No,Medium,Mechanical Engineer,High
Student_2906,22,Science,41,85,40,76,92,Low,7,Yes,Medium,No,Medium,Doctor,Medium
Student_2907,22,Science,64,53,99,30,79,High,2,Yes,High,Yes,Medium,Mechanical Engineer,High
Student_2908,18,Commerce,92,68,95,58,94,Medium,8,Yes,Low,Yes,High,Business Manager,Low
Student_2909,21,Commerce,37,81,99,88,56,Medium,10,Yes,High,No,Low,Doctor,High
Student_2910,19,Commerce,54,90,74,64,41,High,5,No,Medium,No,Low,Doctor,Medium
Student_2911,16,Arts,56,98,58,84,78,Low,2,Yes,High,No,Low,Doctor,High
Student_2912,22,Commerce,78,54,53,71,84,Medium,5,No,High,Yes,High,Business Manager,Low
Student_2913,17,Commerce,44,80,98,66,75,Low,4,Yes,High,No,Low,Business Manager,High
Student_2914,20,Science,60,36,84,85,73,High,4,No,Low,Yes,Medium,Graphic Designer,Low
Student_2915,20,Arts,97,44,78,49,79,Medium,1,Yes,High,No,Low,Teacher,High
Student_2916,22,Science,52,36,50,39,64,Medium,1,Yes,Low,No,Medium,Mechanical Engineer,Medium
Student_2917,19,Science,86,76,88,93,54,Low,7,No,Medium,Yes,Low,Software Engineer,Medium
Student_2918,19,Arts,93,64,87,33,41,Low,2,No,High,No,Medium,Teacher,High
Student_2919,17,Science,95,89,63,82,93,Medium,6,No,Medium,Yes,Low,Data Scientist,Low
Student_2920,21,Arts,43,74,35,69,86,Medium,1,No,High,No,Low,Mechanical Engineer,High
Student_2921,21,Science,55,80,80,30,68,Medium,7,No,High,No,Medium,Mechanical Engineer,Medium
Student_2922,20,Arts,76,75,96,62,68,Low,7,No,Medium,No,Low,Lawyer,Low
Student_2923,17,Arts,38,53,96,82,55,Medium,8,Yes,High,Yes,Low,Teacher,High
Student_2924,20,Commerce,72,50,98,48,56,Low,3,No,Medium,No,Medium,Business Manager,Medium
Student_2925,22,Arts,77,91,68,73,47,Low,1,No,High,No,Medium,Doctor,High
Student_2926,19,Arts,62,78,38,69,82,High,6,No,Low,Yes,High,Mechanical Engineer,Low
Student_2927,22,Arts,77,74,51,87,50,Medium,6,No,Medium,No,High,Data Scientist,Medium
Student_2928,20,Commerce,38,44,70,77,96,High,10,No,High,Yes,Low,Business Manager,Medium
Student_2929,18,Arts,68,54,83,63,59,High,5,No,Low,Yes,Low,Teacher,Medium
Student_2930,17,Arts,48,68,77,72,57,Low,2,No,Low,Yes,Low,Teacher,Medium
Student_2931,17,Arts,54,42,63,57,84,Low,9,Yes,High,Yes,High,Mechanical Engineer,Medium
Student_2932,19,Science,51,83,79,52,46,High,3,Yes,Medium,No,High,Doctor,Medium
Student_2933,22,Science,47,68,78,59,85,Medium,1,Yes,Low,No,Low,Mechanical Engineer,High
Student_2934,21,Science,35,41,97,95,80,Low,7,Yes,Low,No,High,Graphic Designer,Medium
Student_2935,19,Science,39,39,76,51,51,High,1,Yes,High,No,High,Mechanical Engineer,High
Student_2936,16,Science,81,53,54,82,67,Low,2,Yes,Medium,Yes,High,Data Scientist,Medium
Student_2937,20,Commerce,54,94,97,38,87,Low,8,Yes,Medium,Yes,Medium,Doctor,Low
Student_2938,22,Arts,39,95,75,74,67,High,10,Yes,Medium,Yes,Medium,Doctor,Low
Student_2939,17,Commerce,44,63,41,84,81,Low,8,No,High,Yes,High,Business Manager,Low
Student_2940,17,Commerce,69,57,69,90,78,Medium,2,No,High,Yes,Low,Business Manager,Medium
Student_2941,19,Science,37,47,73,85,64,Low,2,Yes,High,No,Medium,Graphic Designer,High
Student_2942,20,Science,49,62,45,40,71,High,5,Yes,High,No,Medium,Mechanical Engineer,Medium
Student_2943,22,Science,97,84,81,33,45,Medium,2,Yes,Low,Yes,Low,Doctor,High
Student_2944,19,Arts,38,77,50,39,86,Medium,7,No,Medium,No,Low,Mechanical Engineer,Low
Student_2945,20,Commerce,51,82,83,95,59,Medium,8,Yes,Medium,Yes,Low,Doctor,Medium
Student_2946,21,Science,96,85,89,38,65,Low,4,No,High,No,Medium,Doctor,Medium
Student_2947,21,Arts,82,57,98,64,46,High,10,No,High,No,Medium,Teacher,Medium
Student_2948,22,Science,78,87,55,64,48,High,9,Yes,Medium,No,Low,Doctor,High
Student_2949,16,Science,38,49,86,85,44,Low,10,No,High,No,Medium,Graphic Designer,Medium
Student_2950,16,Science,35,64,58,38,52,Low,2,No,Medium,Yes,Medium,Mechanical Engineer,Medium
Student_2951,18,Science,65,98,59,89,82,Low,1,No,High,No,Medium,Doctor,Medium
Student_2952,22,Arts,36,87,81,32,40,High,6,No,Medium,No,Medium,Doctor,Medium
Student_2953,21,Science,62,97,85,47,53,Low,7,Yes,Low,Yes,Medium,Doctor,Medium
Student_2954,22,Arts,41,35,69,59,70,Medium,3,No,Medium,Yes,Medium,Mechanical Engineer,Low
Student_2955,16,Science,85,69,71,91,49,Low,2,No,Low,Yes,Medium,Data Scientist,Medium
Student_2956,18,Arts,53,55,93,74,58,Medium,4,Yes,High,Yes,Medium,Teacher,High
Student_2957,21,Arts,97,43,41,56,77,High,5,No,Medium,Yes,Low,Mechanical Engineer,Low
Student_2958,21,Arts,59,41,36,53,72,Medium,6,No,High,No,High,Mechanical Engineer,Medium
Student_2959,16,Science,85,88,36,90,74,Medium,9,Yes,Low,Yes,Low,Software Engineer,Medium
Student_2960,16,Arts,84,80,64,34,71,High,9,Yes,High,No,High,Mechanical Engineer,Medium
Student_2961,22,Science,87,38,68,98,64,High,5,Yes,High,Yes,Medium,Data Scientist,Medium
Student_2962,19,Science,38,63,98,52,75,High,4,No,Low,Yes,Low,Mechanical Engineer,Low
Student_2963,21,Commerce,94,52,68,36,92,Medium,4,Yes,High,Yes,Medium,Business Manager,Medium
Student_2964,16,Science,43,99,69,89,49,High,5,No,High,Yes,High,Doctor,Medium
Student_2965,18,Commerce,92,91,52,65,45,Medium,6,Yes,High,Yes,Low,Doctor,High
Student_2966,21,Arts,70,40,57,65,86,Medium,10,No,Medium,No,Medium,Mechanical Engineer,Low
Student_2967,18,Science,69,91,47,59,83,High,8,Yes,Low,Yes,High,Doctor,Low
Student_2968,21,Commerce,81,62,58,59,59,Medium,2,No,Low,Yes,Low,Business Manager,Medium
Student_2969,19,Arts,95,37,71,98,91,Medium,7,Yes,Low,No,Medium,Software Engineer,Medium
Student_2970,20,Science,71,56,93,69,53,High,5,No,High,Yes,Low,Mechanical Engineer,Medium
Student_2971,16,Arts,44,86,64,56,95,Low,7,No,Medium,No,Medium,Doctor,Low
Student_2972,18,Science,39,56,44,37,70,High,4,No,High,Yes,Low,Mechanical Engineer,Medium
Student_2973,20,Science,91,71,64,59,67,Low,5,Yes,High,Yes,Low,Mechanical Engineer,Medium
Student_2974,17,Commerce,84,100,53,33,55,High,2,Yes,High,Yes,High,Doctor,High
Student_2975,20,Arts,67,74,68,67,61,Low,10,Yes,Medium,Yes,High,Mechanical Engineer,Low
Student_2976,18,Arts,65,43,100,96,69,Low,1,Yes,High,No,Medium,Teacher,High
Student_2977,19,Commerce,52,81,72,41,49,Medium,2,No,Medium,Yes,High,Doctor,Medium
Student_2978,22,Science,46,63,97,63,80,High,5,No,Low,No,Low,Mechanical Engineer,Low
Student_2979,19,Arts,85,77,93,78,83,High,10,Yes,High,No,Low,Software Engineer,High
Student_2980,22,Commerce,69,35,73,92,73,High,2,Yes,High,No,Medium,Business Manager,High
Student_2981,21,Arts,80,62,60,67,83,High,4,Yes,Low,Yes,Medium,Mechanical Engineer,Low
Student_2982,16,Commerce,77,42,68,78,59,Low,10,Yes,Medium,Yes,High,Software Engineer,Medium
Student_2983,17,Commerce,92,66,99,77,87,High,5,No,High,Yes,Low,Data Scientist,Medium
Student_2984,17,Science,54,76,46,45,46,Medium,4,Yes,Medium,No,Low,Mechanical Engineer,High
Student_2985,20,Science,73,54,46,88,43,High,4,No,High,No,Low,Software Engineer,High
Student_2986,20,Commerce,73,87,93,43,93,High,1,No,Low,No,Low,Doctor,Medium
Student_2987,21,Arts,41,71,85,57,59,High,5,No,High,Yes,High,Teacher,Medium
Student_2988,22,Commerce,100,53,84,59,78,Low,8,No,Low,Yes,High,Business Manager,Low
Student_2989,17,Science,63,63,54,74,54,Low,5,No,Low,Yes,Medium,Graphic Designer,Low
Student_2990,22,Arts,93,90,97,52,70,High,5,Yes,High,No,High,Doctor,Medium
Student_2991,20,Commerce,93,75,80,60,67,High,3,Yes,Low,Yes,High,Business Manager,Low
Student_2992,17,Science,57,84,74,42,53,Medium,6,Yes,Medium,No,High,Doctor,Medium
Student_2993,18,Arts,72,72,58,79,95,Medium,5,No,Medium,No,Medium,Data Scientist,Low
Student_2994,18,Commerce,74,52,77,96,73,Low,2,Yes,Medium,Yes,Low,Software Engineer,Medium
Student_2995,18,Commerce,74,82,75,84,53,Medium,8,Yes,High,No,Low,Software Engineer,High
Student_2996,20,Commerce,44,72,57,93,77,Low,5,Yes,Medium,No,High,Business Manager,Medium
Student_2997,22,Arts,37,91,67,67,42,Low,1,Yes,Medium,Yes,Low,Doctor,High
Student_2998,16,Arts,81,90,88,82,73,Low,9,Yes,Medium,Yes,High,Data Scientist,Low
Student_2999,21,Science,46,86,79,78,54,Low,9,No,Low,Yes,Low,Doctor,Medium
Student_3000,20,Commerce,71,58,62,94,55,Medium,1,No,High,Yes,Medium,Software Engineer,High
